i,j,tau_sch,margin_sch_exact,margin_sch_float,tau_cau,margin_cau_exact,margin_cau_float,ratio_cau_over_sch
37,0,1,23820711124908557735061614818804013752933210503144881303405739170965056882268324169276506074315448121382197483819143736038154645962518062668285463187481959487100869460231624704309242001276843/432060091416662832208086197462045903076187300507345035675138555930629991053137928247451782226562500000000000000000000000000000000000000000000000000000000000000000000000000000000000000000000000,0.055132866002050494,1,23820711124908557735061614818804013752933210503144881303405739170965056882268324169276506074315448121382197483819143736038154645962518062668285463187481959487100869460231624704309242001276843/432060091416662832208086197462045903076187300507345035675138555930629991053137928247451782226562500000000000000000000000000000000000000000000000000000000000000000000000000000000000000000000000,0.055132866002050494,1.0
37,1,1,166845791754681945691200041291989583843013395509010883681853705523941239977720696969380976526069483851736262772892861376298432675617808247708104272285165382846515618314165502158756612954250401/3024420639916639825456603382234321321533311103551415249725969891514409937371965497732162475585937500000000000000000000000000000000000000000000000000000000000000000000000000000000000000000000000,0.05516619928876051,1,166845788934865769103991204931328028459453244391759707206358952583453254415953951588959268425000207452561502919044759149824295118053306502910521310948246711724039974671918778983707784829250401/3024420639916639825456603382234321321533311103551415249725969891514409937371965497732162475585937500000000000000000000000000000000000000000000000000000000000000000000000000000000000000000000000,0.05516619835641131,0.999999983099267
37,2,1,167145666370853329380312752726958346165951797498684783624316033805125282280546947657073075202045881842360314897110923528560754154222495126346793891457078865474187149891671241895313619790187901/3024420639916639825456603382234321321533311103551415249725969891514409937371965497732162475585937500000000000000000000000000000000000000000000000000000000000000000000000000000000000000000000000,0.055265350383093624,1,167145621318976755581368026157851697584993273851016216333294993825579608439838756609427065634698972165439022661068092707478914689938827957622396600232077165688252388725098671094532369790187901/3024420639916639825456603382234321321533311103551415249725969891514409937371965497732162475585937500000000000000000000000000000000000000000000000000000000000000000000000000000000000000000000000,0.05526533548705834,0.9999997304633883
37,3,1,167640656879609761936290268530678697841473264011525209971201552080189494338336221851591856923792060981909298836152920750750044791973354201741413024646039770768630852820555523292179464516750401/3024420639916639825456603382234321321533311103551415249725969891514409937371965497732162475585937500000000000000000000000000000000000000000000000000000000000000000000000000000000000000000000000,0.05542901495482134,1,167640429353573359501634925628988879640303587947533073080937654303292455071350884395811184504928877529976704282561370639726495820429754386497321348644894145163426593775133446113224386391750401/3024420639916639825456603382234321321533311103551415249725969891514409937371965497732162475585937500000000000000000000000000000000000000000000000000000000000000000000000000000000000000000000000,0.055428939725194415,0.9999986427753229
37,4,1,168326693049706264203574880947355054668919002843155835955810470765017198722352698618151542717219742194678110877010106143196155125660566098175080220642221561933092501012294481603260397133937901/3024420639916639825456603382234321321533311103551415249725969891514409937371965497732162475585937500000000000000000000000000000000000000000000000000000000000000000000000000000000000000000000000,0.05565584721520276,1,168325976378743913051340251344247481749092278574738609241066238784794456818729059666266620230088557626402740910447589689712990339573832323314293376141433714723370697347133348790760397133937901/3024420639916639825456603382234321321533311103551415249725969891514409937371965497732162475585937500000000000000000000000000000000000000000000000000000000000000000000000000000000000000000000000,0.05565561025379835,0.9999957423807873
37,5,1,169199581053722200019347005612439583960110364765715890042733066098883114720543389272240514108435282800652925904848747836076817734611799394969748300020182939140501187708579706184025167641750401/3024420639916639825456603382234321321533311103551415249725969891514409937371965497732162475585937500000000000000000000000000000000000000000000000000000000000000000000000000000000000000000000000,0.05594446050943024,1,169197838951982501235444747418290360205927935887964861989514616422701499593861174101083007708427293389444645046666765306188568395840344712293991954910324580685188632984065221778507589516750401/3024420639916639825456603382234321321533311103551415249725969891514409937371965497732162475585937500000000000000000000000000000000000000000000000000000000000000000000000000000000000000000000000,0.055943884497708624,0.9999897038649337
37,6,1,170255006946452643690720488052576134887273439014396662034374189584348948701036361117329283044586560957822905470800699758916105503437796094020885711621774106580397731243036990491505026040187901/3024420639916639825456603382234321321533311103551415249725969891514409937371965497732162475585937500000000000000000000000000000000000000000000000000000000000000000000000000000000000000000000000,0.05629342846673116,1,170251413665575072115444759219964442083148880851660213174385054256145880314527936906878078035101892033957003769106263972958804809642676327914526364639687952850346139250658755628223776040187901/3024420639916639825456603382234321321533311103551415249725969891514409937371965497732162475585937500000000000000000000000000000000000000000000000000000000000000000000000000000000000000000000000,0.05629224037773648,0.999978894712455
37,7,1,24498363128196895429520919186062621494812412598203912134395266613650419751120716129647043513971680898798270689277565238040950314184953837906385902607450485289832508334572511726327674618464343/432060091416662832208086197462045903076187300507345035675138555930629991053137928247451782226562500000000000000000000000000000000000000000000000000000000000000000000000000000000000000000000000,0.056701286730441336,1,24497418086660774123611113584135121020375952944218628002525738191582403370837824186566442359223249119298299137181517177915449794890680730608158572381917017152177217559571462684579627743464343/432060091416662832208086197462045903076187300507345035675138555930629991053137928247451782226562500000000000000000000000000000000000000000000000000000000000000000000000000000000000000000000000,0.056699099438546306,0.9999614242987919
37,8,1,172895649232514592612562566111772972898057056398850170905936504923839079460334925555166351298623542770645779461616332247287204654565885817237676650863219359150548650901891932622547506508937901/3024420639916639825456603382234321321533311103551415249725969891514409937371965497732162475585937500000000000000000000000000000000000000000000000000000000000000000000000000000000000000000000000,0.05716653528633504,1,172884445466562363171257692398235813677182093318423172531224973913209016490317080441565779166386666499975716512869831838422374458125251355239830695826932163169999792259313807622547506508937901/3024420639916639825456603382234321321533311103551415249725969891514409937371965497732162475585937500000000000000000000000000000000000000000000000000000000000000000000000000000000000000000000000,0.057162830852565356,0.9999351992603518
37,9,1,174471693328190081707454073473891050479978909048350642504886079213206724586183402770427015717981427375912015726310972472617014462283518115640714994876479000358871939055555947867985128579250401/3024420639916639825456603382234321321533311103551415249725969891514409937371965497732162475585937500000000000000000000000000000000000000000000000000000000000000000000000000000000000000000000000,0.05768764140328011,1,174453894284136393772045815102514895097799713567833034265906626938681845825782175347608379735737184210337036622052841168606090682647554112618163213504165109488953543290430196372623800454250401/3024420639916639825456603382234321321533311103551415249725969891514409937371965497732162475585937500000000000000000000000000000000000000000000000000000000000000000000000000000000000000000000000,0.05768175629463525,0.9998979831987977
38,0,1,215623431144973600900436357677843212420232615338773902352458562359432336866568808461642403591516015233831849749426402113966051984759160665003560425556077919264359349109959380281519871167248165660795287328916944829337377397699/4058327898659535110105525528125000000000000000000000000000000000000000000000000000000000000000000000000000000000000000000000000000000000000000000000000000000000000000000000000000000000000000000000000000000000000000000000000000,0.05313110141154291,1,215623431144973600900436357677843212420232615338773902352458562359432336866568808461642403591516015233831849749426402113966051984759160665003560425556077919264359349109959380281519871167248165660795287328916944829337377397699/4058327898659535110105525528125000000000000000000000000000000000000000000000000000000000000000000000000000000000000000000000000000000000000000000000000000000000000000000000000000000000000000000000000000000000000000000000000000,0.05313110141154291,1.0
38,1,1,1511702537294960802275672192458269814161301209451725372123848394984879490711305287095977312443369801629673058150459531729003193175835076838075758335138752224656196854453164303536379168941586342677511259270041113805361641783893/28408295290616745770738678696875000000000000000000000000000000000000000000000000000000000000000000000000000000000000000000000000000000000000000000000000000000000000000000000000000000000000000000000000000000000000000000000000000,0.05321341959558819,1,1511702288396010593694739725674352531826845934688751710051483949160015535796157774710072440361631282468027409417450257178523213014527885721312048764104029922638448378069576307195960315310336342677511259270041113805361641783893/28408295290616745770738678696875000000000000000000000000000000000000000000000000000000000000000000000000000000000000000000000000000000000000000000000000000000000000000000000000000000000000000000000000000000000000000000000000000,0.05321341083409977,0.9999998353519002
38,2,1,1518580666874528430568071179613933376042176559442365943767485507194688272400391665719916985323474271163772911371322361713251989497075802292285644757174358981987315512477178100131919093754133891833344003172908613805361641783893/28408295290616745770738678696875000000000000000000000000000000000000000000000000000000000000000000000000000000000000000000000000000000000000000000000000000000000000000000000000000000000000000000000000000000000000000000000000000,0.05345553653746043,1,1518576699451491386046732800429958738755600045529521658852395714578489035331803020868165157600229147293332171062637526771781690857123907747290028367580935617939339890339770158685217435654133891833344003172908613805361641783893/28408295290616745770738678696875000000000000000000000000000000000000000000000000000000000000000000000000000000000000000000000000000000000000000000000000000000000000000000000000000000000000000000000000000000000000000000000000000,0.05345539688025831,0.9999973874137057
38,3,1,1529782896170658631153516720204377330609311322750004989641493857197698182758685122534210359603045470793991132097645859962219499442032779189328656464216302003567984205647997782452218010108379807093065243011021113805361641783893/28408295290616745770738678696875000000000000000000000000000000000000000000000000000000000000000000000000000000000000000000000000000000000000000000000000000000000000000000000000000000000000000000000000000000000000000000000000000,0.053849866052186016,1,1529762936803719902436311599424730087301641225514166910667657971450348689239851362561348308393768555803380151931776546822590964987508288594988627294392597361316357618577370078878290865977129807093065243011021113805361641783893/28408295290616745770738678696875000000000000000000000000000000000000000000000000000000000000000000000000000000000000000000000000000000000000000000000000000000000000000000000000000000000000000000000000000000000000000000000000000,0.05384916346279322,0.9999869528107624
38,4,1,1545081498622552568633385452306572160069992943345648272677678286871415823185259527752107755892498981486023789817984974153193217611628282584339681579874993920926317253566182644988874480504324088456674978784378613805361641783893/28408295290616745770738678696875000000000000000000000000000000000000000000000000000000000000000000000000000000000000000000000000000000000000000000000000000000000000000000000000000000000000000000000000000000000000000000000000000,0.05438839194032501,1,1545018970000946271945143794460311432397084404604308155255492508476082836357556218692614408031883334801382727922012925715309728512871142550728971151956762063262707299367655581841647950904324088456674978784378613805361641783893/28408295290616745770738678696875000000000000000000000000000000000000000000000000000000000000000000000000000000000000000000000000000000000000000000000000000000000000000000000000000000000000000000000000000000000000000000000000000,0.05438619087120183,0.9999595305350157
38,5,1,1564237218126649944586381764179472369245671102792489343653856613242071361916222708375432264713590791423869041929859470602295118810860045851234526847707200041019430507626610546030126492441966735924173210492981113805361641783893/28408295290616745770738678696875000000000000000000000000000000000000000000000000000000000000000000000000000000000000000000000000000000000000000000000000000000000000000000000000000000000000000000000000000000000000000000000000000,0.05506269215116604,1,1564086281492204307374912185372308203773044410417322074257685662620015635670534888115312742244468381611825587324025540131104275357173511381333778376672470103676632767884112833268342972910716735924173210492981113805361641783893/28408295290616745770738678696875000000000000000000000000000000000000000000000000000000000000000000000000000000000000000000000000000000000000000000000000000000000000000000000000000000000000000000000000000000000000000000000000000,0.055057379032835585,0.9999035078358343
38,6,1,1587000383417993029005981109596282564698030573844263776486078457726521016746082218449150960957446437545554882212282647489268764237707713112148934527385065223108441351018477907660851458421307749495559938136828613805361641783893/28408295290616745770738678696875000000000000000000000000000000000000000000000000000000000000000000000000000000000000000000000000000000000000000000000000000000000000000000000000000000000000000000000000000000000000000000000000000,0.05586397801004902,1,1586691718538912488071153013446084925717849204969107591009199811663310914437368971205122418357118042897740531840829640064664882336945046232812556345601089291126415957888434650478017152321307749495559938136828613805361641783893/28408295290616745770738678696875000000000000000000000000000000000000000000000000000000000000000000000000000000000000000000000000000000000000000000000000000000000000000000000000000000000000000000000000000000000000000000000000000,0.05585311270201406,0.999805504218962
38,7,1,230444637596970338428071601511298794074312931735863823426408667984426024463280644758789157637387773334267354995603828625220415319902481674785215924497327327411924099817899959394652316563192447024405023102274444829337377397699/4058327898659535110105525528125000000000000000000000000000000000000000000000000000000000000000000000000000000000000000000000000000000000000000000000000000000000000000000000000000000000000000000000000000000000000000000000000000,0.05678314895971963,1,230364279896358067196537800871803478784106979280120685256411489892047376174381804630072492927626821051170087434420158993838688452476118490574537267599357340272196700247217214630985521044442447024405023102274444829337377397699/4058327898659535110105525528125000000000000000000000000000000000000000000000000000000000000000000000000000000000000000000000000000000000000000000000000000000000000000000000000000000000000000000000000000000000000000000000000000,0.056763348267755136,0.9996512928161392
38,8,1,1642308066699286181930993104923157172708080585559580880575829154978638747070297802220227450814570810435038900617993914984458572935277250756145570382870464986838632997524909520013427027505084874949998881230258613805361641783893/28408295290616745770738678696875000000000000000000000000000000000000000000000000000000000000000000000000000000000000000000000000000000000000000000000000000000000000000000000000000000000000000000000000000000000000000000000000000,0.05781086298556395,1,1641366570656179174613785051262016954682766354178045043758617157029530270298523236313806749509407050042730571546808460208988783566110382142799919093077441158876873730348476509657802553905084874949998881230258613805361641783893/28408295290616745770738678696875000000000000000000000000000000000000000000000000000000000000000000000000000000000000000000000000000000000000000000000000000000000000000000000000000000000000000000000000000000000000000000000000000,0.05777772139669085,0.9994267238515127
38,9,1,1674317386598655474116567698618378104944868443861254548300736343246783940067833914848650591905899332735290940868788071903686434741089468282214883252746536447897056225989459433888229580609520986833051096679841113805361641783893/28408295290616745770738678696875000000000000000000000000000000000000000000000000000000000000000000000000000000000000000000000000000000000000000000000000000000000000000000000000000000000000000000000000000000000000000000000000000,0.05893762260179273,1,1672841622712532414368348015431503239899728491119861290515525742066827753609051085974415133636624047189170916304399955352840034660624580647077715724862988070109302673268615444400130905978270986833051096679841113805361641783893/28408295290616745770738678696875000000000000000000000000000000000000000000000000000000000000000000000000000000000000000000000000000000000000000000000000000000000000000000000000000000000000000000000000000000000000000000000000000,0.05888567425814782,0.9991185877313733
39,0,1,578584617518142108034153033783240453359493926587492764121219685177747014075132381739373802767349248513141345921128775668514949711177267631/11109226234542414330490473611560041631509134102121982028481220033312606813857836840497839148156344890594482421875000000000000000000000000000,0.0520814506161665,1,578584617518142108034153033783240453359493926587492764121219685177747014075132381739373802767349248513141345921128775668514949711177267631/11109226234542414330490473611560041631509134102121982028481220033312606813857836840497839148156344890594482421875000000000000000000000000000,0.0520814506161665,1.0
39,1,1,147682063677643443410551273699662725897519357288256218886613034225288346262598139979159735719148987544860039591940836198038057833628918384353212933/2830674925971105835709036062424789277953721197464798240881703877969144400594814214855432510375976562500000000000000000000000000000000000000000000000,0.05217203230320729,1,147682027643226445595196484939146395967949520975752565813059298934171439206086555177746445598765483931700681569672739934016991197545480103103212933/2830674925971105835709036062424789277953721197464798240881703877969144400594814214855432510375976562500000000000000000000000000000000000000000000000,0.05217201957323372,0.9999997560000443
39,2,1,289908113094375557430070190737837701738524972437118365968666411953579978093613961327848095915012424180373592836685885749341622695997877083642109/5528661964787316085369211059423416558503361713798434064222077886658485157411746513389516621828079223632812500000000000000000000000000000000000000,0.05243730127485342,1,289906992022101926714239115591185657871464420026123302679494627869041974589124693549296759349499193162161343368934290049249788359543384896142109/5528661964787316085369211059423416558503361713798434064222077886658485157411746513389516621828079223632812500000000000000000000000000000000000000,0.05243709850024344,0.9999961330082775
39,3,1,87977347857620176987294863614893801984965479120133376500137782997331318983113111233743128357780123735841844819104561391673141026305624681471833/1664124001158792378429768408245026030543045971466665632499531968235828571778256446123123168945312500000000000000000000000000000000000000000000000,0.052867062668622185,1,87975652202629887116097736391774984718471014129634390928461816105188983513534652885298649167797234721577408302750615004533246223039218431471833/1664124001158792378429768408245026030543045971466665632499531968235828571778256446123123168945312500000000000000000000000000000000000000000000000,0.05286604372112241,0.9999807262320178
39,4,1,23557855442926174061873830253171566058443663290684102919583419335581892765498256023784855190160638709520807237349491180741408863453662566511/440741546937764356295377157160667774115382789684186389048316158056320564206931322814853047020733356475830078125000000000000000000000000000000,0.053450498612178036,1,23556450800953624036859684757029691926254233536652892096956862793299592289429207653563029938747042460368997964510786368343822681776416472761/440741546937764356295377157160667774115382789684186389048316158056320564206931322814853047020733356475830078125000000000000000000000000000000,0.05344731161521279,0.9999403747944734
39,5,1,153355243791549443681455943775796788011522206728815604218522634127817748043684176277282953375270833715622393513694576752339075196235039418344337933/2830674925971105835709036062424789277953721197464798240881703877969144400594814214855432510375976562500000000000000000000000000000000000000000000000,0.05417621161106608,1,153333512738794823168033727158953241676822685479196676039050082339637110850264121022849624371838657671841664946435359259572093476605644887094337933/2830674925971105835709036062424789277953721197464798240881703877969144400594814214855432510375976562500000000000000000000000000000000000000000000000,0.05416853462472079,0.9998582959915987
39,6,1,1252077987593112491724019128870887081060620633363279234215192250035698119485254674019961245613531836703619134029427084897742429302372433217663/22751695328342864548844489956474965261330706641145819194329538628224218754780849849339574575424194335937500000000000000000000000000000000000000,0.05503229405649344,1,1251721714393184104091775106991784125420476416811094114886052828955385849871232851115339492236734853901390173721414783807357220796708370717663/22751695328342864548844489956474965261330706641145819194329538628224218754780849849339574575424194335937500000000000000000000000000000000000000,0.05501663486297898,0.9997154544657292
39,7,1,158535981627839932890826629457591430341158048934810971713164681208967592481843484339758867041696224175661360234200480724973547102411668264835462933/2830674925971105835709036062424789277953721197464798240881703877969144400594814214855432510375976562500000000000000000000000000000000000000000000000,0.05600642453617374,1,158455448760859571169046783468706358907328469161942366466054895075429700124374431229369951101166980292248111376403876071725532992052917483585462933/2830674925971105835709036062424789277953721197464798240881703877969144400594814214855432510375976562500000000000000000000000000000000000000000000000,0.05597797447776488,0.9994920215199512
39,8,1,154106029038400383644179294291022982227282153635821516376957479079496246075905581890974295520804807022236206632792449461208593850643189346833/2699541974993806682309185087609090116456719586815641632920936468094963455767454352240974913001991808414459228515625000000000000000000000000000,0.05708599105548412,1,153977935530509907541743274717548389482966327886754580047623143860315963595269026318928015059550136863221085251548699998688080175179322159333/2699541974993806682309185087609090116456719586815641632920936468094963455767454352240974913001991808414459228515625000000000000000000000000000,0.05703854096614414,0.9991687962587203
39,9,1,678642556001471605852160412417710897247083842993296459826436299373393887948771701596673528613648712293293487828618530965581065612118104671427831/11648868008111546649008378857715182213801321800266659427496723777650800002447795122861862182617187500000000000000000000000000000000000000000000000,0.0582582406744507,1,677779654690213528847346615615328333316908466800065840829050865485094645940909303441516819913582927772072451428491963269514435304597010921427831/11648868008111546649008378857715182213801321800266659427496723777650800002447795122861862182617187500000000000000000000000000000000000000000000000,0.058184164694651014,0.998728489241314
40,0,1,6943523716585930350438623706944316624016354030804314529188460996388875104527960260855744327071357589137422184362164898249068606242852845586559912703416054020559894669151982212690099463691684943234522267911554596516016982912683375594239685044768903381289517677101/135562709335778198229182662545614514964464708306190640343750000000000000000000000000000000000000000000000000000000000000000000000000000000000000000000000000000000000000000000000000000000000000000000000000000000000000000000000000000000000000000000000000000000000000,0.05122001286789988,1,6943523716585930350438623706944316624016354030804314529188460996388875104527960260855744327071357589137422184362164898249068606242852845586559912703416054020559894669151982212690099463691684943234522267911554596516016982912683375594239685044768903381289517677101/135562709335778198229182662545614514964464708306190640343750000000000000000000000000000000000000000000000000000000000000000000000000000000000000000000000000000000000000000000000000000000000000000000000000000000000000000000000000000000000000000000000000000000000000,0.05122001286789988,1.0
40,1,1,48693259355395944948418446596744482449734733847642746657980738384476163272503990344029364696017204927004645425404060765556675239997990774626123622938919250243055051183184783452879975501675964081103118354292593527164546745226497480753688782542382323669026623739707/948938965350447387604278637819301604751252958143334482406250000000000000000000000000000000000000000000000000000000000000000000000000000000000000000000000000000000000000000000000000000000000000000000000000000000000000000000000000000000000000000000000000000000000000,0.05131337328677752,1,48693244504381552465795751572540338264174828730137019032077606141670629813359255180550857616874679295700963185559287950818936668673552535154634118749617891886871318460724035003841526631160973622046117208465380706892977745226497480753688782542382323669026623739707/948938965350447387604278637819301604751252958143334482406250000000000000000000000000000000000000000000000000000000000000000000000000000000000000000000000000000000000000000000000000000000000000000000000000000000000000000000000000000000000000000000000000000000000000,0.0513133576366515,0.9999996950088249
40,2,1,48951832391746534429216565307679471416357616670881799581969407440678867609069779238008466889270445524022402222680150901270751741637254606741815086325844867652533304137345114070740746911360106896520669243305122157767830339739639035535721744229382323669026623739707/948938965350447387604278637819301604751252958143334482406250000000000000000000000000000000000000000000000000000000000000000000000000000000000000000000000000000000000000000000000000000000000000000000000000000000000000000000000000000000000000000000000000000000000000,0.051585859764614474,1,48951595948286498562624660930487928969944289807897078441470261165760871686109807752334508183661906624315074098859218799777726151822250031088382484835339404397219794274033319915741084659044483551608650910069717033422726339739639035535721744229382323669026623739707/948938965350447387604278637819301604751252958143334482406250000000000000000000000000000000000000000000000000000000000000000000000000000000000000000000000000000000000000000000000000000000000000000000000000000000000000000000000000000000000000000000000000000000000000,0.05158561059847348,0.9999951698751919
40,3,1,49369020526169900194713638531885060298109235625661025537864844779613662460317333072970783839971100301391149541821726311250888342041189934846395719785338716864131366810497447226962360513988928043874695791931851795259969663928208293505776680374382323669026623739707/948938965350447387604278637819301604751252958143334482406250000000000000000000000000000000000000000000000000000000000000000000000000000000000000000000000000000000000000000000000000000000000000000000000000000000000000000000000000000000000000000000000000000000000000,0.052025496189776234,1,49367833373539167889888878968500812818935680753091389250114760004437752670725635005563632336696689314275192365335793832153924203992709350468204485463038185082097045187989266754657517627251724860257602979927613353262880663928208293505776680374382323669026623739707/948938965350447387604278637819301604751252958143334482406250000000000000000000000000000000000000000000000000000000000000000000000000000000000000000000000000000000000000000000000000000000000000000000000000000000000000000000000000000000000000000000000000000000000000,0.0520242451581777,0.9999759534903047
40,4,1,49932744275665343122551548476346979384002161045253187834140246186904284624769142972376290655853553233661420706909683173178899296539397327004561959964767871059541824969069914698565581361646803751386441344482555319370964717792205254663853590977382323669026623739707/948938965350447387604278637819301604751252958143334482406250000000000000000000000000000000000000000000000000000000000000000000000000000000000000000000000000000000000000000000000000000000000000000000000000000000000000000000000000000000000000000000000000000000000000,0.05261955309973488,1,49929035487067838533158092448734076066974919196059943138581967504025575639248092016041467748554348947317813700544529132903998904582334815911253351814643994280653391703932794113964244583747166232794148012716073329849300717792205254663853590977382323669026623739707/948938965350447387604278637819301604751252958143334482406250000000000000000000000000000000000000000000000000000000000000000000000000000000000000000000000000000000000000000000000000000000000000000000000000000000000000000000000000000000000000000000000000000000000000,0.05261564474658159,0.999925724318755
40,5,1,50630266351884139133488786060716969981988066813399243592546620169096619889968483218691272291887876843593401245562929698987721714728364871018801562333544889905096117149401997432778818729207781480518005340063394761722815501331629919009952476038382323669026623739707/948938965350447387604278637819301604751252958143334482406250000000000000000000000000000000000000000000000000000000000000000000000000000000000000000000000000000000000000000000000000000000000000000000000000000000000000000000000000000000000000000000000000000000000000,0.05335460783105914,1,50621345839423301852531575230396429929638491657488511810293681186659233980045314458546738566494572822804855151207158960171227438506661667705204726228459716468718945630240788538598173383658744569892289198055382091992190501331629919009952476038382323669026623739707/948938965350447387604278637819301604751252958143334482406250000000000000000000000000000000000000000000000000000000000000000000000000000000000000000000000000000000000000000000000000000000000000000000000000000000000000000000000000000000000000000000000000000000000000,0.053345207318711604,0.9998238106748474
40,6,1,51448282600616797696513644046959125091244454202569305831659929556548718652027669567229766237966737133527788397322439092060250012574686628236608948130039306009443149049902291311310607008055579925972343312576921305829522014546482286544073335557382323669026623739707/948938965350447387604278637819301604751252958143334482406250000000000000000000000000000000000000000000000000000000000000000000000000000000000000000000000000000000000000000000000000000000000000000000000000000000000000000000000000000000000000000000000000000000000000,0.054216640352224045,1,51430120429079853889366315501161133979817386525975375878249074081020209289721068667652295289970609979843806192549532449832352665886824644459193921744604593414673995517643374344146964569019624988098858320509106233876098014546482286544073335557382323669026623739707/948938965350447387604278637819301604751252958143334482406250000000000000000000000000000000000000000000000000000000000000000000000000000000000000000000000000000000000000000000000000000000000000000000000000000000000000000000000000000000000000000000000000000000000000,0.05419750090047834,0.9996469819667658
40,7,1,7481863945427814040970513446607954530465869113514148698314486678530508315869988263358319855064745626086713551879862635267179187440934701897594539167781811627826844292561177343022619754817655573670466698674582183871012036776680336752316595647768903381289517677101/135562709335778198229182662545614514964464708306190640343750000000000000000000000000000000000000000000000000000000000000000000000000000000000000000000000000000000000000000000000000000000000000000000000000000000000000000000000000000000000000000000000000000000000000,0.05519116563903886,1,7477160339073409220452014784052125955545794002901972269700511376648759091315694485421537325968962369667997756080359867481389855205521463036095510971274337223058746237166552480957906010184760117119073679940584830722845036776680336752316595647768903381289517677101/135562709335778198229182662545614514964464708306190640343750000000000000000000000000000000000000000000000000000000000000000000000000000000000000000000000000000000000000000000000000000000000000000000000000000000000000000000000000000000000000000000000000000000000000,0.0551564687347246,0.9993713322791336
40,8,1,53390535025652582520380032042712791729107291638552560154261909287386119450444683539789797098344208148199577326342557132068776435804883589701226340648220508575325091841387844691953246597454869910865443797994186192823502230002470131176380977969382323669026623739707/948938965350447387604278637819301604751252958143334482406250000000000000000000000000000000000000000000000000000000000000000000000000000000000000000000000000000000000000000000000000000000000000000000000000000000000000000000000000000000000000000000000000000000000000,0.05626340257398454,1,53335760900060485829828915400269971425644369794907490306180919094000191379638351857108035483512386394818056358165983231370283796902004939619610253820794829702096818661695412643500450736682173613388750489730474360476878230002470131176380977969382323669026623739707/948938965350447387604278637819301604751252958143334482406250000000000000000000000000000000000000000000000000000000000000000000000000000000000000000000000000000000000000000000000000000000000000000000000000000000000000000000000000000000000000000000000000000000000000,0.05620568113183481,0.9989740854710338
40,9,1,54486631515355457219949881392130817572081220458930374268671283383219969207861431657311301583903611948039637516139580814060462503062997918277084368245967522079532709215063321319841643891682155005914397852684972662198775932243605608274567760862382323669026623739707/948938965350447387604278637819301604751252958143334482406250000000000000000000000000000000000000000000000000000000000000000000000000000000000000000000000000000000000000000000000000000000000000000000000000000000000000000000000000000000000000000000000000000000000000,0.057418478432101586,1,54401370565381233689016156294253309275440358410023857033187865599805527166813222400439346196263103947559879422631709881189954354000024962581644765386387700810261339568172306024286260674219193132929880080341658860434566932243605608274567760862382323669026623739707/948938965350447387604278637819301604751252958143334482406250000000000000000000000000000000000000000000000000000000000000000000000000000000000000000000000000000000000000000000000000000000000000000000000000000000000000000000000000000000000000000000000000000000000000,0.057328629713598665,0.9984351950633946
41,0,1,176560617022584377447459755372615261872351056095686232714356795660192856995604592003005389936043734999534840640312899078946977729870517432220222983059171476726020671033870905367583557927208485809153148793703025284820866773254427970451/3508663943581746815932759599146838823783784692416766666986711180305366627665960774229425567227735882624983787536621093750000000000000000000000000000000000000000000000000000000000000000000000000000000000000000000000000000000000000000000,0.05032132454450629,1,176560617022584377447459755372615261872351056095686232714356795660192856995604592003005389936043734999534840640312899078946977729870517432220222983059171476726020671033870905367583557927208485809153148793703025284820866773254427970451/3508663943581746815932759599146838823783784692416766666986711180305366627665960774229425567227735882624983787536621093750000000000000000000000000000000000000000000000000000000000000000000000000000000000000000000000000000000000000000000,0.05032132454450629,1.0
41,1,1,176898509114790313364882805904136925313785453771015650802172760055200953517359345444533281332678379212594887914127771391781775750505356893165179575241152018097950743812421328956907963928856456719287625161658755417110470960266146720451/3508663943581746815932759599146838823783784692416766666986711180305366627665960774229425567227735882624983787536621093750000000000000000000000000000000000000000000000000000000000000000000000000000000000000000000000000000000000000000000,0.050417626754589426,1,176898441064105909914011611374848529864304798435212894336756507979994396705989526120655958195713650791060952105992862812102958861604849042285888873582781515605797647122083270479496627359181961476973241075601211662532834241516146720451/3508663943581746815932759599146838823783784692416766666986711180305366627665960774229425567227735882624983787536621093750000000000000000000000000000000000000000000000000000000000000000000000000000000000000000000000000000000000000000000,0.050417607359547464,0.9999996153122785
41,2,1,177880713787482399342444144948237120100022949868452648187672170149789328239359514120642380789749261832935522752506778162597433670350309479131855359068766455292578520974139046677341299588231066982702025066640981824721471021301302970451/3508663943581746815932759599146838823783784692416766666986711180305366627665960774229425567227735882624983787536621093750000000000000000000000000000000000000000000000000000000000000000000000000000000000000000000000000000000000000000000,0.05069756370166832,1,177879630947775421128119076848084746851641065663085900953266884986549035882787166846367889027366293889667470251233648989283822623552917461261642656322818645847460477741177709828718561576488004132435795705345281751479283521301302970451/3508663943581746815932759599146838823783784692416766666986711180305366627665960774229425567227735882624983787536621093750000000000000000000000000000000000000000000000000000000000000000000000000000000000000000000000000000000000000000000,0.050697255082853755,0.9999939125513726
41,3,1,179457507161098888117303726531962428959653765319592504341530131100335350650689328238056154180181464941385822379565426316327459568655638314160894070920302718610692922791390136105587275467119613200094376268440125039880429456359896720451/3508663943581746815932759599146838823783784692416766666986711180305366627665960774229425567227735882624983787536621093750000000000000000000000000000000000000000000000000000000000000000000000000000000000000000000000000000000000000000000,0.051146963643917236,1,179452075368377763001722507313926439550122524562611839620577796902834642688122962086003319764507861795893991818483568190128335997024714836579285523277189818589860968898146178517632739370818828488629631508716580919091855237609896720451/3508663943581746815932759599146838823783784692416766666986711180305366627665960774229425567227735882624983787536621093750000000000000000000000000000000000000000000000000000000000000000000000000000000000000000000000000000000000000000000,0.051145415535347,0.999969732151042
41,4,1,181575935687585253689221082172834253664627605038965655861311963587072255101546054877127415820967787888375224527913298749625946593599663209295999503990690735371671730828684153146380074434957936825133805843920427616298283765441927970451/3508663943581746815932759599146838823783784692416766666986711180305366627665960774229425567227735882624983787536621093750000000000000000000000000000000000000000000000000000000000000000000000000000000000000000000000000000000000000000000,0.0517507343556611,1,181558988166570209272459995554714313339290181580428193397753220333202558873855904895441252499925611109122449409047990796848299840537555631777298560973304456095293084405976554747500485285555411933764761063189226444423283765441927970451/3508663943581746815932759599146838823783784692416766666986711180305366627665960774229425567227735882624983787536621093750000000000000000000000000000000000000000000000000000000000000000000000000000000000000000000000000000000000000000000,0.05174590416351743,0.9999066642782213
41,5,1,184180111605721796251132147077660579393483659451467215426874862917748804458000710262798297997112032169577202149529907473850240141331647545166531108933192456908459470957082014310847000899815395091699004542488704129170346448547396720451/3508663943581746815932759599146838823783784692416766666986711180305366627665960774229425567227735882624983787536621093750000000000000000000000000000000000000000000000000000000000000000000000000000000000000000000000000000000000000000000,0.05249294733473544,1,184139416992886823016862774573831361488518871473813472184170796667827288483428880455633945342626668782355027805914899815170337708223855057754553976659925345784262556811574857765133914461801917047995205639336357518147397229797396720451/3508663943581746815932759599146838823783784692416766666986711180305366627665960774229425567227735882624983787536621093750000000000000000000000000000000000000000000000000000000000000000000000000000000000000000000000000000000000000000000,0.05248134901312661,0.9997790499067452
41,6,1,187211681028402499454193178063599987191601608411181561868753039148923592599640193210644847548376380957847461191507430949507134676284271368146848693643520158143661875292499849016233830247935738952148795633750591175176305005676302970451/3508663943581746815932759599146838823783784692416766666986711180305366627665960774229425567227735882624983787536621093750000000000000000000000000000000000000000000000000000000000000000000000000000000000000000000000000000000000000000000,0.0533569712114667,1,187128997175634909722246839224663325667774790107819687362612287695461322066142577119369321338647217796470631562580221849480297577793527516840557009841698953859438534499564221402208488296783887704607654868798885242559117505676302970451/3508663943581746815932759599146838823783784692416766666986711180305366627665960774229425567227735882624983787536621093750000000000000000000000000000000000000000000000000000000000000000000000000000000000000000000000000000000000000000000,0.05333340558817045,0.9995583403112809
41,7,1,190610468337099356057395144490489766158740094492207964436822537963473644491307414233119390378469688403061517577596352012448732003164928050334015988102136533826837836485523852193680983252819272477308401997354297372480221936828646720451/3508663943581746815932759599146838823783784692416766666986711180305366627665960774229425567227735882624983787536621093750000000000000000000000000000000000000000000000000000000000000000000000000000000000000000000000000000000000000000000,0.054325655406746824,1,190460942142598915011835041800202746224785997313091107740450118685723861043823412784410788244731500814084140697874870867841212804897129743263010566870458525210015610593805276331059463033383679143759564888816742631574460218078646720451/3508663943581746815932759599146838823783784692416766666986711180305366627665960774229425567227735882624983787536621093750000000000000000000000000000000000000000000000000000000000000000000000000000000000000000000000000000000000000000000,0.054283039129752284,0.9992155404904834
41,8,1,194315295813479142734205814865450815224103460380634546242812883301603522449093623439809349167383908331994664413848725296028537148057799420924509297017277856418463881800813825861409047049443560869050317705021853360730534742004427970451/3508663943581746815932759599146838823783784692416766666986711180305366627665960774229425567227735882624983787536621093750000000000000000000000000000000000000000000000000000000000000000000000000000000000000000000000000000000000000000000,0.05538156373423338,1,194067254031410238643048261906946534624857577472109635236184043542036528815648360937087236604046335503232168046334277312060702675166001766983507344816782521394863196926803104103811576622137928232145601213322634610730534742004427970451/3508663943581746815932759599146838823783784692416766666986711180305366627665960774229425567227735882624983787536621093750000000000000000000000000000000000000000000000000000000000000000000000000000000000000000000000000000000000000000000,0.05531086965065703,0.9987235087128344
41,9,1,198264972474972009842101285303487986388752269193731067041235902758435394595565650937121550629103954123770919616225778942036137855100339185150506834293109299768596204570008797725087373115550596936544002844767861801060055921203646720451/3508663943581746815932759599146838823783784692416766666986711180305366627665960774229425567227735882624983787536621093750000000000000000000000000000000000000000000000000000000000000000000000000000000000000000000000000000000000000000000,0.056507256227160164,1,197880130604281685149554825730356484163213173628061387088869590493606838109338148316880125639597760727970771192595673709132002367963826929897181570757781348744642290960489375089730356931291965947166645080598288017185544202453646720451/3508663943581746815932759599146838823783784692416766666986711180305366627665960774229425567227735882624983787536621093750000000000000000000000000000000000000000000000000000000000000000000000000000000000000000000000000000000000000000000,0.056397572918391224,0.9980589517861562
42,0,1,270907202435824001523821327914346592043014188105571058959425093068090264717567114781995838498000705969688586910901161395632961622847894288559268613791564859814096575997402073747197613167636068919094349350680931628183750329769188394781452071757180936207/5485807751595426593877232764090148636053112531250000000000000000000000000000000000000000000000000000000000000000000000000000000000000000000000000000000000000000000000000000000000000000000000000000000000000000000000000000000000000000000000000000000000000,0.04938328404910591,1,270907202435824001523821327914346592043014188105571058959425093068090264717567114781995838498000705969688586910901161395632961622847894288559268613791564859814096575997402073747197613167636068919094349350680931628183750329769188394781452071757180936207/5485807751595426593877232764090148636053112531250000000000000000000000000000000000000000000000000000000000000000000000000000000000000000000000000000000000000000000000000000000000000000000000000000000000000000000000000000000000000000000000000000000000000,0.04938328404910591,1.0
42,1,1,461740025573933944839487553131338240935568464296587644008192934286564471896443981993768006075379767169570437599520105396481331666712599845722806740196606639965593148485718587106442929243113349540502192455326750430589355968608683332470999974058964772488107/9331358985463820636185172931717342829926344415656250000000000000000000000000000000000000000000000000000000000000000000000000000000000000000000000000000000000000000000000000000000000000000000000000000000000000000000000000000000000000000000000000000000000000,0.04948261301416247,1,65962828509219857741244338626144213800756086296499871172457663625250774231879728759834087967630018443346805039316147437414267547260891206446454686020563676532166191466458643327607420709144431680617648104755042034727050852658383333210142853436994967498301/1333051283637688662312167561673906118560906345093750000000000000000000000000000000000000000000000000000000000000000000000000000000000000000000000000000000000000000000000000000000000000000000000000000000000000000000000000000000000000000000000000000000000000,0.04948258879374663,0.9999995105267414
42,2,1,66345873695288270092483873157135948584554140610232182410344399741747520609898719124950742449669614383478041287201147752255209113912486829530292171426116082227427229848162670186912070807935110715045986165118583231962249420231794993044892853436994967498301/1333051283637688662312167561673906118560906345093750000000000000000000000000000000000000000000000000000000000000000000000000000000000000000000000000000000000000000000000000000000000000000000000000000000000000000000000000000000000000000000000000000000000000,0.049769933467406255,1,464417521747881146136157906137940833758633623208520773714001222820615889351501403438298836770909093778822160059696010039591044238198469061982803548725719293621682459087717508477326911189908530586463411603166783623735745941622564951314249974058964772488107/9331358985463820636185172931717342829926344415656250000000000000000000000000000000000000000000000000000000000000000000000000000000000000000000000000000000000000000000000000000000000000000000000000000000000000000000000000000000000000000000000000000000000000,0.04976954830173614,0.9999922610772553
42,3,1,1928801705234416182094869219228251784756301862810923223650883996960734684317825544090188846454063650185018446672033839414470419450825765800619745564815575178751058084344588729188365901552527349238541417943053029954649091481395202946720164502300266553449/38400654261167986157140629348631040452371787718750000000000000000000000000000000000000000000000000000000000000000000000000000000000000000000000000000000000000000000000000000000000000000000000000000000000000000000000000000000000000000000000000000000000000,0.05022835528052147,1,275532512526174007811130871231391217868438952736445776624102123877584492170152993135844056879493033822878579222514844649189343186482519990639741238891015417869118872014779781160657496455012108168427072942271566779235584497342171849531452071757180936207/5485807751595426593877232764090148636053112531250000000000000000000000000000000000000000000000000000000000000000000000000000000000000000000000000000000000000000000000000000000000000000000000000000000000000000000000000000000000000000000000000000000000000,0.05022642516884436,0.9999615732654129
42,4,1,67772130304004343429277476934881626050679458834452838603431415139090421001045586336472465435334090976770154266095164917634029132537321082726712302858394099531629197982064504686336280254871208609879931003365933770903043690525441632383892853436994967498301/1333051283637688662312167561673906118560906345093750000000000000000000000000000000000000000000000000000000000000000000000000000000000000000000000000000000000000000000000000000000000000000000000000000000000000000000000000000000000000000000000000000000000000,0.050839852251643905,1,474348798833694056819142038588595147118350555246376999993034692059675162613288499038427067229302079474289947864970235488670624108073849059905781944867853249296876015721034731027315106333902549567423652180948752396321305833678091426687249974058964772488107/9331358985463820636185172931717342829926344415656250000000000000000000000000000000000000000000000000000000000000000000000000000000000000000000000000000000000000000000000000000000000000000000000000000000000000000000000000000000000000000000000000000000000000,0.05083383884090451,0.9998817185638221
42,5,1,68765958382792916992150914768857865929824655022482786156314203038867026626925452727372974500255261899069217041160722155745875668012836923523122539375051636285393622520053502925384070497984399754032785291909165425108639393245676611888142853436994967498301/1333051283637688662312167561673906118560906345093750000000000000000000000000000000000000000000000000000000000000000000000000000000000000000000000000000000000000000000000000000000000000000000000000000000000000000000000000000000000000000000000000000000000000,0.051585381017856535,1,481227219044068147615182712277519632650016321545238655817528019862350440115571413358030259766887350382022231878052187321226809798154374377099769484769442452656869494419121568482749569046935938166569670767454040788260475752719736283216999974058964772488107/9331358985463820636185172931717342829926344415656250000000000000000000000000000000000000000000000000000000000000000000000000000000000000000000000000000000000000000000000000000000000000000000000000000000000000000000000000000000000000000000000000000000000000,0.05157096836524165,0.9997206058706847
42,6,1,2013924938147272198940322535376415419371876117243140308838862439393694679370612852317598097605709933822641867781616414555959547209505605533114808234493493917773188321552789714322636075417676221658850359090537555626737609000427855496470164502300266553449/38400654261167986157140629348631040452371787718750000000000000000000000000000000000000000000000000000000000000000000000000000000000000000000000000000000000000000000000000000000000000000000000000000000000000000000000000000000000000000000000000000000000000,0.052445068369155884,1,2012802991831450405676741838265597075054995089284387423445564553529108403149575641607780626521423675316499523093889076971568998835069942071975890647405471488803917673819180077296913253538594748706019841536104555626737609000427855496470164502300266553449/38400654261167986157140629348631040452371787718750000000000000000000000000000000000000000000000000000000000000000000000000000000000000000000000000000000000000000000000000000000000000000000000000000000000000000000000000000000000000000000000000000000000000,0.052415851514979614,0.9994429055946574
42,7,1,71182896539092384311264748837535999260670454687674478324762629122477132873674224166228946791285135042870418335737629967027695740683486562359102481655589028101559192402852887944519902126254039272185352350285366502990227933832969890566142853436994967498301/1333051283637688662312167561673906118560906345093750000000000000000000000000000000000000000000000000000000000000000000000000000000000000000000000000000000000000000000000000000000000000000000000000000000000000000000000000000000000000000000000000000000000000,0.053398468170590845,1,71112655329286804995469398633192593697611580272911639196478429451803550855850314814680705540255617872749186076682700944250944474513809847500636833402681752297227088565478395759382546394155612042906439690065894190490227933832969890566142853436994967498301/1333051283637688662312167561673906118560906345093750000000000000000000000000000000000000000000000000000000000000000000000000000000000000000000000000000000000000000000000000000000000000000000000000000000000000000000000000000000000000000000000000000000000000,0.05334577611690338,0.9990132291151288
42,8,1,507858158359871898016146348050254822891013200257179604315363876831730909281830948650060429270506788220608648813210579114938553917586817998840188474338788577396662724999394198655754576169617983196943909545977351486663545401900197328179249974058964772488107/9331358985463820636185172931717342829926344415656250000000000000000000000000000000000000000000000000000000000000000000000000000000000000000000000000000000000000000000000000000000000000000000000000000000000000000000000000000000000000000000000000000000000000,0.054424887002097105,1,72435015451299749322974395383326875441878319710886392358647485659650450084490862542523696016867892759625501231607794387024715963890954849719776768969773218432848365504763039356516090423783344567024296009167543926666220771700028189739892853436994967498301/1333051283637688662312167561673906118560906345093750000000000000000000000000000000000000000000000000000000000000000000000000000000000000000000000000000000000000000000000000000000000000000000000000000000000000000000000000000000000000000000000000000000000000,0.05433775604914157,0.9983990604711375
42,9,1,304483041510327045167756803691607024329488297875975367671721855999795222530182876138637227448644767342422488490406691394474561185329638993116369163601197405785802386831410122393407562980543712193276477135013585487650257837926039487531452071757180936207/5485807751595426593877232764090148636053112531250000000000000000000000000000000000000000000000000000000000000000000000000000000000000000000000000000000000000000000000000000000000000000000000000000000000000000000000000000000000000000000000000000000000000,0.055503775432483,1,2126208940702232889423334282207169106660782018404648461928104248378237637203634942454471626880943520599092667456265542577561827173636475870122286271794828794490970295968726000514657405100956028529230844825778035913551804865482276412720164502300266553449/38400654261167986157140629348631040452371787718750000000000000000000000000000000000000000000000000000000000000000000000000000000000000000000000000000000000000000000000000000000000000000000000000000000000000000000000000000000000000000000000000000000000000,0.055369081116212276,0.9975732404647938
43,0,1,9324644013226388421212177287480993900764497285065360596838929933974878398179569039667743923730344700015110563745104645305300898989470721249392566812730757408673377509192214186664962786427981838/192649604788981589476927623374902234669243584246343006751150610155700210753941936082632071978481909098276572577465766984600394230480171170393738421810245035892261711296669091098010540008544921875,0.04840209261493228,1,9324644013226388421212177287480993900764497285065360596838929933974878398179569039667743923730344700015110563745104645305300898989470721249392566812730757408673377509192214186664962786427981838/192649604788981589476927623374902234669243584246343006751150610155700210753941936082632071978481909098276572577465766984600394230480171170393738421810245035892261711296669091098010540008544921875,0.04840209261493228,1.0
43,1,1,19305772611082871901425559664743720937822237161341261323090414861706582122445332188677770060793874501579312027194052652545230286138493422710892487415432952311341645688906724766150690105569161673494663008384657763921/398020891009686939656414707645438344152642851244600628750078068551264321060775145100689066206153533677037249099983640121536154765635728836059570312500000000000000000000000000000000000000000000000000000000000000000000,0.048504420363736665,1,19305760488348961487375107419093895484283437009867882356050822789074658274706290636213012391102536474833849987405702371193432120040725208371823702617867548213803311422227569260640537526051126619287814863853407763921/398020891009686939656414707645438344152642851244600628750078068551264321060775145100689066206153533677037249099983640121536154765635728836059570312500000000000000000000000000000000000000000000000000000000000000000000,0.04850438990620495,0.9999993720668862
43,2,1,18967653407722474230016572996881483403392460070266328038911336367235106306297518386799100139300385718846402786043795451037630472407425301495596710519839042314695504598388386742953635855699140088824254701547278929/388692276376647402008217487934998382961565284418555301513748113819594063535913227637391666216946810231481688574202773556187651138316141441464424133300781250000000000000000000000000000000000000000000000000000000000,0.048798637278150064,1,18967465270875303400662440445215339872154994050187692735963983269884048150361639061314280763219439164716907636424079799986498437321549509033769163834261882215707740024116105470511293840715843694476110170297278929/388692276376647402008217487934998382961565284418555301513748113819594063535913227637391666216946810231481688574202773556187651138316141441464424133300781250000000000000000000000000000000000000000000000000000000000,0.04879815325297487,0.9999900811743484
43,3,1,19608291028437084120268109377601402985407604845083795261073205059071298405803035046257947449045934041591440140835383473412234612908850033632721504247840044481792821686985656246163578843175011456462135084800673388921/398020891009686939656414707645438344152642851244600628750078068551264321060775145100689066206153533677037249099983640121536154765635728836059570312500000000000000000000000000000000000000000000000000000000000000000000,0.049264476994399425,1,2801046673274437425547201996816929512109593970822550446650173264593566783580721344438255963198498106971582163055592252279245468321167130371071290431984834796677260591490695033604216578042473478040864094145631912703/56860127287098134236630672520776906307520407320657232678582581221609188722967877871527009458021933382433892728569091445933736395090818405151367187500000000000000000000000000000000000000000000000000000000000000000000,0.049262054218264295,0.999950821032051
43,4,1,2704809001538858149341408311388029941143704190211824257605761943224224358949038425417926634953133107092745372899376985975649631189839442917478165368289847053619831803540558031588362448660631044783294426800103/54226043021295675503378555794503122622986228294999344519217091771706761095970037337805757005712445623811619499749270864423500437823122410918585956096649169921875000000000000000000000000000000000000000000000000,0.04988025772923583,1,18930802333337933784301689250242536706004119487050545623661188851122514698096415789822623847099830601446388051295805365524034041590812972174195086380773581861731068717626200950171347139017476090338529737600721/379582301149069728523649890561521858360903598064995411634519642401947327671790261364640299039987119366681336498244896050964503064761856876430101692676544189453125000000000000000000000000000000000000000000000000,0.049872721346676856,0.9998489105128551
43,5,1,20149032019509977353166068814355447008794035055002659420805792400245567417745669503421184794795800893459833147997685389162464087290990488442854109336619338229053100907391169498075558785526521346112289198570204638921/398020891009686939656414707645438344152642851244600628750078068551264321060775145100689066206153533677037249099983640121536154765635728836059570312500000000000000000000000000000000000000000000000000000000000000000000,0.05062305138907795,1,20141857374335365544109924041206239678459155544415529572121313209065906915671059735949832377588094122323732565021483252193443822730095994055503810529175393751255061235822589398217022371422938844700851210288954638921/398020891009686939656414707645438344152642851244600628750078068551264321060775145100689066206153533677037249099983640121536154765635728836059570312500000000000000000000000000000000000000000000000000000000000000000000,0.050605025588581876,0.9996439210991543
43,6,1,20005582718648123021165544577025379180391993880043511323157599156145555879104988200899923230634228245251589837241661553808534645646032147509343997580238174508471601034331815180985621957678331747702581117562903929/388692276376647402008217487934998382961565284418555301513748113819594063535913227637391666216946810231481688574202773556187651138316141441464424133300781250000000000000000000000000000000000000000000000000000000000,0.051468948406019975,1,19991415269907890874815740207594964001274333171570572037109303824146444491046394923228443791997489693867266359113486554577832725298727488000736828699820273133315220682832257478048895102564229384116155336312903929/388692276376647402008217487934998382961565284418555301513748113819594063535913227637391666216946810231481688574202773556187651138316141441464424133300781250000000000000000000000000000000000000000000000000000000000,0.05143249939583562,0.9992918252400104
43,7,1,2979096504766847604797150169621565982299459102169508501409479365843760982341604980835038818122050638855950930086868295364925364219828647031437713347252665980134392292399762238925774890406371153844525440581178787703/56860127287098134236630672520776906307520407320657232678582581221609188722967877871527009458021933382433892728569091445933736395090818405151367187500000000000000000000000000000000000000000000000000000000000000000000,0.05239341955259429,1,2975370058587939973491446011470743889487520649590546741765240338301428066840323300534937886568139078582735719150760705860548344292523603521439623829796143941321269975870159182531239802658871807111432178862428787703/56860127287098134236630672520776906307520407320657232678582581221609188722967877871527009458021933382433892728569091445933736395090818405151367187500000000000000000000000000000000000000000000000000000000000000000000,0.052327882481949126,0.9987491354600481
43,8,1,19784160454258234655819654110885836546995461216457372391658629941901703306620147628043334778461029037731465680202393844359619029704730717787985427115758508471650699352563684358305943224306352759155271722129/370685840965888406761376846251486189805569919985347081674335588283151687179482677113906542031237421256524742674067281299770022524181500855888771184254437685012817382812500000000000000000000000000000000000000,0.05337177271920357,1,19744129850548350930617552829986095811938829224235192883478620508106003060431470782122907739603932644115763539673587977590106587885844358306876281392097009242019071146927295474147138211603410864624021722129/370685840965888406761376846251486189805569919985347081674335588283151687179482677113906542031237421256524742674067281299770022524181500855888771184254437685012817382812500000000000000000000000000000000000000,0.05326378207244572,0.9979766336912584
43,9,1,21644256337544536170427112844373484515582849213435716147102318186525735122539704011236183478522360954626696605352692350180023309723621668498156030296415297926485287168091073885339537152622090283580150374107314013921/398020891009686939656414707645438344152642851244600628750078068551264321060775145100689066206153533677037249099983640121536154765635728836059570312500000000000000000000000000000000000000000000000000000000000000000000,0.054379699222917834,1,21578077913150060135405225616202121349994673960850534496390410442730638462607899021449982411022527986038833464129826701068046654443661610946690120607444098564448373186667971852050922531934650245852794417076064013921/398020891009686939656414707645438344152642851244600628750078068551264321060775145100689066206153533677037249099983640121536154765635728836059570312500000000000000000000000000000000000000000000000000000000000000000000,0.05421343050213135,0.9969424486865053
44,0,1,17289650727329579327210672452693652397264400280664052059070395464833400200872764313664563349232613576601910486099914384440116376822842894555103357292903718803403680150647559068078912190507399/364979275335763338483570397223987086678778196033452569443796763069644800000000000000000000000000000000000000000000000000000000000000000000000000000000000000000000000000000000000000000000000000,0.04737159585684402,1,17289650727329579327210672452693652397264400280664052059070395464833400200872764313664563349232613576601910486099914384440116376822842894555103357292903718803403680150647559068078912190507399/364979275335763338483570397223987086678778196033452569443796763069644800000000000000000000000000000000000000000000000000000000000000000000000000000000000000000000000000000000000000000000000000,0.04737159585684402,1.0
44,1,1,17328039582833500636175123522557151167494258771723165928640036983228668996277904772045321428155371181938951293919101620889516872540840243079071547216710693903012626245314310502758822590507399/364979275335763338483570397223987086678778196033452569443796763069644800000000000000000000000000000000000000000000000000000000000000000000000000000000000000000000000000000000000000000000000000,0.047476776775592366,1,17328025510690432498677671187296421364046435210881811452223439077493276711442028825265591419833588625755177575914610755190984014726585122757340836058641338516869672680295133542758822590507399/364979275335763338483570397223987086678778196033452569443796763069644800000000000000000000000000000000000000000000000000000000000000000000000000000000000000000000000000000000000000000000000000,0.047476738219586534,0.9999991878975691
44,2,1,17437593940987287665655924924104265821754767087938928025643429689603750393925980073988108848412611029152089348508370603131031100166113798863947601969857157850736151984915204806798553790507399/364979275335763338483570397223987086678778196033452569443796763069644800000000000000000000000000000000000000000000000000000000000000000000000000000000000000000000000000000000000000000000000000,0.04777694274543545,1,17437370474258296349663677488024777871949602960596509565288028024205234118600656804498652114527327199340626492458597566427519387762895547214366990956134239874848638944608373446798553790507399/364979275335763338483570397223987086678778196033452569443796763069644800000000000000000000000000000000000000000000000000000000000000000000000000000000000000000000000000000000000000000000000000,0.047776330473057016,0.9999871847727532
44,3,1,17609379114520121253531431130915198525689935292788359763519583166264999000199193759992420688684352945540897688963762300198921173070226586775987386436965060944598924536252161980198105790507399/364979275335763338483570397223987086678778196033452569443796763069644800000000000000000000000000000000000000000000000000000000000000000000000000000000000000000000000000000000000000000000000000,0.048247613781139606,1,17608261938001772154834222362478576411524856036461599569235233547156258142908618651881524067161272529256599999761634017323030136042878899201896648656726245399416229769698828220198105790507399/364979275335763338483570397223987086678778196033452569443796763069644800000000000000000000000000000000000000000000000000000000000000000000000000000000000000000000000000000000000000000000000000,0.0482445528497557,0.9999365578700371
44,4,1,17833810879198353221837547407866768828131251194155818541028620483501379008390651370775918022496692967204065719044300674248639304592478742735096463046784920522891792377328382022957478590507399/364979275335763338483570397223987086678778196033452569443796763069644800000000000000000000000000000000000000000000000000000000000000000000000000000000000000000000000000000000000000000000000000,0.048862530243099715,1,17830341784219989482534969623582548287720969048838432637465947790758668220112332699034076989741465459002301164081080196074213341673841999938606094967990597862275199732419080262957478590507399/364979275335763338483570397223987086678778196033452569443796763069644800000000000000000000000000000000000000000000000000000000000000000000000000000000000000000000000000000000000000000000000000,0.04885302533360815,0.9998054765186273
44,5,1,18100743783423128285270778515308558804534615252573502132217232032161536603887490073130077722069323677154384906337374787415777482041952077298976032211226698352971785297348344935076672190507399/364979275335763338483570397223987086678778196033452569443796763069644800000000000000000000000000000000000000000000000000000000000000000000000000000000000000000000000000000000000000000000000000,0.04959389479518068,1,18092464943544067063258279749660882878459462683131527595181929658571576592716917817515882551049493503253902371550357565090470662282406869765931573081844645263545807160362744935076672190507399/364979275335763338483570397223987086678778196033452569443796763069644800000000000000000000000000000000000000000000000000000000000000000000000000000000000000000000000000000000000000000000000000,0.04957121175414651,0.9995426243264852
44,6,1,18399608629336702763718001027888922741014276566068916909083543504588603936826054977794008837997928371090200693645837599933660910476342059194555694151102164975582114396717810716555686590507399/364979275335763338483570397223987086678778196033452569443796763069644800000000000000000000000000000000000000000000000000000000000000000000000000000000000000000000000000000000000000000000000000,0.05041274908667061,1,18382914878863909698332451879667033001753613779969841911217679568439873921242965008722834894891001502180708364386847793846338730678312598798103380748318335802072374131864470556555686590507399/364979275335763338483570397223987086678778196033452569443796763069644800000000000000000000000000000000000000000000000000000000000000000000000000000000000000000000000000000000000000000000000000,0.05036701018695518,0.9990927116544112
44,7,1,18719599495439175009552453356789517571241014399931122626354098304447692100610153459601710428864728795507800893326485042283735717226755419781590301100578751004692172087043819367394521790507399/364979275335763338483570397223987086678778196033452569443796763069644800000000000000000000000000000000000000000000000000000000000000000000000000000000000000000000000000000000000000000000000000,0.05128948617210675,1,18689682794750692275429812438060754308207824168387976155795004560108152274364938520111251761847771108182345189877802304203747145129404267177580589782285322837246006475999938407394521790507399/364979275335763338483570397223987086678778196033452569443796763069644800000000000000000000000000000000000000000000000000000000000000000000000000000000000000000000000000000000000000000000000000,0.05120751795442929,0.9984018514554346
44,8,1,19049908805922846918373432302899233430530451139506995087236494168841927308678993686972452110959680152006828197673875942729269285900257993265096428594344885382857532091134690887593177790507399/364979275335763338483570397223987086678778196033452569443796763069644800000000000000000000000000000000000000000000000000000000000000000000000000000000000000000000000000000000000000000000000000,0.052194494573418855,1,19000803396904114608024186235073810801493611454545546732626996810063450007281709052929157394273957024890797846215989367825396949118213875896646172283982279842343473772585862727593177790507399/364979275335763338483570397223987086678778196033452569443796763069644800000000000000000000000000000000000000000000000000000000000000000000000000000000000000000000000000000000000000000000000000,0.05205995156690552,0.9974222759006875
44,9,1,35822563780640352117612232651038107505984665484540096174962693701653323154062899101433403338292104785821431153055195447649442018850935495203516181614578226602772549802218161325603797764339/674638216886808389063900919083155428241734188601575913944171465932800000000000000000000000000000000000000000000000000000000000000000000000000000000000000000000000000000000000000000000000000,0.053098924555367584,1,35683433008176294973157059514459623717140118818865690147099364599775020243324134199706370409721990509660634499291954448677421728268684091363247835356116128187397873109390001325603797764339/674638216886808389063900919083155428241734188601575913944171465932800000000000000000000000000000000000000000000000000000000000000000000000000000000000000000000000000000000000000000000000000,0.052892694358231566,0.9961161134832218
45,0,1,176565391956563536464832502543845325317843348950954484303773453675861926565481447677668659947928773011167050577936575837852293227150084086291005549295913034817667972811407093113799104430003973812852782442166170925444689149914054557557/3814930470768950109319726317928193491811465985001762680132266380143936806447740178738214922304905485361814498901367187500000000000000000000000000000000000000000000000000000000000000000000000000000000000000000000000000000000000000000000,0.04628272869176943,1,176565391956563536464832502543845325317843348950954484303773453675861926565481447677668659947928773011167050577936575837852293227150084086291005549295913034817667972811407093113799104430003973812852782442166170925444689149914054557557/3814930470768950109319726317928193491811465985001762680132266380143936806447740178738214922304905485361814498901367187500000000000000000000000000000000000000000000000000000000000000000000000000000000000000000000000000000000000000000000,0.04628272869176943,1.0
45,1,1,1238834742308438882623732019573681978566370738132095025075532269696577759206547146129712239186906311528445922097174744175838770873165044286135147916973420613288297200910029924580619854282216187601355696705363335548291946974203069402899/26704513295382650765238084225497354442680261895012338760925864661007557645134181251167504456134338397532701492309570312500000000000000000000000000000000000000000000000000000000000000000000000000000000000000000000000000000000000000000000,0.046390463237637056,1,1238833430931818261805818171131915763809867275859428135367302018500418862717259221925238152845944367106943090692517430197756910002868145935079588535876881601973975329353409207602864846830812861639584566609196009574781204786703069402899/26704513295382650765238084225497354442680261895012338760925864661007557645134181251167504456134338397532701492309570312500000000000000000000000000000000000000000000000000000000000000000000000000000000000000000000000000000000000000000000,0.04639041413070872,0.9999989414434582
45,2,1,1246968133750673663080354455780740863426352164548938368865570703014218704679790464009690313567094928457949830637094221383016962991754805138439994517821370498449245209072695081208244954895873690799085419710139015210001190748617131902899/26704513295382650765238084225497354442680261895012338760925864661007557645134181251167504456134338397532701492309570312500000000000000000000000000000000000000000000000000000000000000000000000000000000000000000000000000000000000000000000,0.04669503315629725,1,1246947325690036213099956374021878493520781441446579896462691099050199110217943853274394995009640332703231735513723299044073115655394424044765433866633374278030283694202492346205141257441266225265788842077711799633829315748617131902899/26704513295382650765238084225497354442680261895012338760925864661007557645134181251167504456134338397532701492309570312500000000000000000000000000000000000000000000000000000000000000000000000000000000000000000000000000000000000000000000,0.04669425395989673,0.9999833130774762
45,3,1,1259563196123983570951979843071429437602772675195263714844845941234844141850431121385101450586744091371702336587041093996426709101926728808644925836966204827247144518264191105154051053096861468876245343270687897816756180372640569402899/26704513295382650765238084225497354442680261895012338760925864661007557645134181251167504456134338397532701492309570312500000000000000000000000000000000000000000000000000000000000000000000000000000000000000000000000000000000000000000000,0.047166678613152956,1,1259459310076528034241387109812145700698905569860217048061310409233301439408835554647392749566392919398998713412591688463849229478492562334352884723268299789356305821341257827030055391518463937062719108215509493962386063185140569402899/26704513295382650765238084225497354442680261895012338760925864661007557645134181251167504456134338397532701492309570312500000000000000000000000000000000000000000000000000000000000000000000000000000000000000000000000000000000000000000000,0.04716278840754215,0.9999175221634172
45,4,1,1275764932113632670619297995158172503436739831911243852227787195426812585902014401585138365857688535946060308281011048612639815680405554698299517178054880479961128091308902112883131006549919035755667442310620670624416290846273381902899/26704513295382650765238084225497354442680261895012338760925864661007557645134181251167504456134338397532701492309570312500000000000000000000000000000000000000000000000000000000000000000000000000000000000000000000000000000000000000000000,0.04777338264892546,1,1275442951534832248932847251640311528531868747500170365917195704460121262348408435627204407069816779191891246816374470070129008698877308182498307797528046143879782896972708349692167369226921327945578450191785221405666290846273381902899/26704513295382650765238084225497354442680261895012338760925864661007557645134181251167504456134338397532701492309570312500000000000000000000000000000000000000000000000000000000000000000000000000000000000000000000000000000000000000000000,0.04776132548932704,0.9997476176286905
45,5,1,1294667357782689996513994299289450437274783956313748318660424714460634088042223059538207920336167401192779762145411217749251764348302884194064248618104825204463423193606085328399957978319358302444857558383148545791184647169515569402899/26704513295382650765238084225497354442680261895012338760925864661007557645134181251167504456134338397532701492309570312500000000000000000000000000000000000000000000000000000000000000000000000000000000000000000000000000000000000000000000,0.04848121901575884,1,1293900848951047305236436089359189859834696034003875109048489975118430685093219705676541813778829095348134605489347000316589424979625364456941753625443812525515931167076430424926624871359072743928996218981694812346970779982015569402899/26704513295382650765238084225497354442680261895012338760925864661007557645134181251167504456134338397532701492309570312500000000000000000000000000000000000000000000000000000000000000000000000000000000000000000000000000000000000000000000,0.048452515671752364,0.999407949210247
45,6,1,1315327876539377747129001121100718475002418797586181369488255346953982551766844293365468089448334084266695573613630537180439673712458343105304272194284653953054092213752245733987446944789332500080200111585145760377608124342367131902899/26704513295382650765238084225497354442680261895012338760925864661007557645134181251167504456134338397532701492309570312500000000000000000000000000000000000000000000000000000000000000000000000000000000000000000000000000000000000000000000,0.04925489043707098,1,1313786938052281259282932861832024786698857943003553448773304853141627772863809461980908170180717442666529265608018781763529967136920899291369598893183691797511484986446600055786368515855558791639036698358541298707686249342367131902899/26704513295382650765238084225497354442680261895012338760925864661007557645134181251167504456134338397532701492309570312500000000000000000000000000000000000000000000000000000000000000000000000000000000000000000000000000000000000000000000,0.049197187139128344,0.998828475762902
45,7,1,190969534714415445913176341776619406238368799938144644338248185571085980533504866862644659213248054267727147775418516739004137775896446014621016688559576319634289194813142669772648667097750565658717839002583868049511049623546867057557/3814930470768950109319726317928193491811465985001762680132266380143936806447740178738214922304905485361814498901367187500000000000000000000000000000000000000000000000000000000000000000000000000000000000000000000000000000000000000000000,0.0500584574680133,1,190576462468032915239808343964491556098848262036665167365533384790240863241523431399884527704958758902947953392096647136990734687546701783353724713004168591047544284497053516894333389263173347769206055860941059135326479311046867057557/3814930470768950109319726317928193491811465985001762680132266380143936806447740178738214922304905485361814498901367187500000000000000000000000000000000000000000000000000000000000000000000000000000000000000000000000000000000000000000000,0.04995542223594437,0.9979417018166257
45,8,1,1358091407877162734986494375691763354411685478577036152420291076555788724549970084388517308839915941963121638652730194838005822905893259350612351051423746684854464929504875903053984958572152267288574860295860280563326691236898381902899/26704513295382650765238084225497354442680261895012338760925864661007557645134181251167504456134338397532701492309570312500000000000000000000000000000000000000000000000000000000000000000000000000000000000000000000000000000000000000000000,0.05085625013476594,1,1353594188189771129229579049150736288948051019045021149485943251400624620457579318363115424440497317734901419316373449227838244214188271453087112926623169377722793399516216061023439541250380348577150986394493093063326691236898381902899/26704513295382650765238084225497354442680261895012338760925864661007557645134181251167504456134338397532701492309570312500000000000000000000000000000000000000000000000000000000000000000000000000000000000000000000000000000000000000000000,0.05068784340749676,0.9966885736399576
45,9,1,1378325312400552785543727810191244480519998076114756441942993831918979650708942403421975610749560237459595678375304458189596069798036574511606883851771879824130459137392068943692639883760669374939367543599453684795434280958578069402899/26704513295382650765238084225497354442680261895012338760925864661007557645134181251167504456134338397532701492309570312500000000000000000000000000000000000000000000000000000000000000000000000000000000000000000000000000000000000000000000,0.051613946195337414,1,1371465435500583520051956397665426451213761149441069899927520816260946178770498293063253662709550005430400330146990197604180105301339509230202064219071714608351425195567512583648359442321612541356578197489377972591454788771078069402899/26704513295382650765238084225497354442680261895012338760925864661007557645134181251167504456134338397532701492309570312500000000000000000000000000000000000000000000000000000000000000000000000000000000000000000000000000000000000000000000,0.05135706538930695,0.9950230349553533
46,0,1,6931929419490833280905862431322370678726363674835240698179072916612723998027689396227601659414596852772889630469653319875075052960881541842089005110462434749731850668932985344002818349237321542258717750453099644785172988752141548536193646519278236914006768499043/153624614967621654633278650379191195405360734853221881718750000000000000000000000000000000000000000000000000000000000000000000000000000000000000000000000000000000000000000000000000000000000000000000000000000000000000000000000000000000000000000000000000000000000000,0.04512251777458857,1,6931929419490833280905862431322370678726363674835240698179072916612723998027689396227601659414596852772889630469653319875075052960881541842089005110462434749731850668932985344002818349237321542258717750453099644785172988752141548536193646519278236914006768499043/153624614967621654633278650379191195405360734853221881718750000000000000000000000000000000000000000000000000000000000000000000000000000000000000000000000000000000000000000000000000000000000000000000000000000000000000000000000000000000000000000000000000000000000000,0.04512251777458857,1.0
46,1,1,6948801258724991327588522883173344872489778512110071269027922890143930457480949247165130929570011307186700044607037421140767704051392511010199382435272417545910123984512003613180316541356072950089584588039469663792272205566697949540295312315528236914006768499043/153624614967621654633278650379191195405360734853221881718750000000000000000000000000000000000000000000000000000000000000000000000000000000000000000000000000000000000000000000000000000000000000000000000000000000000000000000000000000000000000000000000000000000000000,0.04523234287805727,1,6948791593295539437379350534175016805807975357134000499973861663005301799773142282806890192575958147935005748050637749076304457086054422285150271830461189463442439849966844013234194583096636337743625463201402626657386893066697949540295312315528236914006768499043/153624614967621654633278650379191195405360734853221881718750000000000000000000000000000000000000000000000000000000000000000000000000000000000000000000000000000000000000000000000000000000000000000000000000000000000000000000000000000000000000000000000000000000000000,0.04523227996216678,0.9999986090508144
46,2,1,411525104653885365361811469440061155486846742063739427624120870109350958872284035478685220935059926787659624239775695845372588042515797010639232349756586690271442449923107418381446005147858268631120623059568672616276168000609832503094135864957543347882751088179/9036742056918920860781097081128893847374160873718934218750000000000000000000000000000000000000000000000000000000000000000000000000000000000000000000000000000000000000000000000000000000000000000000000000000000000000000000000000000000000000000000000000000000000000,0.045539100492395256,1,411516091012848602047984287810119339016724868282757538483186162775233324353070736833625436474245246001858985766797744534654882972882315437014959105899910982215798428603468547600085228223926162893747329094329108254031168000609832503094135864957543347882751088179/9036742056918920860781097081128893847374160873718934218750000000000000000000000000000000000000000000000000000000000000000000000000000000000000000000000000000000000000000000000000000000000000000000000000000000000000000000000000000000000000000000000000000000000000,0.04553810304873913,0.9999780969837931
46,3,1,7067712223249536544807446970182940281430519280264366989822413602262847221005719617128362899533672112535687699659136516675090509629865245146376575452518391514312680030535817301804880027632542171386950994574706097827815940083149157573108638685528236914006768499043/153624614967621654633278650379191195405360734853221881718750000000000000000000000000000000000000000000000000000000000000000000000000000000000000000000000000000000000000000000000000000000000000000000000000000000000000000000000000000000000000000000000000000000000000,0.04600637876123658,1,7066948308722438116109847690788967257837011598864492055242760441767595511829133257323462831319671675500508476341956514224922522623167315767883661953298488757134287801275242450209046088614066571364261882691276089902105627583149157573108638685528236914006768499043/153624614967621654633278650379191195405360734853221881718750000000000000000000000000000000000000000000000000000000000000000000000000000000000000000000000000000000000000000000000000000000000000000000000000000000000000000000000000000000000000000000000000000000000000,0.046001406156245775,0.9998919148795298
46,4,1,7158120278519390800621520095543200063527080858035267924834856346545106679968057756799104551155391119642832132906703392668085444122332650182664127290014633554457659003353320973686628392071625795925837021768774222161260457785043964601820299259278236914006768499043/153624614967621654633278650379191195405360734853221881718750000000000000000000000000000000000000000000000000000000000000000000000000000000000000000000000000000000000000000000000000000000000000000000000000000000000000000000000000000000000000000000000000000000000000,0.04659487856179855,1,7155757469347784606900533033669981828137788134886657113951851025586719790214142540023380961188287633474589532528174335376218436263866006447378067471137313921488423782887887055864857033187053035360301063223612715630620457785043964601820299259278236914006768499043/153624614967621654633278650379191195405360734853221881718750000000000000000000000000000000000000000000000000000000000000000000000000000000000000000000000000000000000000000000000000000000000000000000000000000000000000000000000000000000000000000000000000000000000000,0.0465794981543547,0.9996699120607547
46,5,1,7260747204036455692599169455193347519949343118862988026084862103948817403865525691661126898537244263723368557845966683674268795224311836524945106405029774342087804184891647673775382345641194724860975893479235803118903409116051573638735291425528236914006768499043/153624614967621654633278650379191195405360734853221881718750000000000000000000000000000000000000000000000000000000000000000000000000000000000000000000000000000000000000000000000000000000000000000000000000000000000000000000000000000000000000000000000000000000000000,0.04726291555273711,1,7255137208021103849766922997135130626592777411502761915398472993681098744550900561404571675443212974178897232208349596541152103471087443271061425223891654970122967059383396412079822322287062008636522869687337593815583096616051573638735291425528236914006768499043/153624614967621654633278650379191195405360734853221881718750000000000000000000000000000000000000000000000000000000000000000000000000000000000000000000000000000000000000000000000000000000000000000000000000000000000000000000000000000000000000000000000000000000000000,0.047226397993252685,0.9992273527974871
46,6,1,7368941450215277965622452335362393326234010992414193482387769182689360640913600913310925529262028380542731235382351406902527525465117127054717763046699395066007689992017903871272586989225132495360350823431630263668869794076171984683853615184278236914006768499043/153624614967621654633278650379191195405360734853221881718750000000000000000000000000000000000000000000000000000000000000000000000000000000000000000000000000000000000000000000000000000000000000000000000000000000000000000000000000000000000000000000000000000000000000,0.04796719231334364,1,7357700476593876563940032464906685735164321449841856095054826056580893008644296826803427321347823530544147700375183608165989166029659603077916315133999893772991483444305754423901656684707582894997325033296750136857504794076171984683853615184278236914006768499043/153624614967621654633278650379191195405360734853221881718750000000000000000000000000000000000000000000000000000000000000000000000000000000000000000000000000000000000000000000000000000000000000000000000000000000000000000000000000000000000000000000000000000000000000,0.047894020617363996,0.9984745470299438
46,7,1,7475963490643189792770917090546787319424173141431973461988511539404607746553103303528538861740605919291084857412234061242616112477835682697555269983709864654547897416161662879403098819008977897244661019192672454105534612665405197737175270535528236914006768499043/153624614967621654633278650379191195405360734853221881718750000000000000000000000000000000000000000000000000000000000000000000000000000000000000000000000000000000000000000000000000000000000000000000000000000000000000000000000000000000000000000000000000000000000000,0.04866383874888047,1,7455970426100284154159319187519579776621658901583204911381629323084877777390448085943899640462145243730944772584265707040018460151987685946994190167280906620557019856384866256182593828481811654596802282993716293245899300165405197737175270535528236914006768499043/153624614967621654633278650379191195405360734853221881718750000000000000000000000000000000000000000000000000000000000000000000000000000000000000000000000000000000000000000000000000000000000000000000000000000000000000000000000000000000000000000000000000000000000000,0.04853369642405109,0.9973256872417945
46,8,1,7575184662120843273908627016742654529818293173851084228775134859019591335216884019398238242132584806219492363590220668011454165985648984932574675872393527330329310113261477525894475843314299972987321682170252652049522864883751212798700257479278236914006768499043/153624614967621654633278650379191195405360734853221881718750000000000000000000000000000000000000000000000000000000000000000000000000000000000000000000000000000000000000000000000000000000000000000000000000000000000000000000000000000000000000000000000000000000000000,0.04930970641467456,1,7542657256614011791283754559659849982418534220543475589611851053528700883847244964871092645597951325094984641732058841879286612529972257280729399292264922729750095608300226662081171824358575803938746345447668547559282864883751212798700257479278236914006768499043/153624614967621654633278650379191195405360734853221881718750000000000000000000000000000000000000000000000000000000000000000000000000000000000000000000000000000000000000000000000000000000000000000000000000000000000000000000000000000000000000000000000000000000000000,0.04909797338274028,0.9957060577454326
46,9,1,7660320808550164361268226450401806277684478634201857791019912291287805911369070432041740915159564813465267719469798275787868597312842078278443514101324908792885542089466234573468036357039323017714464007613436562447709550731210029868428576015528236914006768499043/153624614967621654633278650379191195405360734853221881718750000000000000000000000000000000000000000000000000000000000000000000000000000000000000000000000000000000000000000000000000000000000000000000000000000000000000000000000000000000000000000000000000000000000000,0.0498638893914538,1,7610967967076783102178193509619044000562204466226770965501582582273418389875058841102811338795997523935364932935376552948632764490352980984805069387199966126568657145529821999398059013546609415876645945055605920465174238231210029868428576015528236914006768499043/153624614967621654633278650379191195405360734853221881718750000000000000000000000000000000000000000000000000000000000000000000000000000000000000000000000000000000000000000000000000000000000000000000000000000000000000000000000000000000000000000000000000000000000000,0.04954263331225202,0.99355734012885
47,0,1,622251740292331165497849318327300575052052733150596131942339043067239308756546260716281543652684712778837088942579209504125539864606209647210464412741885085952511391449136391447294546374994214384270040749/14183439434117943094995723373429569859685249492387380819012701855756732355375950720923761865244456653897785903402254389524793279898931216455315595936781392083503305912017822265625000000000000000000000000000,0.043871709903841705,1,622251740292331165497849318327300575052052733150596131942339043067239308756546260716281543652684712778837088942579209504125539864606209647210464412741885085952511391449136391447294546374994214384270040749/14183439434117943094995723373429569859685249492387380819012701855756732355375950720923761865244456653897785903402254389524793279898931216455315595936781392083503305912017822265625000000000000000000000000000,0.043871709903841705,1.0
47,1,1,4471621264068031003581016528864242620466191201642175984229813011361335318476398774058336402163496396658307461405124698752084787686034632691757008102615080069668935837876171542592490474649240383812801411854457/101666893863757416104929345140743156754223868361432745710683046902064257523334814767581525050072265295139329355587359464113718230315538959551702191674849018454551696777343750000000000000000000000000000000000000,0.04398306168437089,1,4471613009858375479566142625293105181575168659968904771565540222199214817249431618765698881239272784433653576054283416572687498876896491568370798266146004649202234278844963141199403359510471234032527974354457/101666893863757416104929345140743156754223868361432745710683046902064257523334814767581525050072265295139329355587359464113718230315538959551702191674849018454551696777343750000000000000000000000000000000000000,0.043982980495604895,0.9999981540901682
47,2,1,17588857149654273133424942875154642911315930585910349320652849504461831682917622438770330758216234873866895113496996322783506980333456996375028623913166501615173147618968712895891863831609803803998574812847/397136304155302406659880254456027956071186985786846662932355651961188505950526620185865332226844786309138005295263122906694211837170074060748836686229878978338092565536499023437500000000000000000000000000000,0.04428922001242186,1,17588346459687572666088417120873315762083186170091830546191410828645979664707769815137884906173665177503423224480932835549700529060681450475117320347778851285563269758452341141562707002565580972272500594097/397136304155302406659880254456027956071186985786846662932355651961188505950526620185865332226844786309138005295263122906694211837170074060748836686229878978338092565536499023437500000000000000000000000000000,0.04428793408121547,0.9999709651421718
47,3,1,4549114889854082540368464040249339846575642759098670369922031097687666313082111382759922889826749195581625779194159365105489698640646579600407896002261481242242007194562602593753481243356182499596492818104457/101666893863757416104929345140743156754223868361432745710683046902064257523334814767581525050072265295139329355587359464113718230315538959551702191674849018454551696777343750000000000000000000000000000000000000,0.0447452923657754,1,4548464143135793630673780351665699749542353400687903020996947640216841711681450371747938810519421580175013028380342980640414610262463039467141899602250971426152618846788716083386034198655798359581844380604457/101666893863757416104929345140743156754223868361432745710683046902064257523334814767581525050072265295139329355587359464113718230315538959551702191674849018454551696777343750000000000000000000000000000000000000,0.04473889159268637,0.9998569509159374
47,4,1,4497832326029963531191485136545058203709374057151116758204979341647374114550049536807512544998596167130570800635672394340122977784540960477226847531896666476332330894438458795016178055129594357867624660243/99284076038825601664970063614006989017796746446711665733088912990297126487631655046466333056711196577284501323815780726673552959292518515187209171557469744584523141384124755859375000000000000000000000000000,0.04530265582842369,1,4495871068563127883410397669763129766168830552486278554353650212188829040616273014647326539167415577302119535524264891347671806117272736319411395000112338723287959918112103973876347890518254788775827785243/99284076038825601664970063614006989017796746446711665733088912990297126487631655046466333056711196577284501323815780726673552959292518515187209171557469744584523141384124755859375000000000000000000000000000,0.04528290183014839,0.9995639549621524
47,5,1,4667495164341328553410631906227622859185678160276807307712232399852066969824319013920840434825606429543596857719361378743898767607715244090892650539385504555754317078400359903335732452448609821984188130604457/101666893863757416104929345140743156754223868361432745710683046902064257523334814767581525050072265295139329355587359464113718230315538959551702191674849018454551696777343750000000000000000000000000000000000000,0.04590968590617298,1,4662740511743083250223742437128521512879567834503576452562315856857464907252382584773255514943251395761265868496431281943993671806702259218726316940367081683304560623615227043538573708262446873375789693104457/101666893863757416104929345140743156754223868361432745710683046902064257523334814767581525050072265295139329355587359464113718230315538959551702191674849018454551696777343750000000000000000000000000000000000000,0.04586291893594749,0.998981326722185
47,6,1,2638849918556193815381143730175142844536744218763688832534153105173253422334019078647204825132608141185157250600781264399709387900783561248649182367994894648734638684614577326074998090265152200096894616121/56733757736471772379982893493718279438740997969549523276050807423026929421503802883695047460977826615591143613609017558099173119595724865821262383747125568334013223648071289062500000000000000000000000000000,0.04651287035866103,1,2633552381708663039526423971017072961069461198067671429308890107849036900864281565366577777556438626328323450279279341694207245934729108353652826363527310726426793722717988285213271118921992524498750084871/56733757736471772379982893493718279438740997969549523276050807423026929421503802883695047460977826615591143613609017558099173119595724865821262383747125568334013223648071289062500000000000000000000000000000,0.046419494967026693,0.9979924827060914
47,7,1,683467342402469228447012477202878364658547950814089959511291294990247625733475712630271308174248362596667167340622483923487653713931004262041548784218514925281317940868636319797711138850853116266644621336351/14523841980536773729275620734391879536317695480204677958669006700294893931904973538225932150010323613591332765083908494873388318616505565650243170239264145493507385253906250000000000000000000000000000000000000,0.047058302019422654,1,681065576579635768375517001481394563916812785302670562916557166445665990806242295347587803924163971908887077920772884160495634195036660850995232442308359843750854882699747673874422134137556226007855558836351/14523841980536773729275620734391879536317695480204677958669006700294893931904973538225932150010323613591332765083908494873388318616505565650243170239264145493507385253906250000000000000000000000000000000000000,0.046892934906089145,0.9964859098982096
47,8,1,4715350740934510555813597939304069046175339151888030435112831921817851523235321822949138794777374865587207323625642861888730840592642853207864944249243766831357860793128346916998490290535405667682077785243/99284076038825601664970063614006989017796746446711665733088912990297126487631655046466333056711196577284501323815780726673552959292518515187209171557469744584523141384124755859375000000000000000000000000000,0.047493524934356504,1,4688773136656940408904000332826250176499527094678380438745961503503311763566219617267541479100261970648482098360392525070467357151510163661419603483582743239652347486546338690456688003433660062213327785243/99284076038825601664970063614006989017796746446711665733088912990297126487631655046466333056711196577284501323815780726673552959292518515187209171557469744584523141384124755859375000000000000000000000000000,0.04722583241670466,0.9943635997112904
47,9,19/20,12450705106529140832181841595815743783458479656359000328748169042895770981706678008708382765677626389849462995395086451972187124537426886220582114674272781597017410577064708336461633403493224781607929551056435480824022448787/260267248291218985228619123560302481290813103005267829019348600069284499259737125805008704128184999155556683150303640228131118669607779736452357610687613487243652343750000000000000000000000000000000000000000000000000000000000,0.047838155543096846,19/20,1765694097151677916612264634261894083889811810043462769846058413341331555713326271751910664809442055158908206342602065396123017050493021258873372820393045092072806817483800835442091578138922365102344848350600227729324635541/37181035470174140746945589080043211612973300429323975574192657152754928465676732257858386304026428450793811878614805746875874095658254248064622515812516212463378906250000000000000000000000000000000000000000000000000000000000,0.04748910499192744,0.9927035115127933
48,0,1,6694729042369401570982327229803370297231030634689706512074187893784608614520080544653343832710886661327954818990583925768147574497804065937272675599951373369103329234320050187986952284598542757569024110350033746523681056147597760834571970472271204791112865814949/157517063024876794700409613498783402826482775907710798656250000000000000000000000000000000000000000000000000000000000000000000000000000000000000000000000000000000000000000000000000000000000000000000000000000000000000000000000000000000000000000000000000000000000000,0.04250161165912608,1,6694729042369401570982327229803370297231030634689706512074187893784608614520080544653343832710886661327954818990583925768147574497804065937272675599951373369103329234320050187986952284598542757569024110350033746523681056147597760834571970472271204791112865814949/157517063024876794700409613498783402826482775907710798656250000000000000000000000000000000000000000000000000000000000000000000000000000000000000000000000000000000000000000000000000000000000000000000000000000000000000000000000000000000000000000000000000000000000000,0.04250161165912608,1.0
48,1,1,1631117851661226292273070481751613523909142830437769442115717104945880555966133314219674559037750969486031302747479365046754424554542035060105837361293180157911940737686099455368910220334012710335008614693482324115778953748968897862899961843189902764240426393032607/38276646315045061112199536080204366886835314545573724073468750000000000000000000000000000000000000000000000000000000000000000000000000000000000000000000000000000000000000000000000000000000000000000000000000000000000000000000000000000000000000000000000000000000000000,0.042613917589224566,1,1631113800712602386838816810921886846057109348787217779125998647652215000099972112141839654531238280129901762580381260480151999043206904242767710068220803944002031483352327978384437912974086841273352123549486454361698905748968897862899961843189902764240426393032607/38276646315045061112199536080204366886835314545573724073468750000000000000000000000000000000000000000000000000000000000000000000000000000000000000000000000000000000000000000000000000000000000000000000000000000000000000000000000000000000000000000000000000000000000000,0.04261381175579834,0.9999975164586545
48,2,1,1642689934402902018357992078964567719528738805733461636411807511485039752166821614567462482862185584568733913073161952441602306580460344556263961207072498447781096591905413577047218213921968830726017936027939593268184325064276823803196880898473902764240426393032607/38276646315045061112199536080204366886835314545573724073468750000000000000000000000000000000000000000000000000000000000000000000000000000000000000000000000000000000000000000000000000000000000000000000000000000000000000000000000000000000000000000000000000000000000000,0.042916245087993105,1,1642625837767178574990005903048611483632803858714670989926087910981950963531764770901678974904829091380093763371927015102177143945988809432677289281283309570631549758204080208363340849843284973739514077724005677202903557064276823803196880898473902764240426393032607/38276646315045061112199536080204366886835314545573724073468750000000000000000000000000000000000000000000000000000000000000000000000000000000000000000000000000000000000000000000000000000000000000000000000000000000000000000000000000000000000000000000000000000000000000,0.04291457052551457,0.999960980685167
48,3,1,6828786270730668893690286103522810016246107067973019421504403367769370399714959592148329621864706599486752597774729547370897306651138797891767740528418815282736662382767306043702295196220679956155904936117309884464883171151399315653052452636271204791112865814949/157517063024876794700409613498783402826482775907710798656250000000000000000000000000000000000000000000000000000000000000000000000000000000000000000000000000000000000000000000000000000000000000000000000000000000000000000000000000000000000000000000000000000000000000,0.04335267646307114,1,6827475580510421191151238638355955680444204318217462450267381435007796895204784264783654161484566649769480020953359285458285783817836123912217207060188933065974364473677383885971501280697059602270407888118686633104867171151399315653052452636271204791112865814949/157517063024876794700409613498783402826482775907710798656250000000000000000000000000000000000000000000000000000000000000000000000000000000000000000000000000000000000000000000000000000000000000000000000000000000000000000000000000000000000000000000000000000000000000,0.04334435552186593,0.999808063956275
48,4,1,1678905962129408954652476206549834621206806198362294981157123964905585703557517920095406510622784307423471608933097211715892104501976254716794277753112365317357650531289816817430005889331649535748701576509657340190285810325508527564384557119609902764240426393032607/38276646315045061112199536080204366886835314545573724073468750000000000000000000000000000000000000000000000000000000000000000000000000000000000000000000000000000000000000000000000000000000000000000000000000000000000000000000000000000000000000000000000000000000000000,0.043862410209890734,1,1677925393781469353340597225298338228405901916635736665684592596146092339751900554933241567556996611344323338741059148104696878577630239270212835182449958953697702448965139754819459499601030895964639843646714683145793522325508527564384557119609902764240426393032607/38276646315045061112199536080204366886835314545573724073468750000000000000000000000000000000000000000000000000000000000000000000000000000000000000000000000000000000000000000000000000000000000000000000000000000000000000000000000000000000000000000000000000000000000000,0.04383679228245088,0.9994159480220703
48,5,1,1698749335550747308674958192155730920731484481063318849314615274537693543441138172965007572691050666048108067124388709883028870835381272236137453679249123932927666951097865436498396537038666030959068033410266194209965924271432305385275314285461902764240426393032607/38276646315045061112199536080204366886835314545573724073468750000000000000000000000000000000000000000000000000000000000000000000000000000000000000000000000000000000000000000000000000000000000000000000000000000000000000000000000000000000000000000000000000000000000000,0.044380830064598295,1,1696435174037136006642555783642182034424719504214134003113054259730981754528620570303815137509118115673544467661761641647540430484828951347314211898215161999759237129681399529853064962125637867423761068412847597909935924271432305385275314285461902764240426393032607/38276646315045061112199536080204366886835314545573724073468750000000000000000000000000000000000000000000000000000000000000000000000000000000000000000000000000000000000000000000000000000000000000000000000000000000000000000000000000000000000000000000000000000000000000,0.044320371227777426,0.9986377263171314
48,6,1,7063242779539786894479442402734421629268976949924320756436759873749365404029801674734332247169807050264096143075866717248033784038835757892057594640808591197800415709560846275915176599599570565728775025817304305232489516162803980108493899128271204791112865814949/157517063024876794700409613498783402826482775907710798656250000000000000000000000000000000000000000000000000000000000000000000000000000000000000000000000000000000000000000000000000000000000000000000000000000000000000000000000000000000000000000000000000000000000000,0.04484112796354185,1,7044302684886318777944282542121048818100512657311184571298198999091468784523741743749225160626308215555902612302732330133408743783010641453088772550554707526197628081152880955261134991611788903560822257839332283472233516162803980108493899128271204791112865814949/157517063024876794700409613498783402826482775907710798656250000000000000000000000000000000000000000000000000000000000000000000000000000000000000000000000000000000000000000000000000000000000000000000000000000000000000000000000000000000000000000000000000000000000000,0.04472088642088132,0.9973184987059581
48,7,1,1729203629373085669654693126610322876360768140843691202108076171027497923478851968993150852174764920823621546819579435320510750877726673758015559528633455587417268448766237183317613956038435969253390526007344274304024894793895712907650666727733902764240426393032607/38276646315045061112199536080204366886835314545573724073468750000000000000000000000000000000000000000000000000000000000000000000000000000000000000000000000000000000000000000000000000000000000000000000000000000000000000000000000000000000000000000000000000000000000000,0.04517646648403998,1,1721091001693567049687721167497868776609118985961110120928139230813855365980482981927677181039211158299627180010414383698215064234148059813603011209595241252706956714644562569098212370848669600216155289273260994757829646793895712907650666727733902764240426393032607/38276646315045061112199536080204366886835314545573724073468750000000000000000000000000000000000000000000000000000000000000000000000000000000000000000000000000000000000000000000000000000000000000000000000000000000000000000000000000000000000000000000000000000000000000,0.0449645192927227,0.995308460182645
48,8,1,7123098667218918657164996815484764401757128061017917508485939725806170018993146218228935773483153775168924468279900103287615521173782369694219075171812357573778873867349874666648880048213095974632974501146915029658500091181811754200896309948271204791112865814949/157517063024876794700409613498783402826482775907710798656250000000000000000000000000000000000000000000000000000000000000000000000000000000000000000000000000000000000000000000000000000000000000000000000000000000000000000000000000000000000000000000000000000000000000,0.04522112417810864,19/20,1098238020795725862433322426370878387933893005845542131952343528129752693139956593797481123908059131809141599776951240339925332671861474223133132712029148945376054190535557703656547575714299834591553270741839965397687384209182136311048937497448095049283936928770433016006743067923/24497053641628839111807703091330794807574601309167183407020000000000000000000000000000000000000000000000000000000000000000000000000000000000000000000000000000000000000000000000000000000000000000000000000000000000000000000000000000000000000000000000000000000000000000000000000000000,0.044831433071993824,0.9913825427121189
48,9,19/20,13749221234655113283794457889508390663766015459138480972263840271607713022228726442117911710706621716657780179035442752058024831322893852980497856967008628087448936300776617839006184210666060390009447406985081353936365692869080062134460686707446629089480702824326333530947445283/302432761007763445824786457917664133426846929742804733420000000000000000000000000000000000000000000000000000000000000000000000000000000000000000000000000000000000000000000000000000000000000000000000000000000000000000000000000000000000000000000000000000000000000000000000000000000,0.04546207622758888,9/10,212898759896398534272055264112611387991063971741265068091483569628966363324605804579234793068092090411104249557343625746123320890718322176138204648879019971452809393417286195664751111850819114950849153001977665210964592821464520698337292569620864556291443064372227206741748363/4725511890746303841012288404963502084794483277231323959687500000000000000000000000000000000000000000000000000000000000000000000000000000000000000000000000000000000000000000000000000000000000000000000000000000000000000000000000000000000000000000000000000000000000000000000000000,0.0450530577043528,0.9910030830710748
49,0,1,25786883052359926207116965137610177880109939696888938677851462513894275131623639544532297502232209351/629284446395289316328731399174570057456138107456218342194933638610550784000000000000000000000000000000,0.04097810330459323,1,25786883052359926207116965137610177880109939696888938677851462513894275131623639544532297502232209351/629284446395289316328731399174570057456138107456218342194933638610550784000000000000000000000000000000,0.04097810330459323,1.0
49,1,1,22193631146836353938337393054901419281764371324497991563694040574646317004712683909416774122778997547469325529491343/540119172817001709647997149712670375547909065924259670234146380185600000000000000000000000000000000000000000000000000,0.041090248715084585,1,3883872353423379438167944763114520470207060038699555310646011943165692701571363073804752040118619402893601195140532929/94520855242975299188399501199717315720884086536745442290975616532480000000000000000000000000000000000000000000000000000,0.04109011015018323,0.999996627791126
49,2,1,156464390400495893090058529427254206402188572784860101509875137675410467675491291029119146309515620533066542360897449/3780834209719011967535980047988692628835363461469817691639024661299200000000000000000000000000000000000000000000000000,0.041383562918016495,1,558771821327528549517152691188129094135737970841409222114066494572705242785920884351101533947045412078556281830158903/13502979320425042741199928742816759388697726648106491755853659504640000000000000000000000000000000000000000000000000000,0.0413813728117255,0.9999470778701358
49,3,1,17554826581266227940265189208721717012092044058241638031042699414875411273402266665954505416280861864096131982395361/420092689968779107503997783109854736537262606829979743515447184588800000000000000000000000000000000000000000000000000,0.04178798393890378,1,62679511002153383259099773645093004286855331911273328649215114013932355265453685900659652811824290709129287642419967/1500331035602782526799992082535195487633080738678499083983739944960000000000000000000000000000000000000000000000000000,0.041777120858511645,0.9997400429652691
49,4,1,159653316770543389653712295566875406610129951246644334198737356113957562039147253376229407266454852787181075460485801/3780834209719011967535980047988692628835363461469817691639024661299200000000000000000000000000000000000000000000000000,0.042227008092589356,1,3988179777171495963279612152648319242570850898567731431346755301536380008300612579833152340111076724101768280771801729/94520855242975299188399501199717315720884086536745442290975616532480000000000000000000000000000000000000000000000000000,0.04219364887166416,0.9992100027344573
49,5,1,2357194640703625763666833629003180740366330304556813764536834500354706490960368966412179520834856914737078983/55308203296460975067954908130577446456105888350644190231976589331005440000000000000000000000000000000000000000,0.04261925899253459,1,411749587368666718770015197522843451424469206925458856276366411815460372342132621201866880039323128167816693257/9678935576880670636892108922851053129818530461362733290595903132925952000000000000000000000000000000000000000000,0.04254079222845344,0.9981588895270352
49,6,1,2573419005987496510481456665280001902070937276213205148574121503529483134890085929646808471036531861699006217557527/60013241424111301071999683301407819505323229547139963359349597798400000000000000000000000000000000000000000000000000,0.04288085337369535,1,575982533311182163622292801490065435640947128390853507133357261887112072395904465880318251963996271065389422720250103/13502979320425042741199928742816759388697726648106491755853659504640000000000000000000000000000000000000000000000000000,0.042655959077115106,0.9947553679815943
49,7,1,23054170867587611981870804577544850254832151223263758818783419985124284241779639850250374916792852821309357767417807/540119172817001709647997149712670375547909065924259670234146380185600000000000000000000000000000000000000000000000000,0.04268348917767194,1,3993248048810687881496013668896948932120769293642823895256464535721092748306156032828390758880736360767424337992187521/94520855242975299188399501199717315720884086536745442290975616532480000000000000000000000000000000000000000000000000000,0.04224726954221526,0.9897801317591236
49,8,19/20,228747070710020521536065491103157080027170445845350985765910463087933428033133897513503073937855186481216610468550230600059421437/5377186431600372576051171623806140627676961367423740716997723962736640000000000000000000000000000000000000000000000000000000000000,0.04254029009776033,19/20,5643384822463864939787803352223683662269735633406020686559658914321119117159773184681604798586968242977967759065775363809550453429/134429660790009314401279290595153515691924034185593517924943099068416000000000000000000000000000000000000000000000000000000000000000,0.041980205776754265,0.9868340267610081
49,9,9/10,10761513365193151040415483605397594476860581985462344073838766387360880793889161392925886016701115979579088887755412207693536447/252055613981267464502398669865912841922357564097987846109268310753280000000000000000000000000000000000000000000000000000000000000,0.04269499574007876,9/10,27236778752099158604596503638790744786160773088772412081450936121281038778708834961852928837721067480895689459178018125471/645262371792044709126140594856736875321235364090848886039726875528396800000000000000000000000000000000000000000000000000000,0.042210393698390074,0.9886496758393214
50,0,1,6270685986204747400063328518246618240676241105067587204626937229521103533537154341472939715657572439404901779360715276437638142011204596945949702686792098065163970627164601637076458193171868381265319156469303564162665824950248210903640615605273859807561501661551/159765691540677034990702550492532400353089193249240663687500000000000000000000000000000000000000000000000000000000000000000000000000000000000000000000000000000000000000000000000000000000000000000000000000000000000000000000000000000000000000000000000000000000000000,0.03924926513154549,1,6270685986204747400063328518246618240676241105067587204626937229521103533537154341472939715657572439404901779360715276437638142011204596945949702686792098065163970627164601637076458193171868381265319156469303564162665824950248210903640615605273859807561501661551/159765691540677034990702550492532400353089193249240663687500000000000000000000000000000000000000000000000000000000000000000000000000000000000000000000000000000000000000000000000000000000000000000000000000000000000000000000000000000000000000000000000000000000000000,0.03924926513154549,1.0
50,1,1,44018574871842870144435244491517742246685469564092316964310864092514749479767356222991334936529881135616424056520481836960614802820630572863918765021970060100250958246545353753647311824156831853907701116209803923263016064837304180882783924434917018652930511630857/1118359840784739244934917853447726802471624352744684645812500000000000000000000000000000000000000000000000000000000000000000000000000000000000000000000000000000000000000000000000000000000000000000000000000000000000000000000000000000000000000000000000000000000000000,0.03935993878406398,1,44018371091468428789657101497740791459292347655458045684679228698921241478480865066441368445144032235202128733261200847392457819274263665869922220523374705599610855799979056127773463297549754243305629956233286332348034064837304180882783924434917018652930511630857/1118359840784739244934917853447726802471624352744684645812500000000000000000000000000000000000000000000000000000000000000000000000000000000000000000000000000000000000000000000000000000000000000000000000000000000000000000000000000000000000000000000000000000000000000,0.0393597565704624,0.9999953705821909
50,2,1,44329436392065456794009521575810617264395096607782108481153145189677367361128822554605780870928849955314509293012752151821968202214633706971436246350597338803343182496917667507743702930977324542543690225704082717824081935394004294554682770028917018652930511630857/1118359840784739244934917853447726802471624352744684645812500000000000000000000000000000000000000000000000000000000000000000000000000000000000000000000000000000000000000000000000000000000000000000000000000000000000000000000000000000000000000000000000000000000000000,0.03963790076811059,1,44326219121152706138691152814560273576486209240914513123637837041770825353277756454261868864817743884217896282559447033248692532042144499751391995995455659033142706046089620869883622203895250772910551666079801263184369935394004294554682770028917018652930511630857/1118359840784739244934917853447726802471624352744684645812500000000000000000000000000000000000000000000000000000000000000000000000000000000000000000000000000000000000000000000000000000000000000000000000000000000000000000000000000000000000000000000000000000000000000,0.039635023991964474,0.9999274235998785
50,3,1,44728610783447190596339353307020244380916294918242692459207093595872886999837619818653533083113657760152146228051947324738230304843492307559992439546990289357974192341746468504782317389407144233625046996609486949385858386321837817341180846018917018652930511630857/1118359840784739244934917853447726802471624352744684645812500000000000000000000000000000000000000000000000000000000000000000000000000000000000000000000000000000000000000000000000000000000000000000000000000000000000000000000000000000000000000000000000000000000000000,0.0399948291706019,1,44712682920050652289805506520964937203452837119769594702698741920729106772809778797075161371261280431720805732455475261929315291502112132649228497932126899262468342542018018386640778665754625774857283038511562085272316386321837817341180846018917018652930511630857/1118359840784739244934917853447726802471624352744684645812500000000000000000000000000000000000000000000000000000000000000000000000000000000000000000000000000000000000000000000000000000000000000000000000000000000000000000000000000000000000000000000000000000000000000,0.03998058700737708,0.9996438998860561
50,4,1,45107746997983058832492605550692808615839014531397863158281593436097996374310357861219365548699946003668552525012749750460822682081491071004804805971305654138962585698773987698056918643847195490855568338782425978888345417620804749242278152404917018652930511630857/1118359840784739244934917853447726802471624352744684645812500000000000000000000000000000000000000000000000000000000000000000000000000000000000000000000000000000000000000000000000000000000000000000000000000000000000000000000000000000000000000000000000000000000000000,0.04033384010492679,1,45058964830633824770679214302002159162463974215837963923830276376980363377733534704558654807654606361402800910724438492241496842080474912075769805372123496691800958916419025564071351722928767176725351384793922704652953417620804749242278152404917018652930511630857/1118359840784739244934917853447726802471624352744684645812500000000000000000000000000000000000000000000000000000000000000000000000000000000000000000000000000000000000000000000000000000000000000000000000000000000000000000000000000000000000000000000000000000000000000,0.040290220720923337,0.9989185412574161
50,5,1,45341363252824817656266427293325546287262636348461199228401680555487721573374546904448152012543263281297355834795681976243467814254809010793933877059968828977504672072601190835745706803693196282799049061430964597355451221332138840388270456364917018652930511630857/1118359840784739244934917853447726802471624352744684645812500000000000000000000000000000000000000000000000000000000000000000000000000000000000000000000000000000000000000000000000000000000000000000000000000000000000000000000000000000000000000000000000000000000000000,0.04054273195379525,1,45115875487765386065256319170586341341661857165347818230335568776539970341651724225831472302508739433914184470241870088206652966469812462754717469424302351659295543372595498138051451527374372942514825731864166771538779221332138840388270456364917018652930511630857/1118359840784739244934917853447726802471624352744684645812500000000000000000000000000000000000000000000000000000000000000000000000000000000000000000000000000000000000000000000000000000000000000000000000000000000000000000000000000000000000000000000000000000000000000,0.04034110832887931,0.995026886073052
50,6,1,6422970576262935089352806488378160045165701387324738718213267435765374849640642250691101198393933876872009380716582004547200314215852728578125057895540361173712761376587293449168703647970362895591336992384828804297152856249215142804737921991273859807561501661551/159765691540677034990702550492532400353089193249240663687500000000000000000000000000000000000000000000000000000000000000000000000000000000000000000000000000000000000000000000000000000000000000000000000000000000000000000000000000000000000000000000000000000000000000,0.04020243967477598,1,6366769676412378740326381293982222375211727922966881010891434756147269589979847744166589109428220744693177049342048719563299831161865323557086156773386586464847050326168581784111683652233366459080929120439295120458326856249215142804737921991273859807561501661551/159765691540677034990702550492532400353089193249240663687500000000000000000000000000000000000000000000000000000000000000000000000000000000000000000000000000000000000000000000000000000000000000000000000000000000000000000000000000000000000000000000000000000000000000,0.03985066890779471,0.9912500144312889
50,7,19/20,2019912370693170581977939394098385451011145661818958502575834539206353674917772835091905483545377129123284341439837846458427061519778932460986539464847695638947765027095984245025441842255252069477626463949189915164817220464447019011395358952683625640765975963909622213176807413/51125021293016651197024816157610368112988541839757012380000000000000000000000000000000000000000000000000000000000000000000000000000000000000000000000000000000000000000000000000000000000000000000000000000000000000000000000000000000000000000000000000000000000000000000000000000000,0.03950927196912635,19/20,13968662783689653144196116073113156718815710836059164345686580363377293210779003644893261791475960897991019966389148815289369109210595655832804041748103906294648319659381961533877488506941652327948161663430181056711382322181714733079767512668785379485361831747367355492237651891/357875149051116558379173713103272576790919792878299086660000000000000000000000000000000000000000000000000000000000000000000000000000000000000000000000000000000000000000000000000000000000000000000000000000000000000000000000000000000000000000000000000000000000000000000000000000000,0.03903222344643567,0.987925656462021
50,8,9/10,219459660763376685459019981402821002046587702910071845910930907483527040538658952790754545234619730387949561609723066072171940178385706414227767895192531654312565446801323412613914877952624170965863007195976369860552690405791166402379491966382687552489292947310278814950065051/5591799203923696224674589267238634012358121763723423229062500000000000000000000000000000000000000000000000000000000000000000000000000000000000000000000000000000000000000000000000000000000000000000000000000000000000000000000000000000000000000000000000000000000000000000000000000,0.03924669909630957,9/10,216440048101665146009879530409901741650792037086809290691836046122812875426391570598145972002588569175823226660757951099514968016198392302268934879731826345390032101121893593011514249072340613813979343916830138523132526871697761106699527290210056206489292947310278814950065051/5591799203923696224674589267238634012358121763723423229062500000000000000000000000000000000000000000000000000000000000000000000000000000000000000000000000000000000000000000000000000000000000000000000000000000000000000000000000000000000000000000000000000000000000000000000000000,0.038706691747763734,0.9862406938422852
50,9,17/20,24980249587577657335575018438870051691811433983342119012437117585393936652648834425643391380568776177908521923386378627526405811889609158254982458402270381623296128591839773087153995603146910115306205084850867899647886901836919765688755284691509535410291914514131710902269993/635657458350118220922155795920555198562912598362875820000000000000000000000000000000000000000000000000000000000000000000000000000000000000000000000000000000000000000000000000000000000000000000000000000000000000000000000000000000000000000000000000000000000000000000000000000000,0.039298287559490275,17/20,24659395094264277326175521173724048672844751850100125198550282534769556686423355234968057676435751294826643558900964211955509348758082669358414901534410694162685036831199129072436040729769865740263847330581548677236356872870494765688755284691509535410291914514131710902269993/635657458350118220922155795920555198562912598362875820000000000000000000000000000000000000000000000000000000000000000000000000000000000000000000000000000000000000000000000000000000000000000000000000000000000000000000000000000000000000000000000000000000000000000000000000000000,0.0387935275050009,0.9871556730372727
51,0,1,3540904723304941397721803845010233990324694444985051166243149444589393403845878147398397385836412758000500018172730243661887749580971122993660355899872002117268133005137620285633755761111537138468/95079124223709225399590434389470178424761746288584562122665978826978472147852683716043702879317431540835055061599383677825022389007626514264621579115423590823630295432167258695699274539947509765625,0.037241663216981656,1,3540904723304941397721803845010233990324694444985051166243149444589393403845878147398397385836412758000500018172730243661887749580971122993660355899872002117268133005137620285633755761111537138468/95079124223709225399590434389470178424761746288584562122665978826978472147852683716043702879317431540835055061599383677825022389007626514264621579115423590823630295432167258695699274539947509765625,0.037241663216981656,1.0
51,1,1,7164841787293034417016905587002008611091519837795304120760245442617242163166760646168247551140324384030458184704626685765147872514037997142137409693977152675215818888387173975667512595052859990335726892605609705469/191832842174225265338949917190388971585701832935909771136366450875698290838723594160633571504855358022857514401323308569913272947360383113846182823181152343750000000000000000000000000000000000000000000000000000000000,0.037349401208296884,1,7164795633181690573953521199942963922679295654604322233039781971253590728499326074670066502797564740758873225768332141165275195766265517113170824691733522248054022981206874545684753856719500629640841638699359705469/191832842174225265338949917190388971585701832935909771136366450875698290838723594160633571504855358022857514401323308569913272947360383113846182823181152343750000000000000000000000000000000000000000000000000000000000,0.0373491606128346,0.99999355825115
51,2,1,7044699115303742757578903487516031225829580967987462395113158604597332600679219004690536211318894423854133688387632136322938459922776877541862729057462549907819634534785241561124770693159885654191299026963133181/187336759935766860682568278506239230064161946226474385875357862183299112147191009922493722172710310569196791407542293525305930612656624134615412913262844085693359375000000000000000000000000000000000000000000000000,0.03760446757870263,1,7043988338148178610529883107901333995893077804574117615639445036729175263814193373814516605669968053609538993920104035428478627624852880616174108213421686202307429218587059905077388999662585506181045120713133181/187336759935766860682568278506239230064161946226474385875357862183299112147191009922493722172710310569196791407542293525305930612656624134615412913262844085693359375000000000000000000000000000000000000000000000000,0.03760067346399814,0.9998991046822681
51,3,1,7269474239739252450240604390055485297164538217000941480423173495095767586521898851000836682903210419287336752895806795450765978886334257143395206672988537610719544264231843255480560630371349964641257440701312830469/191832842174225265338949917190388971585701832935909771136366450875698290838723594160633571504855358022857514401323308569913272947360383113846182823181152343750000000000000000000000000000000000000000000000000000000000,0.03789483676177312,1,7265877919894505840207412073621878988407084428648591471816030728800500712541362418826516640240764404671661194763269389351868885017329542272837419268056917142928016757481972086363976133565905604861899530545062830469/191832842174225265338949917190388971585701832935909771136366450875698290838723594160633571504855358022857514401323308569913272947360383113846182823181152343750000000000000000000000000000000000000000000000000000000000,0.037876089607719696,0.9995052847391511
51,4,1,7304884282478757746572138793730477365768381396373543816946198888349709965996871911091031046200858644926714972150133172427904767094885020781455574183237600293279961418406500098703482195904950425260985529080219080469/191832842174225265338949917190388971585701832935909771136366450875698290838723594160633571504855358022857514401323308569913272947360383113846182823181152343750000000000000000000000000000000000000000000000000000000000,0.03807942477255464,1,7279230829114869009807493580407855156903880417117062659510155106340123512110951053019806766118944201181954623120246631578592150246969207034669121528543578026141867707422891778098410556030000373953307306423969080469/191832842174225265338949917190388971585701832935909771136366450875698290838723594160633571504855358022857514401323308569913272947360383113846182823181152343750000000000000000000000000000000000000000000000000000000000,0.03794569661071784,0.9964881779954516
51,5,1,7063987354150559022396229659383743799744892011108193447326031883420711127125746991871168547388634119937041543518571291327726279296288413331041712029276008944375258449406915489496344672923835867924972122666258181/187336759935766860682568278506239230064161946226474385875357862183299112147191009922493722172710310569196791407542293525305930612656624134615412913262844085693359375000000000000000000000000000000000000000000000000,0.037707427824483705,1,7014807337445852886686127169381690570260354716790422313667953263201317508210260498583527198285611989965088587760943011074650774885651419889421431116867091061782024937091950962926961221208724135442061966416258181/187336759935766860682568278506239230064161946226474385875357862183299112147191009922493722172710310569196791407542293525305930612656624134615412913262844085693359375000000000000000000000000000000000000000000000000,0.03744490584683464,0.9930379240166944
51,6,1,1009860122098465773103513146208899122946141227974595662670445895795230748340118509779837232030240463006540475167239498065648046418806199532999356441507409311343846381314582010636441940110440543993629886373904065067/27404691739175037905564273884341281655100261847987110162338064410814041548389084880090510214979336860408216343046186938559038992480054730549454689025878906250000000000000000000000000000000000000000000000000000000000,0.03684989897751229,1,997376945701704938650340599512368448281742907420391106243951320218154784039584381370058801265498291348997763936837370771343488508121096894071951322804971152319009873301994873596520140668641022547401859030154065067/27404691739175037905564273884341281655100261847987110162338064410814041548389084880090510214979336860408216343046186938559038992480054730549454689025878906250000000000000000000000000000000000000000000000000000000000,0.03639438659607156,0.9876387074570079
51,7,19/20,97892995697694288369902675783013905475723495005087431814385887282508409860596449053297293114353066015812184138244997240253231398526218139493088247066581431211684571480447154631544784358584062816016114035767708850845266213/2744190819371584873279808767181238721642997259176870886846062434325670588093618309411529133389311189978468624133920315312098592958837267596905462596623692661523818969726562500000000000000000000000000000000000000000000000000,0.03567280926918618,19/20,96214022377479604700162535135086807084193026863879511814778721601902535006410048470422951598043436685732634077047804754619515856670995702114818572591910691939758066320605122748129867072793483189679420272034798694595266213/2744190819371584873279808767181238721642997259176870886846062434325670588093618309411529133389311189978468624133920315312098592958837267596905462596623692661523818969726562500000000000000000000000000000000000000000000000000,0.03506098107255984,0.9828488922190147
51,8,9/10,50482670408023449935348053654454364220923449803396624493416278374016118202995543141316385263702676250031509396869873282314827728124934742577840508704218698872338378656708791709105367028518434351961669474357062014396339097538551/1438746316306689490042124378927917286892763747019323283522748381567737181290426956204751786286415185171431358009924814274349547105202873353846371173858642578125000000000000000000000000000000000000000000000000000000000000000000000,0.03508795806172013,17/20,31639982556205863547622347400061863461149820767285364630198913018671634960828517419858895340135451869584062080899761620305111346519358630379795728167615148807509616365232925075090059490252423542197131623322127697886020629/914730273123861624426602922393746240547665753058956962282020811441890196031206103137176377796437063326156208044640105104032864319612422532301820865541230887174606323242187500000000000000000000000000000000000000000000000000,0.034589412295444565,0.9857915423462768
51,9,17/20,33752957428627580097659576304410700873435401542977711836519858981622129896076190157496747359510650169745349291343958871279632158910357296357683660369877258377256119699560618905841940529649014863393439183665080759432214828402429/959164210871126326694749585951944857928509164679548855681832254378491454193617970803167857524276790114287572006616542849566364736801915569230914115905761718750000000000000000000000000000000000000000000000000000000000000000000000,0.0351899675217997,4/5,13527220977448628897618775948484104170196572837098315091492737905736616841715203221699544387385831616491965061133200105943281750707085860138947165971793170784620661635453756459000585790729856897356828259058844496600775649/392027259910226410468544109597319817377571037025267269549437490617952941156231187058789876198473027139781232019131473616014084708405323942415066085231956094503402709960937500000000000000000000000000000000000000000000000000,0.034505817224410214,0.9805583708775613
52,0,1,5580390579407027127200482473720427782860461707419005758440570942687262513910984734919213778492056235102172446139811345953772909009417722463432379397862198673137547603462103497007118467011707876700862281060421409977923856592817530242836012865354711276040590829457/160125774133793081726611541293101164939108875608063051562500000000000000000000000000000000000000000000000000000000000000000000000000000000000000000000000000000000000000000000000000000000000000000000000000000000000000000000000000000000000000000000000000000000000000,0.0348500459066904,1,5580390579407027127200482473720427782860461707419005758440570942687262513910984734919213778492056235102172446139811345953772909009417722463432379397862198673137547603462103497007118467011707876700862281060421409977923856592817530242836012865354711276040590829457/160125774133793081726611541293101164939108875608063051562500000000000000000000000000000000000000000000000000000000000000000000000000000000000000000000000000000000000000000000000000000000000000000000000000000000000000000000000000000000000000000000000000000000000000,0.0348500459066904,1.0
52,1,1,39178557245125507328470372441770363848449865638342896297096277649673984251916653949023279574068504285655631481782348311921220659317229780114137174087428043952296848847115218533094474561528178280509523942348466812651324620927817335575420773007482978932284135806199/1120880418936551572086280789051708154573762129256441360937500000000000000000000000000000000000000000000000000000000000000000000000000000000000000000000000000000000000000000000000000000000000000000000000000000000000000000000000000000000000000000000000000000000000000,0.03495337824020213,1,39178199765760875048609757336228776818567086115462565809859675960246533028055724694457189314902889269811731878483527010294880045645200499563142957422211011924315266530434150736422715678809973754086994024579587143299374620927817335575420773007482978932284135806199/1120880418936551572086280789051708154573762129256441360937500000000000000000000000000000000000000000000000000000000000000000000000000000000000000000000000000000000000000000000000000000000000000000000000000000000000000000000000000000000000000000000000000000000000000,0.034953059312903025,0.9999908756373442
52,2,1,39429192476599350577929520856581263472218806113233650157785321695527792465549084413313035149951335352340223068919052720563415074695622045923855826296440060517234498837115218313857268263418469970521134712420644637368897495262101207202126821857482978932284135806199/1120880418936551572086280789051708154573762129256441360937500000000000000000000000000000000000000000000000000000000000000000000000000000000000000000000000000000000000000000000000000000000000000000000000000000000000000000000000000000000000000000000000000000000000000,0.035176983923056,1,39423561791989143879119204117217735631846854624892895748062541099683692720115209734052868026580769770307660808982452867241818461920036348627662188686527015066044341182664699149537464573066397547760656028118569927737697495262101207202126821857482978932284135806199/1120880418936551572086280789051708154573762129256441360937500000000000000000000000000000000000000000000000000000000000000000000000000000000000000000000000000000000000000000000000000000000000000000000000000000000000000000000000000000000000000000000000000000000000000,0.03517196047495656,0.9998571950309774
52,3,1,39654376786933951988152702753995830081264198900752926842061456408111955407662051613171299561346992054893560640693090822358999129108970470546162768882360605821627411300136941819243846109772846334489979669546364332898185619152574326579970236607482978932284135806199/1120880418936551572086280789051708154573762129256441360937500000000000000000000000000000000000000000000000000000000000000000000000000000000000000000000000000000000000000000000000000000000000000000000000000000000000000000000000000000000000000000000000000000000000000,0.03537788341824769,1,39591929514973053639055830244960584863329860094012247564336816304927055145176556317342089595465074986060663026760606713262708895357351503153514143112985975424421159368879764150480343756477075054127366088750565526639988992599236693708951017257482978932284135806199/1120880418936551572086280789051708154573762129256441360937500000000000000000000000000000000000000000000000000000000000000000000000000000000000000000000000000000000000000000000000000000000000000000000000000000000000000000000000000000000000000000000000000000000000000,0.03532217072052732,0.9984252111110854
52,4,1,39306147044031160179312717267705908028310049427052588338047409449656533692699013095984514941439505294093085027493951435156780030806074809675322065578140527179228176440301665805212956993904469186145091872342223254991907615602088308589069163807482978932284135806199/1120880418936551572086280789051708154573762129256441360937500000000000000000000000000000000000000000000000000000000000000000000000000000000000000000000000000000000000000000000000000000000000000000000000000000000000000000000000000000000000000000000000000000000000000,0.03506720822308889,1,39109372569316468384915078846348283083691496271277044063419518541787520658465176885745952471013829740042386931237750385326667437966084201112922962126296441484926544904186037394219415651026640172063893266792429910023157615602088308589069163807482978932284135806199/1120880418936551572086280789051708154573762129256441360937500000000000000000000000000000000000000000000000000000000000000000000000000000000000000000000000000000000000000000000000000000000000000000000000000000000000000000000000000000000000000000000000000000000000000,0.034891654728362496,0.9949937989471657
52,5,1,38350349900331239796318219165587127515683218757181555277532298635554578803169817591774462446349066038357691474726970705583587221744125117120704511080472944980545497326435105948948937525672299520578856061582394422356341488161129171220324676257482978932284135806199/1120880418936551572086280789051708154573762129256441360937500000000000000000000000000000000000000000000000000000000000000000000000000000000000000000000000000000000000000000000000000000000000000000000000000000000000000000000000000000000000000000000000000000000000000,0.034214488229455005,1,37965855995738117458389600742388026178739565463398965118868529018988323312664429484477776809533326118880546591692020014769792048218142983381663268466217967149026059669775716857129244839423233276980082633114342942229141488161129171220324676257482978932284135806199/1120880418936551572086280789051708154573762129256441360937500000000000000000000000000000000000000000000000000000000000000000000000000000000000000000000000000000000000000000000000000000000000000000000000000000000000000000000000000000000000000000000000000000000000000,0.033871459751039876,0.9899741747965173
52,6,1,5231885129667621344341653614675293315699856156963835277404269836517400272411587284068883735928728023577137456895925652832648816485924057604139661087914194476273503990077306863493000096840768888923549760716595906018927230039479897371816793515354711276040590829457/160125774133793081726611541293101164939108875608063051562500000000000000000000000000000000000000000000000000000000000000000000000000000000000000000000000000000000000000000000000000000000000000000000000000000000000000000000000000000000000000000000000000000000000000,0.03267359772634804,1,5137116762905461160241144714391912381467079721388103210687398862028014862670374783128471608723967246861841300035493449954076574038427051508038170313460937824576847837643047377999785891242216325995787965990869318300077230039479897371816793515354711276040590829457/160125774133793081726611541293101164939108875608063051562500000000000000000000000000000000000000000000000000000000000000000000000000000000000000000000000000000000000000000000000000000000000000000000000000000000000000000000000000000000000000000000000000000000000000,0.03208176067029124,0.9818863823624926
52,7,9/10,20826931046324094278778689995692558974179950942393513885159418352438989431231259065406991282840382686075720429393112605372455313815781878685386867839285618777421214292351409236734183900529516775658281922245554359813005211138783198241820866153102862251744500909270432947822517/672528251361930943251768473431024892744257277553864816562500000000000000000000000000000000000000000000000000000000000000000000000000000000000000000000000000000000000000000000000000000000000000000000000000000000000000000000000000000000000000000000000000000000000000000000000000,0.03096811324155924,9/10,20384622018434035656406242931264791408256973072850526061180351727616994315314269602287883967375510750497967800085699240854615282975317389583051932689905962370018295319362981727007242468547301466564840770862274108958176213711583198241820866153102862251744500909270432947822517/672528251361930943251768473431024892744257277553864816562500000000000000000000000000000000000000000000000000000000000000000000000000000000000000000000000000000000000000000000000000000000000000000000000000000000000000000000000000000000000000000000000000000000000000000000000000,0.03031043227872334,0.9787626402129888
52,8,17/20,435535535269505057685861454388705388575408369657558336183193583528590065086190760172988050384235316826097087885094097652159025074556180059989567671246970284540424099749509238071948317740772104861739845165222687669555402129581006359427810289598705477892930079448986290531680951/14347269362387860122704394099861864378544155254482449420000000000000000000000000000000000000000000000000000000000000000000000000000000000000000000000000000000000000000000000000000000000000000000000000000000000000000000000000000000000000000000000000000000000000000000000000000000,0.03035668490418706,17/20,423862885440807771527324616854456629268730081342651028177853067306326035197714376533523614074047658934978680046527347631515058950274667530627245223506449695680430945097510558450986913776173575592814819811134050206907317718765031359427810289598705477892930079448986290531680951/14347269362387860122704394099861864378544155254482449420000000000000000000000000000000000000000000000000000000000000000000000000000000000000000000000000000000000000000000000000000000000000000000000000000000000000000000000000000000000000000000000000000000000000000000000000000000,0.029543105014253595,0.9731993169708314
52,9,4/5,15164774311506366366303109996921577877173003600689215340394055963573463683474232692547322502715698586839931731358921148419234475348775950388089506782737471321658109285707333701791446790369728072460195712915124985290762436496493732059891758081961106521020904858968854050887/500393044168103380395661066540941140434715236275197036132812500000000000000000000000000000000000000000000000000000000000000000000000000000000000000000000000000000000000000000000000000000000000000000000000000000000000000000000000000000000000000000000000000000000000000000000,0.030305725645562474,4/5,103619973983579953174563044034053685241222317412858143138088404936931379705951985199882901247167486922553864968742344576368576891397166365669136876075722133756034843110279477651829899186012088290492668624468009757678499879629558897269213517825733745647146334012781978356209/3502751309176723662769627465786587983043006653926379252929687500000000000000000000000000000000000000000000000000000000000000000000000000000000000000000000000000000000000000000000000000000000000000000000000000000000000000000000000000000000000000000000000000000000000000000000,0.029582452431638512,0.9761341067234974
53,0,1,4954297715710166605217980930257908217105637512694121011490282159393498770391653818040553485478401444165844820862713669958316489201897464068617010669808852242326032310265911700166849411826570533696081239462248124098909456393/155196783235223431557507471050227106569790295216914082871931544792623580697465968114556744694709777832031250000000000000000000000000000000000000000000000000000000000000000000000000000000000000000000000000000000000000000000000,0.03192268301206478,1,4954297715710166605217980930257908217105637512694121011490282159393498770391653818040553485478401444165844820862713669958316489201897464068617010669808852242326032310265911700166849411826570533696081239462248124098909456393/155196783235223431557507471050227106569790295216914082871931544792623580697465968114556744694709777832031250000000000000000000000000000000000000000000000000000000000000000000000000000000000000000000000000000000000000000000000,0.03192268301206478,1.0
53,1,1,4969463824287598296756526557691144476610043881060526129012791783868720953618514107447217681074726905525979329727973834225562834902244684880316184283002576181009917617262293070940962808483227213380724945008146561598909456393/155196783235223431557507471050227106569790295216914082871931544792623580697465968114556744694709777832031250000000000000000000000000000000000000000000000000000000000000000000000000000000000000000000000000000000000000000000000,0.03202040480926495,1,4969397978429373442843365508348678490386519676586618725891713619278960040875922548953013761277909086476625524664755368128462218525513746433067530978362839341162546273750610799150143776827438791749865570008146561598909456393/155196783235223431557507471050227106569790295216914082871931544792623580697465968114556744694709777832031250000000000000000000000000000000000000000000000000000000000000000000000000000000000000000000000000000000000000000000000,0.0320199805359208,0.9999867499069209
53,2,1,713981509196059501132232779495926044860405297546153137206442381576710945761302375296831606001163873040091024235221685528269276393285344951212347292876630258735446351895249642803427094038017785504058008806548839156987065199/22170969033603347365358210150032443795684327888130583267418792113231940099637995444936677813529968261718750000000000000000000000000000000000000000000000000000000000000000000000000000000000000000000000000000000000000000000000,0.03220344172209686,1,713833522268132532909317121431414225889051968090977305554102948133687142768661580728230348096173940515964106022688394887758673884397798954710160076687152615698178496686213497292715735967644250347808008806548839156987065199/22170969033603347365358210150032443795684327888130583267418792113231940099637995444936677813529968261718750000000000000000000000000000000000000000000000000000000000000000000000000000000000000000000000000000000000000000000000,0.03219676691560993,0.9997927300272894
53,3,1,4977143906561421954443313466348190721250412988697411417189275130521818593883490177417852971172545816968442605567248673856756147024390235269680732278374091252161803336652380760700234845216622330525380528196623124098909456393/155196783235223431557507471050227106569790295216914082871931544792623580697465968114556744694709777832031250000000000000000000000000000000000000000000000000000000000000000000000000000000000000000000000000000000000000000000000,0.03206989090113957,1,4961661358524355430811809469000185236085649640017317037398149514875227644513796595607343321376259738183672091627304137553552413020365949818182174993793841697968810175554785588500562741334786393025380528196623124098909456393/155196783235223431557507471050227106569790295216914082871931544792623580697465968114556744694709777832031250000000000000000000000000000000000000000000000000000000000000000000000000000000000000000000000000000000000000000000000,0.03197013014763477,0.9968892705680751
53,4,1,694619597240434165624473811790750190731993992307572184045629865781012571571214652726204512212648478643836320248758202627197803356036427154022710761744906554439465604195724931423492603870353547214239125444244151656987065199/22170969033603347365358210150032443795684327888130583267418792113231940099637995444936677813529968261718750000000000000000000000000000000000000000000000000000000000000000000000000000000000000000000000000000000000000000000000,0.031330141510172,1,689492407557562228953531954091581952457170064199546036005563104777971725844765585870589440979174127916965096916625801970383270752749789382622783387951389243268270468048349328588087991746387330173223500444244151656987065199/22170969033603347365358210150032443795684327888130583267418792113231940099637995444936677813529968261718750000000000000000000000000000000000000000000000000000000000000000000000000000000000000000000000000000000000000000000000,0.031098884605022702,0.9926187085661834
53,5,1,4632208813596474227534397866618988322587390788049882661709261526665826260770375893254975334672634017277969024791471384166322714636115056173026082013727892465990661063769756200645190151511071842187004639114591874098909456393/155196783235223431557507471050227106569790295216914082871931544792623580697465968114556744694709777832031250000000000000000000000000000000000000000000000000000000000000000000000000000000000000000000000000000000000000000000000,0.0298473249060561,1,4562411258060599337820808927237717238658402337379515766763718621199338556744607206111558588014281592497497019721933692116478438584853723158265687418811613928040876561491378883571850125609277408593254639114591874098909456393/155196783235223431557507471050227106569790295216914082871931544792623580697465968114556744694709777832031250000000000000000000000000000000000000000000000000000000000000000000000000000000000000000000000000000000000000000000000,0.029397589066943466,0.984932122375182
53,6,1,4254014077263552961703375896366259800374052438482890455012760590438191947678881557852481945548412836673451418508045201676007411708688971989936253134637750598915049794224695791680274496531800572618622811211271561598909456393/155196783235223431557507471050227106569790295216914082871931544792623580697465968114556744694709777832031250000000000000000000000000000000000000000000000000000000000000000000000000000000000000000000000000000000000000000000000,0.027410452643312665,1,4134285877230386486587118909316873321894380816726450608157746001873389860043130391756828452990155947212330595489963878243061803364514763847859201220796747877819179025441216739501904490983800236925263436211271561598909456393/155196783235223431557507471050227106569790295216914082871931544792623580697465968114556744694709777832031250000000000000000000000000000000000000000000000000000000000000000000000000000000000000000000000000000000000000000000000,0.026638992065732905,0.9718552412242644
53,7,9/10,2442358671743342373664581633373755799038008281078558949038858389659341467349132266631723018505543445915384601537520493429424672261532830853806434222946824418645722763638935797638551481373606977933678393000303995966875346555921158411871/96997989522014644723442169406391941606118934510571301794957215495389737935916230071597965434193611145019531250000000000000000000000000000000000000000000000000000000000000000000000000000000000000000000000000000000000000000000000000000000,0.025179477263175903,9/10,2360435305736403214235386288968405932032747767214703910172757794406136459312850596494298645442744851644404770161191233716491436496368702923802955506625000445983890512520958478869677346645166121000084643000303995966875346555921158411871/96997989522014644723442169406391941606118934510571301794957215495389737935916230071597965434193611145019531250000000000000000000000000000000000000000000000000000000000000000000000000000000000000000000000000000000000000000000000000000000,0.024334888974174865,0.9664572747014005
53,8,17/20,21360009887399108530160136924626244064554118815021079341767165061245001265727312654573200342384487517380775956322474963905849535014414445075147340791091204933234136599825200072931821357456340880819920408326208546803849862230763113002777/886838761344133894614328406001297751827373115525223330696751684529277603985519817797467112541198730468750000000000000000000000000000000000000000000000000000000000000000000000000000000000000000000000000000000000000000000000000000000000000,0.024085561906456242,4/5,15978029104737423236688794371266272302119795915034916965809641358041481991550373522722743063793544987038374389485520718837606613169918630633224254245559903986480079408484419843040274749144405966184641666786943064806359699258570008858681385627644663/680536394407114902009956792417583230970395557166903387075645572001799161088349265913421959339757449924945831298828125000000000000000000000000000000000000000000000000000000000000000000000000000000000000000000000000000000000000000000000000000000000000,0.023478581360307005,0.9747989875217927
53,9,4/5,36283513098470001170841618036687367318527536783271721315726849497398800258529645342355853240644013047312185997830589131429277566253491056016082279193493918991712259006496901268511599092243400569337946600270058902961443799115002280801/1515593586281478823803783896974874087595608351727676590546206492115464655248691094868718209909275174140930175781250000000000000000000000000000000000000000000000000000000000000000000000000000000000000000000000000000000000000000000000000,0.023940133705297538,3/4,16950797696813094125901859318729558209737658312903097596376841249689396601903231782520291516325002935474979473409617047212572660721454034647105268594465165317930429502617798372427493143642070248537881378591168704822031894199594925247172014835443/734150339816702587952667133298415384771618818674735479430279970480821560840922757051885128021240234375000000000000000000000000000000000000000000000000000000000000000000000000000000000000000000000000000000000000000000000000000000000000000000000000,0.023089000682129015,0.964447440701629
54,0,1,426788106332794145030083999995887272536154957311069686204583383267802763929487780350646266953871298622679231745821997217833520455644113010337634143539256583354177497642575978845003704343435153816206457/15173898691930760335538124975614288029041594633423367715856171425794621440000000000000000000000000000000000000000000000000000000000000000000000000000000000000000000000000000000000000000000000000000000000,0.028126463409153597,1,426788106332794145030083999995887272536154957311069686204583383267802763929487780350646266953871298622679231745821997217833520455644113010337634143539256583354177497642575978845003704343435153816206457/15173898691930760335538124975614288029041594633423367715856171425794621440000000000000000000000000000000000000000000000000000000000000000000000000000000000000000000000000000000000000000000000000000000000,0.028126463409153597,1.0
54,1,1,428299867485994559675972692061958418296712347703926271830914499527967828132377814691597531945302428614090850196487442889053443162422779301722798562433788185278760469056159478315538921982440352561806457/15173898691930760335538124975614288029041594633423367715856171425794621440000000000000000000000000000000000000000000000000000000000000000000000000000000000000000000000000000000000000000000000000000000000,0.028226092461903524,1,428291685327947284434366262246203570309027360960706103596987224916118977920636290465235304964013657348676636741719440148864015180997117703625864424305902572513256893199017540286689324993000352561806457/15173898691930760335538124975614288029041594633423367715856171425794621440000000000000000000000000000000000000000000000000000000000000000000000000000000000000000000000000000000000000000000000000000000000,0.028225553236078085,0.999980896192905
54,2,1,430684898399534977706091725391687333336315571195519934313184292902146346480832876565157623088666392690289996186637971542134911937954200066097156602762672689645403838423165591889171564854481942526606457/15173898691930760335538124975614288029041594633423367715856171425794621440000000000000000000000000000000000000000000000000000000000000000000000000000000000000000000000000000000000000000000000000000000000,0.028383272298276672,1,430051924332302170460543337328581380877452902116015677831411110800630599057889981638772065666474968888128995026026823742049492559402375937932290188383804679512893928634702796768354208709841942526606457/15173898691930760335538124975614288029041594633423367715856171425794621440000000000000000000000000000000000000000000000000000000000000000000000000000000000000000000000000000000000000000000000000000000000,0.028341557635480786,0.9985303081914759
54,3,1,20213463011338384873288856562656895673119019713346893889338167810259374300547283305528874011942953904092333937205897920563696857088629010926953992120393516969543680198408902346006499949816006556433/724998434781390210754235067977049713896671653620558913466740216581246433624064000000000000000000000000000000000000000000000000000000000000000000000000000000000000000000000000000000000000000000000000,0.02788069882858903,1,20117512437248540762678510903949081673404694628719381657201075830613329497265462167573526665955514449736117637831739077769214996076425782297724239918077614929922104342055080780410032749816006556433/724998434781390210754235067977049713896671653620558913466740216581246433624064000000000000000000000000000000000000000000000000000000000000000000000000000000000000000000000000000000000000000000000000,0.027748352923430246,0.9952531352972016
54,4,1,19293987305773820715895325068897177310254261741141409605452371242982829072841587472616423715588549933337102165318424008088003681444035199927094366250597601165189937259554302872728373638604998556433/724998434781390210754235067977049713896671653620558913466740216581246433624064000000000000000000000000000000000000000000000000000000000000000000000000000000000000000000000000000000000000000000000000,0.026612453738043673,1,19072401378855809010129755003687132079387304394228755257161786278019902836962685332836962244342595483790680201937167406428373451971088406029804110206508424952006874687402980691096373638604998556433/724998434781390210754235067977049713896671653620558913466740216581246433624064000000000000000000000000000000000000000000000000000000000000000000000000000000000000000000000000000000000000000000000000,0.02630681731693219,0.9885152859589733
54,5,1,5579509902280463450213963193252583854667058141776768140215332902584951620806502757209520816148627219490369233908667977409067292343265980444368613507011066055619907719492172895660651166829302487/229502511801642991691748992711949893604517775758328241046768033105807671296000000000000000000000000000000000000000000000000000000000000000000000000000000000000000000000000000000000000000000000000,0.024311323908745647,1,5443745814476669903514114869269984884041276570849457858033223200767529656825401729969983969776069877485512610949108447121610251755890936859191468305763197514862373144853356284127851166829302487/229502511801642991691748992711949893604517775758328241046768033105807671296000000000000000000000000000000000000000000000000000000000000000000000000000000000000000000000000000000000000000000000000,0.023719765730414538,0.9756673811532616
54,6,1,1154824935687465359074401246770356910999398030778811438388109668834475342662589304121678250715850982783388051965805326639387367377020193853460095335547287271555948291508359937682013087849408504341/55769110367799246981095005229003824145897819509273762574364632044711264124928000000000000000000000000000000000000000000000000000000000000000000000000000000000000000000000000000000000000000000000000,0.020707250448704567,19/20,987284917854651312159475312260482227754037647268386462741826629218044708578712101388234751721423418793294132221198297620036444243749214235912480735157790023324305568559762711554735883817155083634472134655531341/49969122889548125295061124685187426434724446280309291266630710312061292655935488000000000000000000000000000000000000000000000000000000000000000000000000000000000000000000000000000000000000000000000000000000000000,0.019757899694116073,0.954153702977602
54,7,9/10,2234443403163591527670646986046453772266841955222521052412733694939743989575027148422574392018882568620588456238367906070941312685831718413240120100534511208987069108634934261995817922078635874701935222590673/125308371443697073463694950020724641908066705564047219611535346075770988527616000000000000000000000000000000000000000000000000000000000000000000000000000000000000000000000000000000000000000000000000000000000000,0.017831557280812323,17/20,11025126922151818949028738520127689887999158257143375095658769311464761614701331917842271198374925435701953651661562326570786492271202814339517611784740383737102510169881404044880590253047826292971486493750878417/649598597564125628835794620907436543651417801644020786466199234056796804527161344000000000000000000000000000000000000000000000000000000000000000000000000000000000000000000000000000000000000000000000000000000000000,0.016972214785398246,0.9518077708031271
54,8,4/5,19829164445987368404157411158539174728673735796674116757568067095497729130166822842921237668016217144560274459104231916049173938673138546804646537539972335203524358784503142389497681370581103829474373851121970137/1185460835307090651213916013719866252268874580736200602801263392640204800000000000000000000000000000000000000000000000000000000000000000000000000000000000000000000000000000000000000000000000000000000000000000000000,0.01672696714678952,4/5,18684486858026028503754131805959547913854034073080425788983348145543797121654759443885354848858807474098794946175863617406171134991272237788987973359918034507462645641734722849129940079605986637903327451121970137/1185460835307090651213916013719866252268874580736200602801263392640204800000000000000000000000000000000000000000000000000000000000000000000000000000000000000000000000000000000000000000000000000000000000000000000000,0.01576137001032671,0.9422730296539057
54,9,3/4,5025532728206116248567722259372451786447506562371358286490713414215274351919502672250284026243836340847604203154245587590353153339051101492556025060030023663519026395355165279999222283970105420563392640232217751/310761445210741971671820799500580618834771858092510570820734390800273847091200000000000000000000000000000000000000000000000000000000000000000000000000000000000000000000000000000000000000000000000000000000000000000,0.016171673821371458,3/4,4771915318712648906553465316364056840148656128915556319027464082674380276502542570963210949744085859101931624817421969372734299894421179953824415738152569288496524872326039258468084606825222220563392640232217751/310761445210741971671820799500580618834771858092510570820734390800273847091200000000000000000000000000000000000000000000000000000000000000000000000000000000000000000000000000000000000000000000000000000000000000000,0.015355557750983519,0.9495342238903303
55,0,1,4215108378339547015740305697857829454868565767425151145157398504328872474726313105533053584890742393005941542200612435125403491099059532791575302960492888566067920233646563840238158782760369388508342578276998248600542689401/173347318832986276423335094442545897605213690860707074134948730605512482975225801049091251104874992831252479390247156487703250604681670665740966796875000000000000000000000000000000000000000000000000000000000000000000000000000,0.02431597100385872,1,4215108378339547015740305697857829454868565767425151145157398504328872474726313105533053584890742393005941542200612435125403491099059532791575302960492888566067920233646563840238158782760369388508342578276998248600542689401/173347318832986276423335094442545897605213690860707074134948730605512482975225801049091251104874992831252479390247156487703250604681670665740966796875000000000000000000000000000000000000000000000000000000000000000000000000000,0.02431597100385872,1.0
55,1,1,7487352735230138903443928362753651842053364653272346858469076066262088704684423979935155648348270699337317809944902801347282634799117448628723946307438878108549951702977608145540790971769074898464710536231506453509501384100156897/306733226950041892515351596233440574527292679994677067883716000241997384275138748633937594275045363315101987211619416484609246253967285156250000000000000000000000000000000000000000000000000000000000000000000000000000000000000000000,0.024409982608273526,1,7487143097344157283804704285336830222752242689568056637710262600314695023984949618684989369069795413257314534159645819887638846005354583871338505863320240122285789425114508933282671443123614501122206825115937577243021891912656897/306733226950041892515351596233440574527292679994677067883716000241997384275138748633937594275045363315101987211619416484609246253967285156250000000000000000000000000000000000000000000000000000000000000000000000000000000000000000000,0.02440929915481116,0.9999720010672136
55,2,1,276915704545366343813842739942519693669993708466539632214079466149073466748203819279977062170474399857979307249476871418007373475792665575942144863883435069198130025452131855141281153306050139376260388130244608207814920331255811/11360489887038588611679688749386687945455284444247298810508000008962866084264398097553244232409087530188962489319237647578120231628417968750000000000000000000000000000000000000000000000000000000000000000000000000000000000000000000,0.02437533128402368,1,276316683387470386333638259699555975177289193473979217526185933102480679843927587539531784159786807708424759440318842700544829999061546966247687812308790035929641509727770769914300486050250335237855081399825210853688943768755811/11360489887038588611679688749386687945455284444247298810508000008962866084264398097553244232409087530188962489319237647578120231628417968750000000000000000000000000000000000000000000000000000000000000000000000000000000000000000000,0.024322602822148157,0.9978368104514714
55,3,1,10928885357197175501740131147648433868675162215327472104481860516516132324432351620857110708512383029473496096239857807813418328997533668846858158329436717518395144571787693926033577250187604453356171031590339731914679593611/462259516887963403795560251846789060280569842295218864359863281614699954600602136130910002946333314216673278373992417300542001612484455108642578125000000000000000000000000000000000000000000000000000000000000000000000000000000,0.0236423155347302,1,2035331172944742616621450156493364181847528349315415745842062472740710738991601661333766353507721998609641032374757817145938157979931361740857605674169689237215740234882379433605747033345208962794743617434713466417580915013/86673659416493138211667547221272948802606845430353537067474365302756241487612900524545625552437496415626239695123578243851625302340835332870483398437500000000000000000000000000000000000000000000000000000000000000000000000000,0.02348269574224807,0.9932485550221316
55,4,1,2247479449295039860403333337415906843245812210536603503958294628535189480065130224827038591166137638414524172944263901999531094901565782426335988409710195468623148606474461562009252052272453366352714128119495001473483697043802299/102244408983347297505117198744480191509097559998225689294572000080665794758379582877979198091681787771700662403873138828203082084655761718750000000000000000000000000000000000000000000000000000000000000000000000000000000000000000000,0.021981441055237458,1,13609052704873590300176368437924578788803866011406679291044415223470213465547310367678639019489902968181137577083889477528824623682914984620246914556060426858647508363243450348517359915981802963428463480983203973293471/629817288987739880979446586392768085187353933296490980569972282633893479596919130056788017366112070991087458331293192671795910797527540125884115695953369140625000000000000000000000000000000000000000000000000000000000000,0.021607937639734284,0.9830082379692673
55,5,1,30913988872316147813038645682651943504082042006339402889660031333345376617959576127543485213216466852946316170867037794752092808409628762481313578188159252247454958734175704478778573891270684239845849537689099931469/1640149190072239273383975485397833555175400867959611928567636152692430936450310234522885461890916851539290256071076022582801851035227969077823217958211898803710937500000000000000000000000000000000000000000000000000000,0.018848278595287152,1,118816978332910709208822106666960604502793569117857964969827654076992007307550495170065202207078020087764834362203615447929402179837455444524535866299645011399821673839073829713273188523182123264931648825957815741501/6560596760288957093535901941591334220701603471838447714270544610769723745801240938091541847563667406157161024284304090331207404140911876311292871832847595214843750000000000000000000000000000000000000000000000000000000,0.01811069673602032,0.9608674152635214
55,6,19/20,11418041932497677436192598745623075260479843731537840273982058216445199042504761304581397801420402108740814356017790206500643853784556458228628872921642312626640995635956844561607324727059780033358350411717797596520594746685728222507/806166129904307047653691630582743149039813034619508455129564521771383653884056486472688662228623450868591946664055286619898765820835251361131668090820312500000000000000000000000000000000000000000000000000000000000000000000000000000000,0.0141633858195618,19/20,10583981196062785115191488713714519208374404952745321952946769886059286147647667792478867771805073750157651286079130184289715662083675671253700198659032980274513653654727048675740952540401247099269056380862853456801585347271665722507/806166129904307047653691630582743149039813034619508455129564521771383653884056486472688662228623450868591946664055286619898765820835251361131668090820312500000000000000000000000000000000000000000000000000000000000000000000000000000000,0.01312878425854869,0.9269523845361773
55,7,17/20,6384521767458882123271374585088167272475491417917783589331599534167663464136340226483474116853237677255806753221299988366953991146973613567183803094394574512156403907003305909004267561490663593615350297528322835752769976448690369394594123/599088333886800571319046086393438622123618515614603648210382812972651141162380368425659363818447975224808568772694172821502434089779853820800781250000000000000000000000000000000000000000000000000000000000000000000000000000000000000000000000,0.010657062416884345,17/20,5757703111672078505154386990340585337551362013205946956844348337866776589085951170191962365219829809174104326836316476205893431185074299738483659046960917499158012149283381847661161685779230998969235439988835560690641074967061951425844123/599088333886800571319046086393438622123618515614603648210382812972651141162380368425659363818447975224808568772694172821502434089779853820800781250000000000000000000000000000000000000000000000000000000000000000000000000000000000000000000000,0.009610774882423286,0.9018221444585528
55,8,4/5,598590135258102340170226022784882927222173614981514072151081886722833583278736779037188675141419491571413306753228983428106213544886966312348781927313518425631450577905397627581425675236722227284064418642250092763684328877860748355317/65005244562369853658750660415954711601955134072765152800605773977067181115709675393409219164328122311719679771342683682888718976755626499652862548828125000000000000000000000000000000000000000000000000000000000000000000000000000000000000,0.009208336024084638,4/5,517204471187070499584141260658295736790824587739651087036502335850195912511573090595601235467883930831914112986725636799928683605177473173116252585516801529595773528061478816726572398729008880083585525868860276479504641377860748355317/65005244562369853658750660415954711601955134072765152800605773977067181115709675393409219164328122311719679771342683682888718976755626499652862548828125000000000000000000000000000000000000000000000000000000000000000000000000000000000000,0.007956349901750375,0.8640377459011421
55,9,3/4,1419420003453099540857694325041588453827032212995989862656969693118697083171371445275028480823074728096801917540534901912001537247336092940831933412324226141451261074069891380854318897467575142328730232574588489145215569737522243019527243/159540228265063059268937160402815567398576611715326637466882633268726512506789627225982017288963277223956538364291191101074218750000000000000000000000000000000000000000000000000000000000000000000000000000000000000000000000000000000000000000,0.008896941034175087,3/4,2360807387157553192523267166356780776680699914017132688677834557327807521280880323392093603095242212241042802821498164032957023712185727741014321325500312569053100901747931981665958395993203841282146364125184040572918032418176761821739/311602008330201287634642891411749155075344944756497338802505143102981469739823490675746127517506400828040113992756232619285583496093750000000000000000000000000000000000000000000000000000000000000000000000000000000000000000000000000000000,0.007576354850241629,0.8515685133956943
56,0,1,23213758205793015186191799877991527835349548908693854310273107570235610727596724346158319612617539576605175743055140472901795466414940565914793275253243920166919038237186066177513878204994764728533511954305806999040881148036938544975478314383980358695651615216887464375249/934462113698988328773211366784844455024555998188425979165123701095581054687500000000000000000000000000000000000000000000000000000000000000000000000000000000000000000000000000000000000000000000000000000000000000000000000000000000000000000000000000000000000000000000000000000,0.02484183988359179,1,23213758205793015186191799877991527835349548908693854310273107570235610727596724346158319612617539576605175743055140472901795466414940565914793275253243920166919038237186066177513878204994764728533511954305806999040881148036938544975478314383980358695651615216887464375249/934462113698988328773211366784844455024555998188425979165123701095581054687500000000000000000000000000000000000000000000000000000000000000000000000000000000000000000000000000000000000000000000000000000000000000000000000000000000000000000000000000000000000000000000000000000,0.02484183988359179,1.0
56,1,1,5659278466945556024956342425888814709434043015672471867572327413678189784380679868894031441726957995102838744353641173151648224969755489540425488716769823234102026257816327309303603907769458465502714041672194728902730463252697952663830162160332665444643342497703653843185507/227074293628854163891890362128717202570967107559787512937125059366226196289062500000000000000000000000000000000000000000000000000000000000000000000000000000000000000000000000000000000000000000000000000000000000000000000000000000000000000000000000000000000000000000000000000000,0.02492258536404596,1,5659120653038228983032883549131040033829621400178440564877824404712304077013697775068297657756672764142332322448335964793933824950326371960718838227136105479439198035092036535315050611885373887996237008622366671337804580240537952663830162160332665444643342497703653843185507/227074293628854163891890362128717202570967107559787512937125059366226196289062500000000000000000000000000000000000000000000000000000000000000000000000000000000000000000000000000000000000000000000000000000000000000000000000000000000000000000000000000000000000000000000000000000,0.024921890376054124,0.9999721141293455
56,2,1,23154093050484584966300603568560963510214387929557117756745338755044036797503343692554836437945211318178410044416909514208956450825462845545012643551977815559765641318813084942044402306752058955981100215637242747334693342100712109226920231607144739495651615216887464375249/934462113698988328773211366784844455024555998188425979165123701095581054687500000000000000000000000000000000000000000000000000000000000000000000000000000000000000000000000000000000000000000000000000000000000000000000000000000000000000000000000000000000000000000000000000000,0.0247779901518223,1,23104073436061135924768728975851089931143039324764563450217799128563982223184631412267926029682489187806195102479487831578656392670750570128874751342108626127602889191958724304425515716805403819155422532361223559026065671380712109226920231607144739495651615216887464375249/934462113698988328773211366784844455024555998188425979165123701095581054687500000000000000000000000000000000000000000000000000000000000000000000000000000000000000000000000000000000000000000000000000000000000000000000000000000000000000000000000000000000000000000000000000000,0.02472446244460959,0.9978397074627632
56,3,1,5437770591510488901298847059076912156406365164489233097375798844590016923777333603948367957310172787433021106543826076435534155926203500495470395934709358768270900255227771657052806068780743924400293370629936416839773176248526246185664138635714239668643342497703653843185507/227074293628854163891890362128717202570967107559787512937125059366226196289062500000000000000000000000000000000000000000000000000000000000000000000000000000000000000000000000000000000000000000000000000000000000000000000000000000000000000000000000000000000000000000000000000000,0.023947099007157344,1,5401031220320529684887195977405165590279390991169081869237824677942073313951550003742751127862184105458048777783365691583056225196295471988486716095876449471919390077998625712317547657292505888822172909873953680218747125135566246185664138635714239668643342497703653843185507/227074293628854163891890362128717202570967107559787512937125059366226196289062500000000000000000000000000000000000000000000000000000000000000000000000000000000000000000000000000000000000000000000000000000000000000000000000000000000000000000000000000000000000000000000000000000,0.02378530450984622,0.9932436702557262
56,4,1,256287616421591378420530559468807955669794356430290987278189769444578110321425557739096993870780351283646631383271690890464148679008783217735967728184533763418654367745963395921675987831091008423594015611330349745322242174925507225036151892862157284838605286640318459443051/11580433455191926749138552144465824805005243354665178548750000000000000000000000000000000000000000000000000000000000000000000000000000000000000000000000000000000000000000000000000000000000000000000000000000000000000000000000000000000000000000000000000000000000000000000000000,0.02213109011966114,1,251818816511867334327304457196822259706430709032761443122657850288888298420783553170579655927113042811639489407614305214572494695269793125421875578724585120853821532777142069630026923581338179581292728936857509863609886520238007225036151892862157284838605286640318459443051/11580433455191926749138552144465824805005243354665178548750000000000000000000000000000000000000000000000000000000000000000000000000000000000000000000000000000000000000000000000000000000000000000000000000000000000000000000000000000000000000000000000000000000000000000000000000,0.02174519783618012,0.9825633404683397
56,5,1,218393418027553792384084139520276365958759719155297822174734144498725279133779388679299511663002593340214660453497019625232394588498145472066503994108444200531627718848990754673095741242665914268933122845458969879184257908912219950207253035090895886938605286640318459443051/11580433455191926749138552144465824805005243354665178548750000000000000000000000000000000000000000000000000000000000000000000000000000000000000000000000000000000000000000000000000000000000000000000000000000000000000000000000000000000000000000000000000000000000000000000000000,0.018858829323840216,1,209803549711205354849242122426244448707068872842039334126794399574305072926026422823935747195446003535751658280530395850455613991136338068014686303612226989353723628966950343605963155690619167693537174797272089100465517223352219950207253035090895886938605286640318459443051/11580433455191926749138552144465824805005243354665178548750000000000000000000000000000000000000000000000000000000000000000000000000000000000000000000000000000000000000000000000000000000000000000000000000000000000000000000000000000000000000000000000000000000000000000000000000,0.018117072260118453,0.9606679157552968
56,6,19/20,3775556249013646406098818725901925374292850733803351838806943330413459875533898041056596751266074481368704323655192473321135420709858651508679703854968013850452005811682044405610973365510874669955663410491423522296984892046646014708304258046343152237573924505531828810856822315193427397/264695621832958325694595477587790281257262705249489795400000000000000000000000000000000000000000000000000000000000000000000000000000000000000000000000000000000000000000000000000000000000000000000000000000000000000000000000000000000000000000000000000000000000000000000000000000000000000000,0.014263765387839659,19/20,3500363932138570099596644696128497631122324986251311151996681731989032656309240240249123053957340682368832331400328096081496253868312331770619305427911161555636270396861739099772014532493683952904295634979074087300357432801952931630226133046343152237573924505531828810856822315193427397/264695621832958325694595477587790281257262705249489795400000000000000000000000000000000000000000000000000000000000000000000000000000000000000000000000000000000000000000000000000000000000000000000000000000000000000000000000000000000000000000000000000000000000000000000000000000000000000000,0.013224109669435892,0.9271121130967206
56,7,17/20,50260436136550355671925179821782581214303999791258896607602844298098326749687155289311302899108217957895895762508285387425369549690718276207976586747913137807311529040807755789765750729212135012340792159323901698312462083719307803461707846088682205252033126293755664407340410622143285997/4541485872577083277837807242574344051419342151195750258742501187324523925781250000000000000000000000000000000000000000000000000000000000000000000000000000000000000000000000000000000000000000000000000000000000000000000000000000000000000000000000000000000000000000000000000000000000000000000,0.011066958600496512,17/20,45456931228525023404411270701392867932812679611988680443448188993281884898979481997431485425561860761807365358336999199167631433846676618259818434600939605166022577659577972554366558281559134998727698718872713445166641169893344659269707846088682205252033126293755664407340410622143285997/4541485872577083277837807242574344051419342151195750258742501187324523925781250000000000000000000000000000000000000000000000000000000000000000000000000000000000000000000000000000000000000000000000000000000000000000000000000000000000000000000000000000000000000000000000000000000000000000000,0.01000926403911289,0.9044277113916221
56,8,4/5,131426922152116019101592168651613661776948626975406788132457094812648830065054344146100513331007742186734026450713594849592097549247728568972441208744535179392002206912778519860404174056988473597156979788897917460167455973856879670383880665507772961529565049419557656340839682375383/13688409868637524347263838380637369946648769504713271179176616715267300605773925781250000000000000000000000000000000000000000000000000000000000000000000000000000000000000000000000000000000000000000000000000000000000000000000000000000000000000000000000000000000000000000000000000000000,0.009601328672458696,4/5,114091515555866853326340312184988506826685474429270244575049852451150501574411934082378188704002374403586739978350305160763730717806572340575884662342684089882606815797911780996497873242294090545553276360947192127997503525377647670383880665507772961529565049419557656340839682375383/13688409868637524347263838380637369946648769504713271179176616715267300605773925781250000000000000000000000000000000000000000000000000000000000000000000000000000000000000000000000000000000000000000000000000000000000000000000000000000000000000000000000000000000000000000000000000000000,0.00833489913370215,0.8680985119914408
56,9,3/4,33508183207608430597841986172479340030157293839801401337706144203139201420063951909138465776126490928135314607959319377157627608107778517005884191337875539732471220790823800215728521354380206657749492961124611622232220350416649107990583150221892750266641446555366760496062440782709/3588334516604115182489131648453802707294295033043555759994075012207031250000000000000000000000000000000000000000000000000000000000000000000000000000000000000000000000000000000000000000000000000000000000000000000000000000000000000000000000000000000000000000000000000000000000000000000,0.009338087921445937,3/4,28366572685749669929879539253377754095399902338898003607766950199173721658890483126108354631518701630378063600168311383255211024697420951206705421999464858529546731045118362799299613929951463474812056040016669677115711759604149107990583150221892750266641446555366760496062440782709/3588334516604115182489131648453802707294295033043555759994075012207031250000000000000000000000000000000000000000000000000000000000000000000000000000000000000000000000000000000000000000000000000000000000000000000000000000000000000000000000000000000000000000000000000000000000000000000,0.007905219693005346,0.8465565712708859
57,0,1,3550025826742556390177229713607842753297501819366031478175068909759475991530071874006568708226789357136110064609546600351745568746023394498439129144383607262829253484019059411866303956729078283421820721277299457088845229444828724323483816950753597057812463801/140823115433971742001815017932385173732571031456017384324913023032436061024105788952454076934373006224632263183593750000000000000000000000000000000000000000000000000000000000000000000000000000000000000000000000000000000000000000000000000000000000000000000000000,0.02520911297696059,1,3550025826742556390177229713607842753297501819366031478175068909759475991530071874006568708226789357136110064609546600351745568746023394498439129144383607262829253484019059411866303956729078283421820721277299457088845229444828724323483816950753597057812463801/140823115433971742001815017932385173732571031456017384324913023032436061024105788952454076934373006224632263183593750000000000000000000000000000000000000000000000000000000000000000000000000000000000000000000000000000000000000000000000000000000000000000000000000,0.02520911297696059,1.0
57,1,1,24917857333461641257043254748518428402776027501308128485002476386332916410085880567738833704429945749048492548051553149670796872818111275517206799383827715594740640725753757584323878483303484927428088313198215169536198075553798547492946911550782991904687246607/985761808037802194012705125526696216127997220192121690274391161227052427168740522667178538540611043572425842285156250000000000000000000000000000000000000000000000000000000000000000000000000000000000000000000000000000000000000000000000000000000000000000000000000,0.02527776703285109,1,24917160775929514857570941918719953484507606340376620918216795528042269349892998359829923573950644675619020235703020569885047581276454419090833554497682011975091801959423590348605810096486606435996780998104751173446715172073268762336696911550782991904687246607/985761808037802194012705125526696216127997220192121690274391161227052427168740522667178538540611043572425842285156250000000000000000000000000000000000000000000000000000000000000000000000000000000000000000000000000000000000000000000000000000000000000000000000000,0.025277060414349087,0.9999720458495767
57,2,1,24676028894171889733514921456093149798889906672101153294991862426523033818332401768044628778254264767531539760765852093084801986392206105205465417116429804573384979031107648865430321418291117117553405223163800592006482393329637740321428454714845491904687246607/985761808037802194012705125526696216127997220192121690274391161227052427168740522667178538540611043572425842285156250000000000000000000000000000000000000000000000000000000000000000000000000000000000000000000000000000000000000000000000000000000000000000000000000,0.025032445660773266,1,24622473077811441738930244172362023452977895738562497403053902292563800368132987303879772000669306282233829738210656795535771103053273996672919358210129264664882446768700335232118659753739888930095334050690873158758367211406725142665178454714845491904687246607/985761808037802194012705125526696216127997220192121690274391161227052427168740522667178538540611043572425842285156250000000000000000000000000000000000000000000000000000000000000000000000000000000000000000000000000000000000000000000000000000000000000000000000000,0.024978116292437264,0.9978296420145181
57,3,1,23768200935209760524672902448588492597838672159330506691334956804910463569185612533251526396565787998992986698116991340745112003866745763628276888297712284902595618256083032405788813174146014832795947430469301437844421887173291955921349804983400179404687246607/985761808037802194012705125526696216127997220192121690274391161227052427168740522667178538540611043572425842285156250000000000000000000000000000000000000000000000000000000000000000000000000000000000000000000000000000000000000000000000000000000000000000000000000,0.02411150517438011,1,23606571772511209112153642863736142995444035179431788929354547163870815671808235717598431917778341687093527233151850142347299450546364188889708669966880199236454114572249760953309100132756092839583179063417518438936798596157666955921349804983400179404687246607/985761808037802194012705125526696216127997220192121690274391161227052427168740522667178538540611043572425842285156250000000000000000000000000000000000000000000000000000000000000000000000000000000000000000000000000000000000000000000000000000000000000000000000000,0.023947541464911307,0.9931997729597145
57,4,1,1683769757487024448011669603839368839157814142173119913986676752869436597642886846134315867699478428256116136049029642166322896704664276748369049680628250420448820593617635546507013372132311347394414359547322814101192150884893745787734508379683338351/76022622751363368116477399946012792752742404426289531806705173026549973475281263279867971505154855549335479736328125000000000000000000000000000000000000000000000000000000000000000000000000000000000000000000000000000000000000000000000000000000000000000,0.0221482724029911,1,1654198257847807486763118327092603877712852882118362713922147616183014424469127643110226096042521995043935791515190633932413999722461089072825293269665979069069372191776806781455124879817415333811120145342624013060542736822393745787734508379683338351/76022622751363368116477399946012792752742404426289531806705173026549973475281263279867971505154855549335479736328125000000000000000000000000000000000000000000000000000000000000000000000000000000000000000000000000000000000000000000000000000000000000000,0.021759289511202002,0.9824373258233646
57,5,1,5868407276338918587427303764994912076693131818362466999676693389905044750313404619885252224505934086805948927270597760893034319986612152264268084937690853952838783056691314515133154450903939055168458921542785916484969717321442287312886351356721557/312850299388326617763281481259311904332273269243989842825947214101028697429141001151720047346316277980804443359375000000000000000000000000000000000000000000000000000000000000000000000000000000000000000000000000000000000000000000000000000000000000000,0.018757876491768147,1,5635115155343753934690277886510450755114734071907592224142341341410151255786450335970960959064459153967580748474512911593277070430881441039805877132667692314909868752051552231519514743475273671549348293662689480938094717321442287312886351356721557/312850299388326617763281481259311904332273269243989842825947214101028697429141001151720047346316277980804443359375000000000000000000000000000000000000000000000000000000000000000000000000000000000000000000000000000000000000000000000000000000000000000,0.018012177601751774,0.9602460923365382
57,6,19/20,49506706745210791161581871169100031714471285920276188521439347053358286226395508148640610937645059388308384855693209615112150226851720125053114684108944600120363203547265521470998164993112736297893148113724293104402713292904330563464749052432262325091157403916523/3475319897205182542467538283246299097268224202344664311163665052642284501727143464222535840235650539398193359375000000000000000000000000000000000000000000000000000000000000000000000000000000000000000000000000000000000000000000000000000000000000000000000000000000000,0.014245222946245492,19/20,45877594056318091549539224918240761285459286926625496062336810444518015033656589019402776052673278261011955889327368134264275511757020380215410047388557235085529154831917921624757669887529425540397634551601449086953051203556491207995999052432262325091157403916523/3475319897205182542467538283246299097268224202344664311163665052642284501727143464222535840235650539398193359375000000000000000000000000000000000000000000000000000000000000000000000000000000000000000000000000000000000000000000000000000000000000000000000000000000000,0.013200970101547312,0.926694524287989
57,7,17/20,7144015106732734036892951976660851731617235345518921269729079926056558410215723657249146221186440851829695737787227477198948584437807462701283763976574352118756325355785461897884295565974157307093286707754684050375128333981395162084187595300251940046334697614542822609061009/630887557144193404168131280337085578321918220922957881775610343185313553387993934506994264665991067886352539062500000000000000000000000000000000000000000000000000000000000000000000000000000000000000000000000000000000000000000000000000000000000000000000000000000000000000000000,0.01132375337860709,17/20,6469831302210575594039032221728650614052040450048297538730803137052080004029595366156004891735603679169535321673899113466321355369525151177028669108448760843422524073866865297986722255578998208098127558123826255596269116410533345677937595300251940046334697614542822609061009/630887557144193404168131280337085578321918220922957881775610343185313553387993934506994264665991067886352539062500000000000000000000000000000000000000000000000000000000000000000000000000000000000000000000000000000000000000000000000000000000000000000000000000000000000000000000,0.010255125860299467,0.9056295662243509
57,8,4/5,1515613556793822986565675764811326242412243775628814534046238558231256751042226034060082089084976538337007134654610640830047827825863167354286449088266618866702452433698381967053669007380285245655912664983873333690860514090605541481018664714222046443769706582723681215431/154025282505906592814485175863546283769999565655019014105373618941726941745115706666746646646970475558191537857055664062500000000000000000000000000000000000000000000000000000000000000000000000000000000000000000000000000000000000000000000000000000000000000000000000000000000,0.009840031013971372,3/4,361113151496262589219408698665258297009752351575556678816819631096870987853464449373670948471664342076349841254610050304298589774070685473407089967404895001216164342449686939315455984906178688503534499870546126535031794154696376913853174680030332361939261016579943384713/40376803657228377866760401941573477012602766139069304433639061963860067416831611808447632938623428344726562500000000000000000000000000000000000000000000000000000000000000000000000000000000000000000000000000000000000000000000000000000000000000000000000000000000000000000000,0.008943579451257901,0.9088974860505376
57,9,3/4,384855003536238171030475387434995586830221255447050391504645724407809428458306087634838327425039039147983925018472833923067177666021706577334685750698909661483838725755898488782447145279316679618727862427047793089151136537298409888138297140213437830689261016579943384713/40376803657228377866760401941573477012602766139069304433639061963860067416831611808447632938623428344726562500000000000000000000000000000000000000000000000000000000000000000000000000000000000000000000000000000000000000000000000000000000000000000000000000000000000000000000,0.009531586670490205,7/10,83174597014387910867659283030064179400878724527403282793850784120087054366969282473447573457781157046316277406163802601078918949013663324944887580591963887675550655828629080172224830093573962750881325704402468512266357341458672191034262977867044899627667733115236593621889/9857618080378021940127051255266962161279972201921216902743911612270524271687405226671785385406110435724258422851562500000000000000000000000000000000000000000000000000000000000000000000000000000000000000000000000000000000000000000000000000000000000000000000000000000000000000,0.008437595810285066,0.8852246852465671
58,0,1,18752633727626372590594672981035632377763183833533706224157470648634098852882694574242755346734219665827634616153073214088144776552088572494443145843013326469305447627236297112484905112986433863602293596644958633886394450888563516657659492218469242326527585563668773090531630943/737232309245781784675760376296011850992626845172563545997326960144042968750000000000000000000000000000000000000000000000000000000000000000000000000000000000000000000000000000000000000000000000000000000000000000000000000000000000000000000000000000000000000000000000000000000000000,0.02543653268100942,1,18752633727626372590594672981035632377763183833533706224157470648634098852882694574242755346734219665827634616153073214088144776552088572494443145843013326469305447627236297112484905112986433863602293596644958633886394450888563516657659492218469242326527585563668773090531630943/737232309245781784675760376296011850992626845172563545997326960144042968750000000000000000000000000000000000000000000000000000000000000000000000000000000000000000000000000000000000000000000000000000000000000000000000000000000000000000000000000000000000000000000000000000000000000,0.02543653268100942,1.0
58,1,1,18795103065741496630461204510050131386123568812311977293000618293417734346850582622424801913228466691388152760181101570600070962878069223081596968557038834183015780461696668311473625728724277641279024546194286565480399136991056283515335696684999675702281785563668773090531630943/737232309245781784675760376296011850992626845172563545997326960144042968750000000000000000000000000000000000000000000000000000000000000000000000000000000000000000000000000000000000000000000000000000000000000000000000000000000000000000000000000000000000000000000000000000000000000,0.02549413913366011,1,18788471092332864263838570376817419531842766107388858891215722571575050168791743041544804302522099190175825403849972884129449509453726522261251232994985830772598113279856440625267980780746387797880062749474867546646212516434683064088364310084590975829544385563668773090531630943/737232309245781784675760376296011850992626845172563545997326960144042968750000000000000000000000000000000000000000000000000000000000000000000000000000000000000000000000000000000000000000000000000000000000000000000000000000000000000000000000000000000000000000000000000000000000000,0.025485143362143504,0.999647143546623
58,2,1,18546003750307970428451779513625320831611705556245972765046257512511036068437591760223712251903024074539249679384713936634791996337202257031774628038216039455262259961978303457555217926377541905911701746287182098539548230215878418376745332417243142708315385563668773090531630943/737232309245781784675760376296011850992626845172563545997326960144042968750000000000000000000000000000000000000000000000000000000000000000000000000000000000000000000000000000000000000000000000000000000000000000000000000000000000000000000000000000000000000000000000000000000000000,0.025156254707937687,1,18505356693995342363593583609818249826782538110222533189123795956184008695243567179356255399575230024543891892554422038147136970430556223641368304644967849654866477475915610136295425220648979398526434288657206660998974002251012598376745332417243142708315385563668773090531630943/737232309245781784675760376296011850992626845172563545997326960144042968750000000000000000000000000000000000000000000000000000000000000000000000000000000000000000000000000000000000000000000000000000000000000000000000000000000000000000000000000000000000000000000000000000000000000,0.025101120043052733,0.997808311868159
58,3,1,17805759687356719908926201530683250163622085656544183997418872496680808441026010524298597638425516724910742367872537745987216120048606981461430146934982491406384158888850126387051793623003011459278046965110918990252556109878047786380478763682956176338594785563668773090531630943/737232309245781784675760376296011850992626845172563545997326960144042968750000000000000000000000000000000000000000000000000000000000000000000000000000000000000000000000000000000000000000000000000000000000000000000000000000000000000000000000000000000000000000000000000000000000000,0.024152169491286575,1,17683282483167483480800506725559622723085574766716208618676287981769344717076435636424317170114958419238348906835548249582495852001689512466888603952153350767670157982326807737661723916592852789344758802724823780247778302976743466380478763682956176338594785563668773090531630943/737232309245781784675760376296011850992626845172563545997326960144042968750000000000000000000000000000000000000000000000000000000000000000000000000000000000000000000000000000000000000000000000000000000000000000000000000000000000000000000000000000000000000000000000000000000000000,0.023986038405259518,0.9931214839276864
58,4,1,39817343500717651229435527110624176792189067366243914984454331340327976099548845538465897027433695925656514717635217473122280824664181375473804515897889286924939407203019370726305119723360220002404829032413725747467983016098485012469324818578244047835714004499011809024351/1805198519123400852882885147036044540576743827931940603437500000000000000000000000000000000000000000000000000000000000000000000000000000000000000000000000000000000000000000000000000000000000000000000000000000000000000000000000000000000000000000000000000000000000000000000000,0.022057044185950715,1,39109709091357889093717824955537377949529657284264877814817828985025852346385762918725961265087922868796290266164294801057867353322838244099671059050120786664215171301796519879908611581517450773152917046823973509312529784848485012469324818578244047835714004499011809024351/1805198519123400852882885147036044540576743827931940603437500000000000000000000000000000000000000000000000000000000000000000000000000000000000000000000000000000000000000000000000000000000000000000000000000000000000000000000000000000000000000000000000000000000000000000000000,0.02166504607501531,0.9822279854167818
58,5,1,33502430065186548173654657132952305800140707772066820220836753183547985274066262372600275314177520633935827843354068838864189004708549428841186287640338099915031416522780820869851999001315972153381486230889853113626839074734116286306275913147902978535714004499011809024351/1805198519123400852882885147036044540576743827931940603437500000000000000000000000000000000000000000000000000000000000000000000000000000000000000000000000000000000000000000000000000000000000000000000000000000000000000000000000000000000000000000000000000000000000000000000000,0.01855886192586466,1,32149576015509455622810324654104991364763987093999893243704696369868657413324514585036476061440520088878365218095949346160190475210738013056369954324616167940499679604962404310768163725763856503604721537570942872587691254414116286306275913147902978535714004499011809024351/1805198519123400852882885147036044540576743827931940603437500000000000000000000000000000000000000000000000000000000000000000000000000000000000000000000000000000000000000000000000000000000000000000000000000000000000000000000000000000000000000000000000000000000000000000000000,0.01780944072074754,0.9596192262159846
58,6,19/20,114203662945163519391123756549338755001867567662915779342361332444044930311191491232817227119885042931308537016850172745459172096641827863830267986705852109645321077304466692363513434898569693425280603244970770510799856747896762322406562684326166861696957052014524260211929685581223271219/8087289365672835820915325458721479541783812349135093903400000000000000000000000000000000000000000000000000000000000000000000000000000000000000000000000000000000000000000000000000000000000000000000000000000000000000000000000000000000000000000000000000000000000000000000000000000000000000000,0.014121377111830615,9/10,1314896658131787908465674137670535547218675555858813791628397707054995954522001606012548389551215274220781536349763803370001923237040086040458201165682700473363910651181006077865821909929329382059466217284049190721156784678294201802630263453475537636841348865055376036049073585051799656383/99625987735916457388616267067028628512517141239535614323963102722167968750000000000000000000000000000000000000000000000000000000000000000000000000000000000000000000000000000000000000000000000000000000000000000000000000000000000000000000000000000000000000000000000000000000000000000000000000,0.01319832995400005,0.9346347632726801
58,7,17/20,2699597657045837949906362068058040310913439226994690363087444383903116987381915794381844108041877688346242539005263516145380611448293929826085701878754533242443307460831668013926535723307053999467645967122742725768023204753272819931138720630569847218468465610027592562052572034643666002468139/235914338958650171096243320414723792317640590455220334719144627246093750000000000000000000000000000000000000000000000000000000000000000000000000000000000000000000000000000000000000000000000000000000000000000000000000000000000000000000000000000000000000000000000000000000000000000000000000000000,0.011443126640636325,4/5,601010134837440434026087024836898248547049064721844377894554342290500893483758033818669999263982819891449027476142273051562670227412806125201184327760975851733894837012045030356931150360714692417559974953612474946674331297450282060506703032831499207534994017080107649931473769814671499101/57596274159826701927793779398125925858798972279106527031041168761253356933593750000000000000000000000000000000000000000000000000000000000000000000000000000000000000000000000000000000000000000000000000000000000000000000000000000000000000000000000000000000000000000000000000000000000000000000,0.01043487870707866,0.9118905203777767
58,8,3/4,154971272175381799174036307609650242814996725914976995040122331964271961349988739596924731420109308385204436115316945374243024706133671262051337979419738812543410537416700818554567385891695596706061480828152224512100382879753171332562037039291786643416887871327173367748007011943930295123/15098517693353610950159572506542322708328997789134101422025256143750000000000000000000000000000000000000000000000000000000000000000000000000000000000000000000000000000000000000000000000000000000000000000000000000000000000000000000000000000000000000000000000000000000000000000000000000000000,0.010264005733728442,3/4,142285765998654170808255910554253865769004961332991531361501310329870804744968276958518188836592973487145736066731320846947878915115451202763664166826104769183745548415482719245031180957061245359244184343534897842683839398162325111689580776962394697764719103827173367748007011943930295123/15098517693353610950159572506542322708328997789134101422025256143750000000000000000000000000000000000000000000000000000000000000000000000000000000000000000000000000000000000000000000000000000000000000000000000000000000000000000000000000000000000000000000000000000000000000000000000000000000,0.009423823509594493,0.9181428531968727
58,9,7/10,686637348758706450448653977834962186302501754259820700425313671668173564358383856348163711843674612355530388623035192478865129208719125824241351199165102369760160744804357111511311431957948867257007668326033266184078692978584979648667800446562841114140749454968860092632433979031746659823/69550217853375640063750978895850174621945928789864485471445939636230468750000000000000000000000000000000000000000000000000000000000000000000000000000000000000000000000000000000000000000000000000000000000000000000000000000000000000000000000000000000000000000000000000000000000000000000000000,0.009872540589394865,7/10,630482359699917414705244141392778805025175026736477430612062914224115192673511970585689468627759989329992696168549725708532023224371977843448142858477388354505239792848457476124647680212033934891650248086286905224591402558176487229660800446562841114140749454968860092632433979031746659823/69550217853375640063750978895850174621945928789864485471445939636230468750000000000000000000000000000000000000000000000000000000000000000000000000000000000000000000000000000000000000000000000000000000000000000000000000000000000000000000000000000000000000000000000000000000000000000000000000,0.009065138530968912,0.9182173979316662
59,0,1,36179979306523014190158868627829193241365835744936219260848538616626069761272830855743716517521332131050860270156323283450230055677037301938705974604784313099599/1416607950819122621129940905446864725027875200183663296643820444639534210937506508720673537027323618531227111816406250000000000000000000000000000000000000000000000,0.025539867459873234,1,36179979306523014190158868627829193241365835744936219260848538616626069761272830855743716517521332131050860270156323283450230055677037301938705974604784313099599/1416607950819122621129940905446864725027875200183663296643820444639534210937506508720673537027323618531227111816406250000000000000000000000000000000000000000000000,0.025539867459873234,1.0
59,1,1,1058046683589635982055809163301827854181746982986561505071636400577870525448534472298251751855413930877140498829643298429122796337227294971825795687711633701190434884484265041/41397473915427701702611551915108231015208068404168985105623379538997141935396939516067504882812500000000000000000000000000000000000000000000000000000000000000000000000000000000,0.025558242653915438,1,1057572868407518840649694220453716390413346702561336353424244582502259326979068753872524076404679042011684810049228511836071512362105243622313589419319218923053227853234265041/41397473915427701702611551915108231015208068404168985105623379538997141935396939516067504882812500000000000000000000000000000000000000000000000000000000000000000000000000000000,0.02554679714438785,0.9995521793230242
59,2,1,4389843456967811142061517636115206964145384801612535936674454474082675729362218068133446327144217880354697163548400613683918602892775247989040985740296241517668515219912321163/174448614359662413759153206424159788311000255332794406371021977975033223628997802734375000000000000000000000000000000000000000000000000000000000000000000000000000000000000000000,0.025164106192997485,1,4380082067171825777179712290974859559111631279211683794354081169852276472438784272835402439387157138610550114704355216630916281457761355391709611831793285452299862876162321163/174448614359662413759153206424159788311000255332794406371021977975033223628997802734375000000000000000000000000000000000000000000000000000000000000000000000000000000000000000000,0.02510815051899104,0.997776369501174
59,3,1,97777456231934730944190528273677330596503050080204788315342927496021048930294317131010464901635213713405811523848028503289237871489292319493218288953214103/4061698316588588379303766564097250539599923773966599404137161978870472489600018661803915165364742279052734375000000000000000000000000000000000000000000000000,0.02407304743254733,1,97074309641465952457281614537218174077602903686226467288897404637094948942512770849896510846665223539155999428728367036099152906235550322728081570203214103/4061698316588588379303766564097250539599923773966599404137161978870472489600018661803915165364742279052734375000000000000000000000000000000000000000000000000,0.02389993103254366,0.992808704403182
59,4,1,93141073670475561980241470099139929158579262403337426893295256451318241768620431494969272464704914573055783035321707352797444458222425130713315578224877843376703/4258999374015195648416826328714838581811529671210800936792528759156084561254829168319702148437500000000000000000000000000000000000000000000000000000000000000000000,0.021869238638245275,1,91458702486490556673096786778374665954443484869403897324194493151586110989644672756863873924351654191559454275870227042648487196776059361369939418556909093376703/4258999374015195648416826328714838581811529671210800936792528759156084561254829168319702148437500000000000000000000000000000000000000000000000000000000000000000000,0.02147422304039161,0.9819373868296056
59,5,1,75995812812922028177198211959835607942411878237248849658003311860299778017526551436106391284942168697644245463355279757547075556699356192610338237755034600847/4159179076186714500407056961635584552550321944541797789836453866363363829350419109687209129333496093750000000000000000000000000000000000000000000000000000000000,0.018271829950298205,1,72863669718315467955866280130927571334282293796509247894321815345405999609499808523501739780170197127244715872285580844664783142075997709951952007286284600847/4159179076186714500407056961635584552550321944541797789836453866363363829350419109687209129333496093750000000000000000000000000000000000000000000000000000000000,0.017518762328723656,0.9587853201555075
59,6,9/10,733799283100125678581581191077980812196457309805810266270249542823240163297846016652358039543231777003512818035985907890336997325007871309522749190271562819488273215648781302954304297761/52334584307898724127745961927247936493300076599838321911306593392509967088699340820312500000000000000000000000000000000000000000000000000000000000000000000000000000000000000000000000000000,0.014021307187289061,9/10,689358857368117314680697412720088181841508706229357479614089577685592884840864768005437265053483013253224803581707122177987915697389601403239167138761329316510022057315956595923054297761/52334584307898724127745961927247936493300076599838321911306593392509967088699340820312500000000000000000000000000000000000000000000000000000000000000000000000000000000000000000000000000000,0.013172147376053088,0.9394378997697324
59,7,4/5,347270096226567218735872574305099077787861693674765330313455355427010660269058817118708142109711649391036968410204154474715880973744662481983095075279066376667514538526262323/30120626554291594731775368502063961215905196443905140844889232204148096160058732141673321081043468439020216464996337890625000000000000000000000000000000000000000000000000000000,0.011529311835549718,4/5,320768372714675949408562043629302925049212999891557290523613397956017584532825016348018845875142731733386906717418368898159275211628996710657161942728358368855014538526262323/30120626554291594731775368502063961215905196443905140844889232204148096160058732141673321081043468439020216464996337890625000000000000000000000000000000000000000000000000000000,0.010649458839659256,0.9236855583021438
59,8,3/4,73173069677045138536619578595294991191343563766644706388985176791146886576424327069847648756468215522813988905275616161921085722553195113457055781267414158466986248739664678236390596751/6859598634404901568871918721728241532049827640094008529558777809143066406250000000000000000000000000000000000000000000000000000000000000000000000000000000000000000000000000000000000000000,0.010667252353518087,3/4,9427261298770027535091678427503121610932917053526085086457633976092869371076047764359652058460854786136654529554090232718000892290528665811128652921189354232289093257146921109662942393/979942662057843081267416960246891647435689662870572647079825401306152343750000000000000000000000000000000000000000000000000000000000000000000000000000000000000000000000000000000000000000,0.009620217247173555,0.9018458482423342
59,9,7/10,180547460902235141778216943297866097814549162108503364833066193391672912919211827698394574186056858286614239664133137739962309485829543799249208819723863968028518222767638456532933392293/17444861435966241375915320642415978831100025533279440637102197797503322362899780273437500000000000000000000000000000000000000000000000000000000000000000000000000000000000000000000000000000,0.010349607049901736,7/10,166230370825007868213322903658704057467725984483560216062567629098943216700750718779811924648455726146732689379510216299483909345814906884507359547379501549936660331494139921376683392293/17444861435966241375915320642415978831100025533279440637102197797503322362899780273437500000000000000000000000000000000000000000000000000000000000000000000000000000000000000000000000000000,0.009528901759132869,0.9207017921731957
60,0,1,30036020595783426984980585229409225557220753972336046418695295664327323637046689350296646313429160158948458802283722299989014815257252405133151266977282321891763819882923778795922112308769452143378367722894488783831976493774058226854025974159525613713276080193/1176336331581872711585579063582210022030477685716501409576351899886503815650939941406250000000000000000000000000000000000000000000000000000000000000000000000000000000000000000000000000000000000000000000000000000000000000000000000000000000000000000000000000000000,0.025533531345914167,1,30036020595783426984980585229409225557220753972336046418695295664327323637046689350296646313429160158948458802283722299989014815257252405133151266977282321891763819882923778795922112308769452143378367722894488783831976493774058226854025974159525613713276080193/1176336331581872711585579063582210022030477685716501409576351899886503815650939941406250000000000000000000000000000000000000000000000000000000000000000000000000000000000000000000000000000000000000000000000000000000000000000000000000000000000000000000000000000000,0.025533531345914167,1.0
60,1,1,30012649970915816035655726999004986908750678362137128996443649061729888270097534699577799249919071300258320984680470034145249821238380733656627212249271604070984873644366013170924597172180664161807052171223580324703550521958465404468947849159525613713276080193/1176336331581872711585579063582210022030477685716501409576351899886503815650939941406250000000000000000000000000000000000000000000000000000000000000000000000000000000000000000000000000000000000000000000000000000000000000000000000000000000000000000000000000000000,0.025513664047557255,1,29998968704319198657791519977622147080677406216752761047667225136306499287241184522014671436124741595437874274859418667719256032110826910324698232606973773746162333769960976689044858294759753044241225038722054445797300521958465404468947849159525613713276080193/1176336331581872711585579063582210022030477685716501409576351899886503815650939941406250000000000000000000000000000000000000000000000000000000000000000000000000000000000000000000000000000000000000000000000000000000000000000000000000000000000000000000000000000000,0.025502033643709898,0.9995441499964224
60,2,1,29490081265463774021565704293370328388680378648304332381643699351470173887366324257628752025463856055537782761805443796730444470292478296254933869589902081551092054092287639707087885386134703898902312482983440234191455557188974376487600192909525613713276080193/1176336331581872711585579063582210022030477685716501409576351899886503815650939941406250000000000000000000000000000000000000000000000000000000000000000000000000000000000000000000000000000000000000000000000000000000000000000000000000000000000000000000000000000000,0.02506942995274755,1,29423272839571329275340879367934034154437988398500778628052672985723639867961916279267108381784426484062465121077672818026298175064111030710884031419429025750617206796972121084635515760353450741225312624694465472228564932188974376487600192909525613713276080193/1176336331581872711585579063582210022030477685716501409576351899886503815650939941406250000000000000000000000000000000000000000000000000000000000000000000000000000000000000000000000000000000000000000000000000000000000000000000000000000000000000000000000000000000,0.025012636309553173,0.9977345458871053
60,3,1,2788150304225966712822556038714299402796900447527534201622806564504205176102369624265906533920731034479458300427592054216541058985085548377000590713213105853002206373560471810470848790181465863195370655234896247618303129543371982451670457531987896717263750001273190407/116762127701453752922218625198978509590174802025581562500000000000000000000000000000000000000000000000000000000000000000000000000000000000000000000000000000000000000000000000000000000000000000000000000000000000000000000000000000000000000000000000000000000000000000000000,0.023878892575124364,1,2767735442080329423150154118156022597395258865997003860935397632195371357536288014802027632440300118252793568217302770357242065301851528650764897836547122618905208476526596889017528343690627035969200032008223696805803129543371982451670457531987896717263750001273190407/116762127701453752922218625198978509590174802025581562500000000000000000000000000000000000000000000000000000000000000000000000000000000000000000000000000000000000000000000000000000000000000000000000000000000000000000000000000000000000000000000000000000000000000000000000,0.023704051104285157,0.9926779908117956
60,4,1,2521607738490302485330481523647175074245881585468618000792268076728972288034089568867029449536286163992636796780277907690194280706573812131012168476805289475851236613924073788531264201521927214854622044541852880304402198184122721676023649206628521717263750001273190407/116762127701453752922218625198978509590174802025581562500000000000000000000000000000000000000000000000000000000000000000000000000000000000000000000000000000000000000000000000000000000000000000000000000000000000000000000000000000000000000000000000000000000000000000000000,0.021596109869954923,1,2475131835826432212575520668166170118305888013875404249990808609750686857802424672539839740075970913109951667114548469429007000412294583677231023790707507721865037022227182539617556141241558984321978921429859348047322120059122721676023649206628521717263750001273190407/116762127701453752922218625198978509590174802025581562500000000000000000000000000000000000000000000000000000000000000000000000000000000000000000000000000000000000000000000000000000000000000000000000000000000000000000000000000000000000000000000000000000000000000000000000,0.021198070680546664,0.9815689403413334
60,5,1,2090849729503658959519529110936457827856644102836450072405880731540703541600347365891827017692151050371770466258458602140603640997932500572189635717635738885515550448582484234382105558998055434952534174680799602643401754300595847394677550142300396717263750001273190407/116762127701453752922218625198978509590174802025581562500000000000000000000000000000000000000000000000000000000000000000000000000000000000000000000000000000000000000000000000000000000000000000000000000000000000000000000000000000000000000000000000000000000000000000000000,0.017906917000088434,1,2002502116138976836138652661293752764082196193894223053783121526761919483291260617499556225522823766304495828803187479618544603376097693311693520681580724792872317217940310435880159079888183872120045394595769814155120504300595847394677550142300396717263750001273190407/116762127701453752922218625198978509590174802025581562500000000000000000000000000000000000000000000000000000000000000000000000000000000000000000000000000000000000000000000000000000000000000000000000000000000000000000000000000000000000000000000000000000000000000000000000,0.017150270858879223,0.9577455939955787
60,6,9/10,8172526909248507369334869739827543586402511461405763435194672198717678693169783711776121221490630399426546265522107541503076992497699419094777970207079938757091010852975487942108825045004601796101716471408656371808536733197774661200146238180118591603462174649794505449901/588168165790936355792789531791105011015238842858250704788175949943251907825469970703125000000000000000000000000000000000000000000000000000000000000000000000000000000000000000000000000000000000000000000000000000000000000000000000000000000000000000000000000000000000000000000,0.013894881403957898,9/10,7668439936018947419907537888568091726092513693737513294658179805624607722830923195622490267066617192053254436944713449452243358339650546982738659908650749680795103704728095967285406960801373370619765641232799178958328450727071536200146238180118591603462174649794505449901/588168165790936355792789531791105011015238842858250704788175949943251907825469970703125000000000000000000000000000000000000000000000000000000000000000000000000000000000000000000000000000000000000000000000000000000000000000000000000000000000000000000000000000000000000000000,0.013037835744997945,0.9383193253656827
60,7,4/5,106832776101532353157190038222214308294631089146566413411572312844849002978049655226761171333365537319671949595697120001085229531999056442280978566210113036312511624168634284644013103147435900925103838495564087810419918780883790204023245536158360791013382654803464388731/9190127590483380559262336434236015797113106919660167262315249217863311059772968292236328125000000000000000000000000000000000000000000000000000000000000000000000000000000000000000000000000000000000000000000000000000000000000000000000000000000000000000000000000000000000000,0.011624732632891899,4/5,98650346049573435113548868978636531860105512059265465176149124521522236883111844179043451749910755056461782933944312116406779250973778201352819962956671885288621231224262738396483799745672926201038318082789687810419918780883790204023245536158360791013382654803464388731/9190127590483380559262336434236015797113106919660167262315249217863311059772968292236328125000000000000000000000000000000000000000000000000000000000000000000000000000000000000000000000000000000000000000000000000000000000000000000000000000000000000000000000000000000000000,0.0107343826381397,0.9234089915983981
60,8,3/4,25887440217756833071308623291495177535329507464588259856260307442900501716451988219218697695995880161295210581369339860280999425857208027966492708305166177846692495216725229048542880811968189315644243282603374673702978951795139727905886869137324202297975075174067010613/2409136807079675313327265922216366125118418300347394886812368690967559814453125000000000000000000000000000000000000000000000000000000000000000000000000000000000000000000000000000000000000000000000000000000000000000000000000000000000000000000000000000000000000000000000000,0.0107455251780148,3/4,23332926656344001381776802810823387143302877724358224909827279329720110002366278740506098437375980967944483142393064407748863798688055347062806896468711423838966474584520386836127995506284818164097642292323654783942961556775608477905886869137324202297975075174067010613/2409136807079675313327265922216366125118418300347394886812368690967559814453125000000000000000000000000000000000000000000000000000000000000000000000000000000000000000000000000000000000000000000000000000000000000000000000000000000000000000000000000000000000000000000000000,0.009685181259850443,0.90132228061465
60,9,7/10,897128042654038734580370037964699679822206619661255288581410069436834870154206914640645985528295962077371815893270106927670883790133274710894814991740579782961043731667959201481186160808122329151212354526669970746256210274120768258450724806619102134365907076440717689227/84024023684419479398969933113015001573605548979750100684025135706178843975067138671875000000000000000000000000000000000000000000000000000000000000000000000000000000000000000000000000000000000000000000000000000000000000000000000000000000000000000000000000000000000000000000,0.010677042151938656,7/10,812058765462494126704337505285601023788343749204371078252339777999079611759920825883288505963777813140044292268683929634828617775048981489585195675618102538023349414640823721211921505629219085511992399444293019571224786939044065178771630863259727134365907076440717689227/84024023684419479398969933113015001573605548979750100684025135706178843975067138671875000000000000000000000000000000000000000000000000000000000000000000000000000000000000000000000000000000000000000000000000000000000000000000000000000000000000000000000000000000000000000000,0.009664602215581276,0.9051759914450138
61,0,1,19737084728596798975181209295418419174912492466968417336910683890873155153525325370577204955287123650391078518394320926425054971542533146397159564518442428844346970964459898352168633100020385709137512533913442489539161083417668482311832003020842738978551243/776139020802256113201639512631726961046135764434329380093169261929897080956597399392649094806984066963195800781250000000000000000000000000000000000000000000000000000000000000000000000000000000000000000000000000000000000000000000000000000000000000000000000000,0.02542983176930798,1,19737084728596798975181209295418419174912492466968417336910683890873155153525325370577204955287123650391078518394320926425054971542533146397159564518442428844346970964459898352168633100020385709137512533913442489539161083417668482311832003020842738978551243/776139020802256113201639512631726961046135764434329380093169261929897080956597399392649094806984066963195800781250000000000000000000000000000000000000000000000000000000000000000000000000000000000000000000000000000000000000000000000000000000000000000000000000,0.02542983176930798,1.0
61,1,1,137859466155088375030435645080028363371409114635161279295541536217993375859757765618056693665602491635498437225727154503274727025376072744553708147170478380004218275242835099317013404869990180964851451128924735019829353924876630904712122727200586672849858701/5432973145615792792411476588422088727322950351040305660652184833509279566696181795748543663648888468742370605468750000000000000000000000000000000000000000000000000000000000000000000000000000000000000000000000000000000000000000000000000000000000000000000000000,0.02537459001915661,1,137795237183799046488385942178905868060146759163209720107279783691129760223949653255096260471232515614580620099800943189331940814866978416203656643903295663694212956829737384160758325217265331690892005433859774874251565571910322310962122727200586672849858701/5432973145615792792411476588422088727322950351040305660652184833509279566696181795748543663648888468742370605468750000000000000000000000000000000000000000000000000000000000000000000000000000000000000000000000000000000000000000000000000000000000000000000000000,0.025362767952386196,0.9995340982155184
61,2,1,9196158182813864586544184758294809903201233363828435299410585786392741440195805677316417079405936616566621778071498223076500455890595249209284814367784064125363519147994278067286349807608514715734607034987298317404138764521329447354964330055640243/369759023284172282170295800640491015990020612872311354218871810338857574786131099386921050609089434146881103515625000000000000000000000000000000000000000000000000000000000000000000000000000000000000000000000000000000000000000000000000000000000000000,0.024870679560796836,1,9174317915473758858401619350817229972818730100211760280677108009596144948114789350338284909711941101412626513156590267578155005195815740544484982627639974004896671963075652272216732028901356196793021377847058244200098237177579447354964330055640243/369759023284172282170295800640491015990020612872311354218871810338857574786131099386921050609089434146881103515625000000000000000000000000000000000000000000000000000000000000000000000000000000000000000000000000000000000000000000000000000000000000000,0.024811613342084652,0.9976250661519805
61,3,1,8727459416244787248870958102002494137858489556598994130374343682534107055713359285182813621922551984238121039592965645423356323055819463993697622331638247395224489529902068848398748342440340140861532981542899680444218316557832438077620580055640243/369759023284172282170295800640491015990020612872311354218871810338857574786131099386921050609089434146881103515625000000000000000000000000000000000000000000000000000000000000000000000000000000000000000000000000000000000000000000000000000000000000000,0.02360310057812285,1,8662152485338094154445101243797253685240634970951638655565930597279534248134836506896022477152901394354446316499568745842542471638308847514061714724706436274300652983496974775126812861263337581430796213297202658959843316557832438077620580055640243/369759023284172282170295800640491015990020612872311354218871810338857574786131099386921050609089434146881103515625000000000000000000000000000000000000000000000000000000000000000000000000000000000000000000000000000000000000000000000000000000000000000,0.023426480328732742,0.9925170742375342
61,4,1,7856107028818092722274902632676459122145655828073912713184723961319638882604548088287409787358482340869965835836805626612692841992892632888286071780986041999617168546408216755308081595311689552789566341464815047251887562033336283292464330055640243/369759023284172282170295800640491015990020612872311354218871810338857574786131099386921050609089434146881103515625000000000000000000000000000000000000000000000000000000000000000000000000000000000000000000000000000000000000000000000000000000000000000,0.021246559337594336,1,7707780108336792657724480729774755077923884634821047346096920435450668522268441166092953049327236245689515707556870341640849060243917520145592320432434244734047109764368631708174445297395961172450243176802468803393550159689586283292464330055640243/369759023284172282170295800640491015990020612872311354218871810338857574786131099386921050609089434146881103515625000000000000000000000000000000000000000000000000000000000000000000000000000000000000000000000000000000000000000000000000000000000000000,0.02084541450774307,0.9811195392403386
61,5,1,6460226546668513938739421225080259638638441967857455861049658540254491317520114711718586290018067281406468535990341964981934529076065957210233029864296562156004380536837504943652127971703417765257262482789076140849607438447840982999495580055640243/369759023284172282170295800640491015990020612872311354218871810338857574786131099386921050609089434146881103515625000000000000000000000000000000000000000000000000000000000000000000000000000000000000000000000000000000000000000000000000000000000000000,0.017471450701295292,1,6179100877660467332983359158631336243720736680402002016161159050782191013526501091665584278004857845314287312546481288776510333028713053165387020463409780672045963359548170717237659263190444725131345093545234969584959000947840982999495580055640243/369759023284172282170295800640491015990020612872311354218871810338857574786131099386921050609089434146881103515625000000000000000000000000000000000000000000000000000000000000000000000000000000000000000000000000000000000000000000000000000000000000000,0.016711156425009324,0.9564836206629594
61,6,9/10,318292055383394867990084489909865049339256077476353907372749167932669137815080711114372505482829744995305789756176696895781704761333868832944550805838491732672752155143854712558917107934101943907848009494476546194784664250742732294514737838697162732974362605139678043027/23284170624067683396049185378951808831384072933029881402795077857896912428697921981779472844209522008895874023437500000000000000000000000000000000000000000000000000000000000000000000000000000000000000000000000000000000000000000000000000000000000000000000000000000000000000,0.013669890180859278,9/10,298152516396026859371853040920620778307235244925548706240899642293833097961224276832390183821286036909846894690777726391374319524511212602605291328041107193681837178787535259849874347300345413546511928100419737079082799155563204296544156784009662732974362605139678043027/23284170624067683396049185378951808831384072933029881402795077857896912428697921981779472844209522008895874023437500000000000000000000000000000000000000000000000000000000000000000000000000000000000000000000000000000000000000000000000000000000000000000000000000000000000000,0.012804944664330947,0.9367262278566483
61,7,4/5,9848866572598816900310806543187450020719129563583286591090977083737197783953422377747320809374519969343805978327281804710359882545443104080147970981096023869297029264045529707312323891160827094226868553062136052418908503862558423831669128093054508707159178265945052353/848902054002467623814293216940951363644210992350047759476903880235824932296278405585709947445138823240995407104492187500000000000000000000000000000000000000000000000000000000000000000000000000000000000000000000000000000000000000000000000000000000000000000000000000000000,0.011601888022490505,4/5,9084185034426995150866891052353108497882388283454666755131229060654871619390223292158510715713179758043447628612144509625520432536669207205447749029889965295719993684026668447354721681468225659562550286512147894918908503862558423831669128093054508707159178265945052353/848902054002467623814293216940951363644210992350047759476903880235824932296278405585709947445138823240995407104492187500000000000000000000000000000000000000000000000000000000000000000000000000000000000000000000000000000000000000000000000000000000000000000000000000000000,0.010701099133399656,0.9223584224098138
61,8,3/4,7145781005102075116283930727199537510603317883204333192091127794932514454505966850164461783572616583579150570563824559360188434497574328770167903493616644549384740561210086854399582562344271466691706681637738229925363345906291112616836845190310587698940449107638324557/667603740133268618331522243185306262813444139135832759580940472341620273155626819061581045389175415039062500000000000000000000000000000000000000000000000000000000000000000000000000000000000000000000000000000000000000000000000000000000000000000000000000000000000000000000,0.010703626381235698,3/4,918441923924065398917815769548753741207293084367659494724091861252164321978088410645482010900789399878145008052408593407153114167321490555148527361759568905637410505659172259350804268999003879049238788767424959531315744691018008804772555730312226814134349872519760651/95371962876181231190217463312186608973349162733690394225848638905945753307946688437368720769882202148437500000000000000000000000000000000000000000000000000000000000000000000000000000000000000000000000000000000000000000000000000000000000000000000000000000000000000000000,0.009630104028753745,0.8997047996402487
61,9,7/10,585750634038238548768543770210832355168845391500671550214762404627398475867006139215768981138082771223967676942482422659825168695354589910043459238015116318507180202746836413505644143374062928882762695705098063149939532142507988851580906794611357656237688097036118842807/54329731456157927924114765884220887273229503510403056606521848335092795666961817957485436636488884687423706054687500000000000000000000000000000000000000000000000000000000000000000000000000000000000000000000000000000000000000000000000000000000000000000000000000000000000000,0.01078140123904197,7/10,520131432133269286235813061900335977683474044154101170720877103612010078848538651342887895615336576469516310521843710872988168933192742517013986376503541782484517877333377208779754059916219965031491064440731497129464227456974942129168797419611357656237688097036118842807/54329731456157927924114765884220887273229503510403056606521848335092795666961817957485436636488884687423706054687500000000000000000000000000000000000000000000000000000000000000000000000000000000000000000000000000000000000000000000000000000000000000000000000000000000000000,0.009573605799119327,0.8879741683716461
62,0,1,53659852476062237040851633852135128850781857736132785735390064943462800590270066151816919087804495309399818258628187277442307803350276175070076183821258489175766630115197614700416139646835314582818393986464472461007513653505947310370112594410838708015879370309725579675507/2126174722367800050826803129777083153468549465784032867187500000000000000000000000000000000000000000000000000000000000000000000000000000000000000000000000000000000000000000000000000000000000000000000000000000000000000000000000000000000000000000000000000000000000000000000000,0.025237743592541776,1,53659852476062237040851633852135128850781857736132785735390064943462800590270066151816919087804495309399818258628187277442307803350276175070076183821258489175766630115197614700416139646835314582818393986464472461007513653505947310370112594410838708015879370309725579675507/2126174722367800050826803129777083153468549465784032867187500000000000000000000000000000000000000000000000000000000000000000000000000000000000000000000000000000000000000000000000000000000000000000000000000000000000000000000000000000000000000000000000000000000000000000000000,0.025237743592541776,1.0
62,1,1,53440350056424859080661483542099077537637928412521172809179263584270996995984728902996565558217477445381823407526568701625819166988302932731543183871028792663531917817469326084898244349169805949219350077940878558407137429211524818263514729504998078015879370309725579675507/2126174722367800050826803129777083153468549465784032867187500000000000000000000000000000000000000000000000000000000000000000000000000000000000000000000000000000000000000000000000000000000000000000000000000000000000000000000000000000000000000000000000000000000000000000000000,0.02513450540739727,1,53414201946567968925726951026056011948774657978972580871547473457159489575211811340668751863395632072333243510173027129091159370400526048112462582192524751370168770469350816206437980941478921796718127708563377547187419937211524818263514729504998078015879370309725579675507/2126174722367800050826803129777083153468549465784032867187500000000000000000000000000000000000000000000000000000000000000000000000000000000000000000000000000000000000000000000000000000000000000000000000000000000000000000000000000000000000000000000000000000000000000000000000,0.025122207213094702,0.9995107047422167
62,2,1,52253962952225920902636225893748851932613597534928393564042540560438143745748906100236077136035710573482550181971650583869972576538141287380973914081099201767099673290860426217088805020152346999620417183317572126159369023843496703130267398372697290515879370309725579675507/2126174722367800050826803129777083153468549465784032867187500000000000000000000000000000000000000000000000000000000000000000000000000000000000000000000000000000000000000000000000000000000000000000000000000000000000000000000000000000000000000000000000000000000000000000000000,0.02457651405714844,1,52126830265685878187122888185544494666440688455127124189441844236804435920805265092591584324168635511151512380520464949095873537222280719922426158942546306448682580080163860173079393292725103977582978938343973256859549220593496703130267398372697290515879370309725579675507/2126174722367800050826803129777083153468549465784032867187500000000000000000000000000000000000000000000000000000000000000000000000000000000000000000000000000000000000000000000000000000000000000000000000000000000000000000000000000000000000000000000000000000000000000000000000,0.024516719965344706,0.9975670230666279
62,3,1,49443535600456215833462088106684018287588715444834063258300602177885380714727801825673143179537763246518707837267058762993174120700420828292560697031630200194554276029828438646222807480733610046488623859390743980217536756328257341943721134787476188015879370309725579675507/2126174722367800050826803129777083153468549465784032867187500000000000000000000000000000000000000000000000000000000000000000000000000000000000000000000000000000000000000000000000000000000000000000000000000000000000000000000000000000000000000000000000000000000000000000000000,0.023254690727107206,1,49064076546987076488970800458015805858330928340349510232819152548512851307885375059518937785182342917724896308240989246328883795809243871898895146155513848690527017162843921930653910710153882806469065949350727800702056884328257341943721134787476188015879370309725579675507/2126174722367800050826803129777083153468549465784032867187500000000000000000000000000000000000000000000000000000000000000000000000000000000000000000000000000000000000000000000000000000000000000000000000000000000000000000000000000000000000000000000000000000000000000000000000,0.023076220421032568,0.9923254061656214
62,4,1,44285442886174222027556888884464919974510192755549552629930891314794946945010788693020576148739895454937326457043635148021956852569796285161956544844835153818185386837031517644727201102398042135428378780424744439786684126665806734703875938749334770515879370309725579675507/2126174722367800050826803129777083153468549465784032867187500000000000000000000000000000000000000000000000000000000000000000000000000000000000000000000000000000000000000000000000000000000000000000000000000000000000000000000000000000000000000000000000000000000000000000000000,0.020828694095683744,1,43425681768530355011919126285940600273403880803287093356340034736887288895837706655283628456060858236847508005229481378855413266957837031447416456316878175676253006857049130655658821082320129928349379976616111189016469595415806734703875938749334770515879370309725579675507/2126174722367800050826803129777083153468549465784032867187500000000000000000000000000000000000000000000000000000000000000000000000000000000000000000000000000000000000000000000000000000000000000000000000000000000000000000000000000000000000000000000000000000000000000000000000,0.020424324168509367,0.9805859203022156
62,5,1,36086267047089990793428244720051878882033393660332342269807889787874330550200801154525848604643131354492526922227173212033354532118433703137895762488095087823722615675853049450984886889880532897527569441532913315273295634856144881410731810258273038015879370309725579675507/2126174722367800050826803129777083153468549465784032867187500000000000000000000000000000000000000000000000000000000000000000000000000000000000000000000000000000000000000000000000000000000000000000000000000000000000000000000000000000000000000000000000000000000000000000000000,0.016972390212081332,1,34461703786766549782433385968775700625725979516705188086273659499344013367779531600589454449460372476943094878882608793091317031606565037201667028774637483376312632967560907382940340525323575744928557521955331406476178782856144881410731810258273038015879370309725579675507/2126174722367800050826803129777083153468549465784032867187500000000000000000000000000000000000000000000000000000000000000000000000000000000000000000000000000000000000000000000000000000000000000000000000000000000000000000000000000000000000000000000000000000000000000000000000,0.016208312244625177,0.9549811218155787
62,6,9/10,4467038265832998443861299202480074687045549644075039320914557186111757113571805655196724138489285170244042177326503533607883488142547368817807672236999870113779052979326533082954317694559449595824337726428453202723651738897582638967212155117204114172445286156630797316395621173733663401394949/334476069950634323964671577326634547167559337915963540433459856120300292968750000000000000000000000000000000000000000000000000000000000000000000000000000000000000000000000000000000000000000000000000000000000000000000000000000000000000000000000000000000000000000000000000000000000000000000000000,0.01335532992387854,17/20,65444592228892409258959429191488591705266354734704727670926092520013940815404975991351820284740735374235928220132927405795521058888296109088785131156242229807583825038912280216875127017727536725292700411482521442892790000844870060090987288234721215569557706510023744971195745907908930763055547663/5201771839872265006298572370583820477549882823269064980821167682382910156250000000000000000000000000000000000000000000000000000000000000000000000000000000000000000000000000000000000000000000000000000000000000000000000000000000000000000000000000000000000000000000000000000000000000000000000000000000,0.012581211603179326,0.9420367504875236
62,7,4/5,14568180136880081470402973604606574578253118712357076478482070410717845665172505413297515597233065261081266068929247095711803636475407687025746240083095315920973842774010252359844552586302162631806774529385108209448928357068848614716108277403879935252662498028872062004053807970022603491683417/1269963828093814698803362395162065546276826861149674067583292891206765174865722656250000000000000000000000000000000000000000000000000000000000000000000000000000000000000000000000000000000000000000000000000000000000000000000000000000000000000000000000000000000000000000000000000000000000000000000,0.011471334706238501,3/4,2079468812346229856846484039212934035820396164344978823347275610183299365175569682126203161831558801017608618589197428301046758761007932445376600971377614814149114783789141116551575270247929837944550296734365934131227564428913202755231637013187196566350839753968680918141869715975410612491/195716283216828312994184968675699300742617578300540951659350224381250000000000000000000000000000000000000000000000000000000000000000000000000000000000000000000000000000000000000000000000000000000000000000000000000000000000000000000000000000000000000000000000000000000000000000000000000000000,0.010624914688587497,0.9262143386688306
62,8,3/4,14456434216920851454967509970917785255667581338131006006211627585725872233106329243420424894476227545772791776022850369670997797371619950838779375930337815995718244644376165477239428813931689059492716993723741892690342245770735408389007616989383333627244735585280766426993088011827874287437/1370013982517798190959294780729895105198323048103786661615451570668750000000000000000000000000000000000000000000000000000000000000000000000000000000000000000000000000000000000000000000000000000000000000000000000000000000000000000000000000000000000000000000000000000000000000000000000000000000,0.010552034067822402,7/10,795523571928276332097222158432262588688863175606795420156092624235737063485756111392181693388223815069581057646871749514122851149043355972259281948751154885521749201613584627623602838357787789627835261267120331467620000369944483403256153827603657509143831941915530295269882353972940871135265823/81277684998004140723415193290372194961716919113579140325330745037232971191406250000000000000000000000000000000000000000000000000000000000000000000000000000000000000000000000000000000000000000000000000000000000000000000000000000000000000000000000000000000000000000000000000000000000000000000000000,0.009787724292932449,0.9275675410089268
62,9,7/10,861250398265580641393293970683711771315315876143832562972485536787585203258233587416217088890926477323418066463122952479154903782529554333631227147709199471818534276057779875533882900529635746757408326116264129413079158395815790062537583194974792995715156191789707095269882353972940871135265823/81277684998004140723415193290372194961716919113579140325330745037232971191406250000000000000000000000000000000000000000000000000000000000000000000000000000000000000000000000000000000000000000000000000000000000000000000000000000000000000000000000000000000000000000000000000000000000000000000000000,0.010596394302897893,13/20,204822287921699606007920970400059351514729610237003588487548367741178283701232363577524859909063420977027310730439257624411457331784715930823488191813146437122383943779452590845637879192651525143913350898333715904849297729810092191764643825547971760740036171150037177488705945849932933977264301/21406468476840596733738980948904611018723797626621666587741430791699218750000000000000000000000000000000000000000000000000000000000000000000000000000000000000000000000000000000000000000000000000000000000000000000000000000000000000000000000000000000000000000000000000000000000000000000000000000000,0.009568242802090144,0.9029715701947245
63,0,1,36836092446169616494767552933974736979726515376122896744380599613092028622872114944664052494087457558910209247558177580360471457442073862454082499255598694239811035287721724979862293283069535057248428407220366921624502399/1477087975537826758042653116919827760575886154323373891079816929881284651471927341322076637522506275804149175809426744055005090855425819995616620872169733047485351562500000000000000000000000000000000000000000000000000000000,0.024938319894424108,1,36836092446169616494767552933974736979726515376122896744380599613092028622872114944664052494087457558910209247558177580360471457442073862454082499255598694239811035287721724979862293283069535057248428407220366921624502399/1477087975537826758042653116919827760575886154323373891079816929881284651471927341322076637522506275804149175809426744055005090855425819995616620872169733047485351562500000000000000000000000000000000000000000000000000000000,0.024938319894424108,1.0
63,1,1,62331426733918315943288433600372112933344661613558355118424168223071476770523241256662209763411938383525066443552625265136295141014738187239154761169448152579981457830699661196290433677789558524128518072024617571183278580699/2512526646389843315430552951880627020739582348504058988726768597728065192153748407588852360425783175142857748051834891637563659545079319812543872103560715913772583007812500000000000000000000000000000000000000000000000000000000,0.02480826494854494,1,62300095216380385729196569898695252953095310188822670077434927384774568030685741305711519214822513829877004493063379390930006604651266914147066707604175399521984146566461441995315736822961632961269936529055867571183278580699/2512526646389843315430552951880627020739582348504058988726768597728065192153748407588852360425783175142857748051834891637563659545079319812543872103560715913772583007812500000000000000000000000000000000000000000000000000000000,0.024795794825060696,0.9994973399586748
63,2,1,250372251748759637601093955341834750604824732200191288794907221258286561284593055851001210901344580006586019893681206914680592322126301194031231992250246891316341492945864459216100919395228068876069298002153896576371516793/10339615828764787306298571818438794324031203080263617237558718509168992560303491389254536462657543930629044230665987208385035635987980739969316346105188131332397460937500000000000000000000000000000000000000000000000000000000,0.02421485052203048,1,249746180962727841109955955663880659761479526694406893864688195351540688926054475189260509141956016786365366953632965252109805266975690904770403457741127318303759092313687477707400246028680506694119682523638271576371516793/10339615828764787306298571818438794324031203080263617237558718509168992560303491389254536462657543930629044230665987208385035635987980739969316346105188131332397460937500000000000000000000000000000000000000000000000000000000,0.024154299840419075,0.9974994402068963
63,3,1,57391112908533838252400747262739787606884756726803757773779935775007147753621106727476183749597730522504468299397993016352183413193245481232310535233809793425659245843944927919705198201163336442417334313552937883683278580699/2512526646389843315430552951880627020739582348504058988726768597728065192153748407588852360425783175142857748051834891637563659545079319812543872103560715913772583007812500000000000000000000000000000000000000000000000000000000,0.02284199174205655,1,56937877034301278092291052513761309482790769467396328989622355239761644056650443039810403536040331368773974198037353596410244197751434424970032958634114260483896544937486371932728670350088402436680029626052937883683278580699/2512526646389843315430552951880627020739582348504058988726768597728065192153748407588852360425783175142857748051834891637563659545079319812543872103560715913772583007812500000000000000000000000000000000000000000000000000000000,0.02266160126743858,0.9921026819090458
63,4,1,51130446278451470367055866859337360673810967496754297401269660145076061857614021179485368710731977218933742565478017839405849971541792220687124203456999188782949127431199693588802642903760567303209218101144490618058278580699/2512526646389843315430552951880627020739582348504058988726768597728065192153748407588852360425783175142857748051834891637563659545079319812543872103560715913772583007812500000000000000000000000000000000000000000000000000000000,0.020350210554749306,1,50106062302965172351898118503282020370107500038472758583289038088365800934521049222180135027372983296445065280296583057729576416969495110313852790392673535716217858540539687357232725804282960477678689078927693743058278580699/2512526646389843315430552951880627020739582348504058988726768597728065192153748407588852360425783175142857748051834891637563659545079319812543872103560715913772583007812500000000000000000000000000000000000000000000000000000000,0.019942499863617656,0.9799652838954778
63,5,1,169742444825451983204247473599215016186117588424752674686469344870952897278413339785338941974550432871296326880386761747898365946789521910176106916795023190486195810870978265662832798862578352511593886863237880951371516793/10339615828764787306298571818438794324031203080263617237558718509168992560303491389254536462657543930629044230665987208385035635987980739969316346105188131332397460937500000000000000000000000000000000000000000000000000000000,0.01641670712302762,19/20,462532905917365589094299500200713820110072345636056836437558898030746887999771160090100816866862316919492824814940218306384468592964586288383173979907450643868400396187260009829385965787854597793347281884691670276551180990227853744606255296650336929237/29399876013399385666548635890369983570989916762627962610504377682799954236145635034393714258215995508184828011524758473171914374688640236854553222656250000000000000000000000000000000000000000000000000000000000000000000000000000000000000000000000000000000,0.015732478113396127,0.9583211782665156
63,6,17/20,196706773329740686168881047559060178643919465697952624715554526815371236295959527747346663640521816615879498464953875820102923327262926929959691986738642105563030707340998395925380317351110294982703270292372555849394601227581238049363747254985936526582831/15052736518860485461272901575869431588346837382465516856578241373593576568906565137609581700206589700190631941900676338264020159840583801269531250000000000000000000000000000000000000000000000000000000000000000000000000000000000000000000000000000000000000000,0.013067841391050381,17/20,185844678372091479635363146661540152789686696500576555040968802143344750047172052952484167911029393575063696381925622862978191629322339470739447187285862391573500323758014863694878766785305132187369017454235299785442649226646840247606888429302342776582831/15052736518860485461272901575869431588346837382465516856578241373593576568906565137609581700206589700190631941900676338264020159840583801269531250000000000000000000000000000000000000000000000000000000000000000000000000000000000000000000000000000000000000000,0.012346238714750333,0.9447802697701669
63,7,3/4,41593951167133481163487250387640295046449288931671474355167253703514397278111224183071674846215358396239989918214861920590676906780522827303183403021225746643023466252203088125124897497388461162115353972202340608505383407167872375017270304988443/3674984501674923208318579486296247946373739595328495326313047210349994279518204379299214282276999438523103501440594809146489296836080029606819152832031250000000000000000000000000000000000000000000000000000000000000000000000000000000000000000000000,0.011318129681411306,3/4,38877718222894949875186754388700963074443437811426330256454296553009652257839843598472945654801371278722555519313988323492150564307521236743891373967878044384494344868573117531569674476150871386500883071635774550118131137855133002763852336238443/3674984501674923208318579486296247946373739595328495326313047210349994279518204379299214282276999438523103501440594809146489296836080029606819152832031250000000000000000000000000000000000000000000000000000000000000000000000000000000000000000000000,0.01057901555916111,0.934696443400529
63,8,7/10,9456292898699408791921058486671354766005985988235317180911376221600849067780199579752003771731357512446641450369818296263475558545024889917325336307351040788049957635099424872519264454217304715966503675358439489760180227027144669954306969473660579/897213013104229298905903194896544908782651268390745929275646291589354072147999116039847236884033066045679565781395217076779613485371100978227332234382629394531250000000000000000000000000000000000000000000000000000000000000000000000000000000000000000,0.010539629676103316,7/10,8935681929539999618300833483410834290655875061149265050810258260282061919952488916441411173517211609473392639961284315471779095012515013062203776683002041183912871601572574272701887473500710033799217358941395100278363902621772527162558922598660579/897213013104229298905903194896544908782651268390745929275646291589354072147999116039847236884033066045679565781395217076779613485371100978227332234382629394531250000000000000000000000000000000000000000000000000000000000000000000000000000000000000000,0.00995937620055667,0.9449455537453781
63,9,13/20,156806132303802372814881784071563868383878194658759140730601396716692732830134371936555637991569449635764190376624322507419221303114710971128354806210824442328724874279268149382049794480376061514770811092995282789353754514196353280693272808267957706465091/15052736518860485461272901575869431588346837382465516856578241373593576568906565137609581700206589700190631941900676338264020159840583801269531250000000000000000000000000000000000000000000000000000000000000000000000000000000000000000000000000000000000000000,0.010417117984316703,13/20,146636339344556200457787023228663389936037069729275043748947106748375823536163245551990982336032902877664675787983434052777986657483463680617771795048131096026494563527309823582928933456777143961159246124159462703546157034908119836598614910318738956465091/15052736518860485461272901575869431588346837382465516856578241373593576568906565137609581700206589700190631941900676338264020159840583801269531250000000000000000000000000000000000000000000000000000000000000000000000000000000000000000000000000000000000000000,0.009741507078186525,0.9351441629875622
64,0,1,8418153116367776768044995726162059589598974147305933345549227678281399423282801991722836794115561729791369943022416655735775720275304501764906370279079492846011568433325275670512375182282499885402860057/342551962620837381223754534147770416980288328587427800323561881600000000000000000000000000000000000000000000000000000000000000000000000000000000000000000000000000000000000000000000000000000000000000000000,0.02457482085918051,1,8418153116367776768044995726162059589598974147305933345549227678281399423282801991722836794115561729791369943022416655735775720275304501764906370279079492846011568433325275670512375182282499885402860057/342551962620837381223754534147770416980288328587427800323561881600000000000000000000000000000000000000000000000000000000000000000000000000000000000000000000000000000000000000000000000000000000000000000000,0.02457482085918051,1.0
64,1,1,527000678785824727992888125958809973868911622727497112743845224417536217249051109248374985291110218605897465883779683152995611892767837518770560954723764361193881486693208946924618431149730292780380183591/21580773645112755017096535651309536269758164701007951420384398540800000000000000000000000000000000000000000000000000000000000000000000000000000000000000000000000000000000000000000000000000000000000000000000,0.024419915960944748,1,526727684426826263949368942068717506142689965315313585347265207038225867250147804265785254294422059553131112323025867992951676109142029342039097203040223088013208175428473714924618431149730292780380183591/21580773645112755017096535651309536269758164701007951420384398540800000000000000000000000000000000000000000000000000000000000000000000000000000000000000000000000000000000000000000000000000000000000000000000,0.02440726607343433,0.999481984805736
64,2,1,57052991979775399231547572390094424363184222727370919093085348033171885155922766363541060506245516443342841421388341170715346050751699398720985741345676673676674519458026074614171324942460699197820020399/2397863738345861668566281739034392918862018300111994602264933171200000000000000000000000000000000000000000000000000000000000000000000000000000000000000000000000000000000000000000000000000000000000000000000,0.023793258585716275,1,56905904073882557371748134870835194953698979848478021009653233102559098227165669173841393598970208981464349554611433443968137909033901357919939560754321507512545781871612506614171324942460699197820020399/2397863738345861668566281739034392918862018300111994602264933171200000000000000000000000000000000000000000000000000000000000000000000000000000000000000000000000000000000000000000000000000000000000000000000,0.023731917357880574,0.9974219072341555
64,3,1,482806010742605156672193800629100371314127298188536364823360828763489859797104887697143381913439585937897543909482522452986239460229488176505824515897777573045882621085046685971634815147528692780380183591/21580773645112755017096535651309536269758164701007951420384398540800000000000000000000000000000000000000000000000000000000000000000000000000000000000000000000000000000000000000000000000000000000000000000000,0.022372043684909453,1,478869779763733062207369834809191270052731070223936787511308425568835815795086741152402072998977666201679311277916063070141233003762815003272526625239256082155109640849282973971634815147528692780380183591/21580773645112755017096535651309536269758164701007951420384398540800000000000000000000000000000000000000000000000000000000000000000000000000000000000000000000000000000000000000000000000000000000000000000000,0.02218964841754778,0.9918471790091888
64,4,1,427675695516919324926336541431048821094880758581734089033539737429906451467271307751894875947006538874967286686215123533053007213977499077191988114487137859613700984023820990256897103145877492780380183591/21580773645112755017096535651309536269758164701007951420384398540800000000000000000000000000000000000000000000000000000000000000000000000000000000000000000000000000000000000000000000000000000000000000000000,0.019817440400880716,1,418801746080264960146836140277701336804769117669009716276052941729185106735809711534307746642562938757505259185364144898541314466799892601653154402451206875993649762745100990256897103145877492780380183591/21580773645112755017096535651309536269758164701007951420384398540800000000000000000000000000000000000000000000000000000000000000000000000000000000000000000000000000000000000000000000000000000000000000000000,0.019406243398280953,0.9792507511423377
64,5,19/20,2349497142415164015210571785433950799006397537082035828832157446538586185385148854574045307212915154756326743385443773249429239687963788954820125167389038927653954008678188348078468687551317945742310428307503137565202601/148006838644551706375511370949273926691005331916871339868160000000000000000000000000000000000000000000000000000000000000000000000000000000000000000000000000000000000000000000000000000000000000000000000000000000000000000000,0.015874247189737213,19/20,2254995757117830452420079626183928109778390396649004798251205700224163842251613305265543382027557628082782138929399905493196498752648774036767211087610298859685891733323268286388872210111317945742310428307503137565202601/148006838644551706375511370949273926691005331916871339868160000000000000000000000000000000000000000000000000000000000000000000000000000000000000000000000000000000000000000000000000000000000000000000000000000000000000000000,0.015235753819006655,0.9597780377803776
64,6,17/20,65538214511339301789503827385903474811207789810405813105705622621261942250071067191316321808267536029492876055738085193224097271567013958582663749304951385180741683789380825390387619813718547898308062452448332127546656901/5137951684375152092749894734381937740844899379399962226851840000000000000000000000000000000000000000000000000000000000000000000000000000000000000000000000000000000000000000000000000000000000000000000000000000000000000000000,0.012755708604782196,17/20,61788096226424575799924994268766267529114705542298550919876870421279280798196885325463828465637647753513314323182819149362265000806335282202269259474455502586647612483649514650113877334358547898308062452448332127546656901/5137951684375152092749894734381937740844899379399962226851840000000000000000000000000000000000000000000000000000000000000000000000000000000000000000000000000000000000000000000000000000000000000000000000000000000000000000000,0.012025822744563019,0.9427796696495921
64,7,3/4,317734728778095330289003162515194297015044051408051483608771811878762658461639105051378553049986990556277254627817104205802978989247276914908489542098895875858606529069625809298088843414509390753515890502364920506779/28417313019753927624098183222260593924673023728039297254686720000000000000000000000000000000000000000000000000000000000000000000000000000000000000000000000000000000000000000000000000000000000000000000000000000000000000,0.011181026459370953,3/4,296433725881606948968020828271342548683113281825502904527866544463632702562712237935708533039559258783775738919548374530276849309256948498509665199548731098544373975069587715646120843414509390753515890502364920506779/28417313019753927624098183222260593924673023728039297254686720000000000000000000000000000000000000000000000000000000000000000000000000000000000000000000000000000000000000000000000000000000000000000000000000000000000000,0.010431448099105812,0.9329597901419051
64,8,7/10,5960193284710585632247738013694588419611395988687188045572929609596568288415686786945773122218687518960057494402118974680262879048614918909662138851307990532288813411783498761559496852684496286763190608108206320012130547/561963465478532260144519736573024440404910869621870868561920000000000000000000000000000000000000000000000000000000000000000000000000000000000000000000000000000000000000000000000000000000000000000000000000000000000000000000,0.010606015605721388,7/10,3254091882639236614517768450385677348588583462231611235628830465668010460573144554245269506557995535289738711081515805452929760453232033758041746919145698963553731671906866827366572192545744102532571174666787960030647/330372407688731487445337881583200729220994044457302097920000000000000000000000000000000000000000000000000000000000000000000000000000000000000000000000000000000000000000000000000000000000000000000000000000000000000000000,0.009849768948335298,0.9286964411990742
64,9,13/20,1551922670467128856022997665096819039840757519927340280168531887693205650202689600225011753677813565843176264118297736454696084656197538414181966973322700058033204668803602880435232454418875215143759038621359014243382889/148006838644551706375511370949273926691005331916871339868160000000000000000000000000000000000000000000000000000000000000000000000000000000000000000000000000000000000000000000000000000000000000000000000000000000000000000000,0.01048547948648626,13/20,1450098494058474314783671646170007640985711348962563283745826892850299234256337931245505749292239733750697858563056436256637811050944178235202309283943512215377213306714349924178118588178875215143759038621359014243382889/148006838644551706375511370949273926691005331916871339868160000000000000000000000000000000000000000000000000000000000000000000000000000000000000000000000000000000000000000000000000000000000000000000000000000000000000000000,0.009797510083577845,0.9343883697645802
65,0,1,1488892829664269396425660343128782561954067480774746317189965459699185868871599312489155409741723138824545732883604713358455638744539890055311109881980631808957250065261469046177765745454394992710385097007139750689193845710756738932583811157598807/61640001209923630819187414845837710804496874867954592670711522400318112951955740186349430587142705917358398437500000000000000000000000000000000000000000000000000000000000000000000000000000000000000000000000000000000000000000000000000000000000000000,0.02415465282996405,1,1488876780714162529586267959130194020220772581068890454748672385075501241786429787713276003357062395952216076553804632012491403344603199688363143349362864317852426635064860953772254033244032723917049151154882410173800454022594238932583811157598807/61640001209923630819187414845837710804496874867954592670711522400318112951955740186349430587142705917358398437500000000000000000000000000000000000000000000000000000000000000000000000000000000000000000000000000000000000000000000000000000000000000000,0.024154392464133555,0.9999892208829358
65,1,1,1477918911455544917050150192276680954735195081108649222596877241377825986712750354915197753509422086392093606653244289864822290724589593130348781361439046011789169045427766313197599412541643143821526235473110388627620278958106738932583811157598807/61640001209923630819187414845837710804496874867954592670711522400318112951955740186349430587142705917358398437500000000000000000000000000000000000000000000000000000000000000000000000000000000000000000000000000000000000000000000000000000000000000000,0.02397662041605557,1,10339892812146603973808533713841111513092992142836067567697779515333679320154697819568168789468071525816747035923156791972794966154153651152473696829236272249846701993678023404941580340464175799571512085811772720393341952706747172528086678103191649/431480008469465415734311903920863975631478124075682148694980656802226790663690181304446014109998941421508789062500000000000000000000000000000000000000000000000000000000000000000000000000000000000000000000000000000000000000000000000000000000000000000,0.023963781888352142,0.9994645397274242
65,2,1,10061498975416406260093820873913358280932873112898169607264842199118061074541095050154342103588859005838445508525033909398315790289464292719396151471907772030973738705290069729770492765151330100101049469264015802354573243621059672528086678103191649/431480008469465415734311903920863975631478124075682148694980656802226790663690181304446014109998941421508789062500000000000000000000000000000000000000000000000000000000000000000000000000000000000000000000000000000000000000000000000000000000000000000,0.023318575085567214,1,1433524809353274487497065294558983812740244207770355386640415933618660202106803821858430603874782251538611740848517561561866222475252386174863855869218036955285641852639823278625509150972391596608070490586823686050653320517294238932583811157598807/61640001209923630819187414845837710804496874867954592670711522400318112951955740186349430587142705917358398437500000000000000000000000000000000000000000000000000000000000000000000000000000000000000000000000000000000000000000000000000000000000000000,0.023256404627105792,0.9973338654599053
65,3,1,1346908502585988699087120435592884229244855910904648589169766840723621900320555081969169224679964647496083860679854191369957454169030035680578584148691861706504657906775523711272668030446907594854324650871022302442899578700156738932583811157598807/61640001209923630819187414845837710804496874867954592670711522400318112951955740186349430587142705917358398437500000000000000000000000000000000000000000000000000000000000000000000000000000000000000000000000000000000000000000000000000000000000000000,0.021851208243797784,1,9348752548667375552411734803744540469808517221369176043455271920790850975817491194836372181912611675397621318733849197080803664952356517094669745554936135869881315645486713379842827455891133849113527556097156117100297050901097172528086678103191649/431480008469465415734311903920863975631478124075682148694980656802226790663690181304446014109998941421508789062500000000000000000000000000000000000000000000000000000000000000000000000000000000000000000000000000000000000000000000000000000000000000000,0.021666710774918694,0.991556646807782
65,4,1,1185714246715800126597876808245734429564957090351021669362506330780610954744146427556505757533280763243126782261016603138720587708499812086666502730528299748730436752156914355048803784020473579790026978044456237804359053506694238932583811157598807/61640001209923630819187414845837710804496874867954592670711522400318112951955740186349430587142705917358398437500000000000000000000000000000000000000000000000000000000000000000000000000000000000000000000000000000000000000000000000000000000000000000,0.019236116538636733,1,8120998401952430402594273287130603373127583828614168665227484049750700107960133006628124446836579769502892510449974758215686869142868234233151094363228200437743962815385686620434769170669635090593799686154943664630513374546859672528086678103191649/431480008469465415734311903920863975631478124075682148694980656802226790663690181304446014109998941421508789062500000000000000000000000000000000000000000000000000000000000000000000000000000000000000000000000000000000000000000000000000000000000000000,0.01882126226602948,0.9784335745848703
65,5,19/20,1627797451719930296338667754674020638326018146910099503633770887339876899099394073800952534914818754905400004824533988837835578119991234767637283194229362230743088419222724037820808797480544627719452733204045397429999926864189798936725183104005179551342647211351/106232856890246454780970479763488825854242150547260085158975811969739311280136462301015853881835937500000000000000000000000000000000000000000000000000000000000000000000000000000000000000000000000000000000000000000000000000000000000000000000000000000000000000000000,0.015322918910122834,19/20,1559234035540663184925317320591688569896704394599880245061275575826485184243630667028536073877928727304922167754818543840805197031926382455621721710697278006715915959919274792280582977256351152813879936612320640594062426864189798936725183104005179551342647211351/106232856890246454780970479763488825854242150547260085158975811969739311280136462301015853881835937500000000000000000000000000000000000000000000000000000000000000000000000000000000000000000000000000000000000000000000000000000000000000000000000000000000000000000000,0.014677512035203686,0.9578796390749825
65,6,17/20,15201308585403983916788909083657803991127716913913033632256442471101872121134702681317713286116619337147532571617250918728463470500042956886908657126213230667688429761349895566736520010402197852381730804132012717363107596011925465702059675699629353603257542930217/1229265915444280405322658408691799270599087742046866699696720109935554887670150492340326309204101562500000000000000000000000000000000000000000000000000000000000000000000000000000000000000000000000000000000000000000000000000000000000000000000000000000000000000000000,0.012366167803416185,17/20,14293719425280067490601919866050762889733427855613988221199390916817326668495150865004561313974477334025424313681818090225421910090991549098285784046329741034165871028291918310761437139467479414079259409590119346208322439761925465702059675699629353603257542930217/1229265915444280405322658408691799270599087742046866699696720109935554887670150492340326309204101562500000000000000000000000000000000000000000000000000000000000000000000000000000000000000000000000000000000000000000000000000000000000000000000000000000000000000000000,0.01162784979693677,0.9402953268776237
65,7,3/4,74458988773553922271105558461115189367684938150534261651983865886866799253866083494822198304409818899366828735955724444508757765187816841965664628399172733967225433438790017215670797345173750640177264489398207986460053290412705106488263902951301567981524343/6798902840975773105982110704863284854671497635024645450174451966063315921928733587265014648437500000000000000000000000000000000000000000000000000000000000000000000000000000000000000000000000000000000000000000000000000000000000000000000000000000000000000000000,0.010951618300059076,3/4,69290864291010203879742203155627069148382750515731869234008801594879536353755658698894322673350201761847186770043094017708759581585551775501420248397589775273462968145568991038178133742532026422312129545648207986460053290412705106488263902951301567981524343/6798902840975773105982110704863284854671497635024645450174451966063315921928733587265014648437500000000000000000000000000000000000000000000000000000000000000000000000000000000000000000000000000000000000000000000000000000000000000000000000000000000000000000000,0.010191477347404722,0.9305909928717792
65,8,7/10,829203462662220592495820719370973350448031286380573897355946134146927427502239380897495241588385762444391705710726764765895680194807685108924134637076313031383206184495258384184619687739300205570082323438338480806212698144873154999532801594347410377987647299/79042304233814326473936368871643471617739695347663753838523669620341749464387248735874891281127929687500000000000000000000000000000000000000000000000000000000000000000000000000000000000000000000000000000000000000000000000000000000000000000000000000000000000000,0.010490628666509535,7/10,758099582421372056929181168031561263125560256182175699769259477342210102689952181188600206390102246812605516268391226985629721054019481923957871994734102584637227723766164263429977597422758884117565307462027201509337698144873154999532801594347410377987647299/79042304233814326473936368871643471617739695347663753838523669620341749464387248735874891281127929687500000000000000000000000000000000000000000000000000000000000000000000000000000000000000000000000000000000000000000000000000000000000000000000000000000000000000,0.009591061264849321,0.914250381911619
65,9,13/20,1109821096732937749857502438262368549671152149844362803991412053486471548189322571775663117055622503988502499472265970258422915585184636376735914329238505973369078384289129611286776656001937561520866295621968669317970179556325687841205975085499178511945066911639/106232856890246454780970479763488825854242150547260085158975811969739311280136462301015853881835937500000000000000000000000000000000000000000000000000000000000000000000000000000000000000000000000000000000000000000000000000000000000000000000000000000000000000000000,0.01044706062908145,13/20,1035410718615659337690942267795246984121419775025511627074001608193064935547390696095121281744447411904190636817310377993162576554484252873118205921658138554059581790984425552461723029067309717761859580695919040961036585806325687841205975085499178511945066911639/106232856890246454780970479763488825854242150547260085158975811969739311280136462301015853881835937500000000000000000000000000000000000000000000000000000000000000000000000000000000000000000000000000000000000000000000000000000000000000000000000000000000000000000000,0.009746614643766804,0.932952817047427
66,0,1,2546620846528521186907399840247006769352129095302298154859587213723470066478235551503789650655077253608985184065222391320793062247203559476782533537531161569338407984913669671102685341449619985172512715505198918555683955135900492418424771465607977966344563605129454051/107543551287851296227691534148265054384750524834617187500000000000000000000000000000000000000000000000000000000000000000000000000000000000000000000000000000000000000000000000000000000000000000000000000000000000000000000000000000000000000000000000000000000000000000000000,0.023679902848960516,1,2546530801145965496129817003396821363999573975228712706160971889183815319784130238416710782223118794556105949302941990816776481822719776544197764422227416544934512166954466408068812195364126808873214415872962242876480814510900492418424771465607977966344563605129454051/107543551287851296227691534148265054384750524834617187500000000000000000000000000000000000000000000000000000000000000000000000000000000000000000000000000000000000000000000000000000000000000000000000000000000000000000000000000000000000000000000000000000000000000000000000,0.023679065556705636,0.9999646412293065
66,1,1,2525637054902802711531158133102873873881553050106405209859120357081069846219674687870770767145547723642701964647263336246632463621087327439999499528016982888794548529936280617486642632696422811792608583459021321485344117032771361279103345530772352966344563605129454051/107543551287851296227691534148265054384750524834617187500000000000000000000000000000000000000000000000000000000000000000000000000000000000000000000000000000000000000000000000000000000000000000000000000000000000000000000000000000000000000000000000000000000000000000000000,0.02348478383555214,1,2524235088087011916024283130535522704628324017360124432845039108876390740377064181701299870060161209822190216888567759360926969612195023618115695967736674639644849380625495260820641542019631991003835789343234510618093867032771361279103345530772352966344563605129454051/107543551287851296227691534148265054384750524834617187500000000000000000000000000000000000000000000000000000000000000000000000000000000000000000000000000000000000000000000000000000000000000000000000000000000000000000000000000000000000000000000000000000000000000000000000,0.02347174756513888,0.9994449056672378
66,2,1,2451665935374931542679783237336249332254282994187810390390154024118407614549256787005306994209241253569669392872900074343648403348283659424348824445192764792026586796808159376739139706345217037884750633737631887901131886860889476046900968972712977966344563605129454051/107543551287851296227691534148265054384750524834617187500000000000000000000000000000000000000000000000000000000000000000000000000000000000000000000000000000000000000000000000000000000000000000000000000000000000000000000000000000000000000000000000000000000000000000000000,0.022796959055339332,1,2444886477585813940821738594250558467813413223439102908983119506508890685240411553667225524862897424418821914326715035143850518695362258640095076724183775848277833705604997571320999703750119757641588363526461157885677496235889476046900968972712977966344563605129454051/107543551287851296227691534148265054384750524834617187500000000000000000000000000000000000000000000000000000000000000000000000000000000000000000000000000000000000000000000000000000000000000000000000000000000000000000000000000000000000000000000000000000000000000000000000,0.02273391987067477,0.9972347546656756
66,3,1,2289097673617391538875064806188120627668969185165094268570883616547049916166807892526255614028220444257011437778304933424283507616993043702576056776512625445281416586449219828811453301919680587932833770052921710102578514620254836721817641791429852966344563605129454051/107543551287851296227691534148265054384750524834617187500000000000000000000000000000000000000000000000000000000000000000000000000000000000000000000000000000000000000000000000000000000000000000000000000000000000000000000000000000000000000000000000000000000000000000000000,0.02128530856759963,1,2269019467060505732381306112810389179495922056196118533944396494298628682832811955024984406983764142591577772563528973262742003496134975226000071739179320284174802231810532642217467639321427455312469064200332736226574514620254836721817641791429852966344563605129454051/107543551287851296227691534148265054384750524834617187500000000000000000000000000000000000000000000000000000000000000000000000000000000000000000000000000000000000000000000000000000000000000000000000000000000000000000000000000000000000000000000000000000000000000000000000,0.021098610189905703,0.9912287680913341
66,4,1,2001563023554615967515516686559848217428945593080840953557518894726967436829777288172066179430737384718070802314624164525679120189812259411710903060427001427689305705252404935454556961976484509124353176727233317309027750310867443303853363986922977966344563605129454051/107543551287851296227691534148265054384750524834617187500000000000000000000000000000000000000000000000000000000000000000000000000000000000000000000000000000000000000000000000000000000000000000000000000000000000000000000000000000000000000000000000000000000000000000000000,0.018611650811095386,1,1956536416317255425459759026204153555826411373142053183067489990463092591686759012035773691396110977283776284557299668784255421787212567154114787112647917512171275117146256750524230249511999322062915906579311017807064859685867443303853363986922977966344563605129454051/107543551287851296227691534148265054384750524834617187500000000000000000000000000000000000000000000000000000000000000000000000000000000000000000000000000000000000000000000000000000000000000000000000000000000000000000000000000000000000000000000000000000000000000000000000,0.018192968270876474,0.9775042770537413
66,5,19/20,413848130167967880163743674239664313831581026562752253206351503700281517155900439850227403224428883296823218995389639583973536569103752919809192547869384129235113718141862032237275072708894110356012887061117911024678172348144276733781690609565603864083237830617379773870254973703812391973024803/28121609166167288973060021120069283462755443660084097112641942701855468750000000000000000000000000000000000000000000000000000000000000000000000000000000000000000000000000000000000000000000000000000000000000000000000000000000000000000000000000000000000000000000000000000000000000000000000000000000,0.01471637443371707,19/20,395496679712940062279374459402932725189742463107486361801634745429291718541664432179872210512876185973160822105904140289546115849531450829295052543064898915090622966431650353226471555424376883229560550155845927349000549533242737630575762258815603864083237830617379773870254973703812391973024803/28121609166167288973060021120069283462755443660084097112641942701855468750000000000000000000000000000000000000000000000000000000000000000000000000000000000000000000000000000000000000000000000000000000000000000000000000000000000000000000000000000000000000000000000000000000000000000000000000000000,0.014063799741188229,0.9556565582461867
66,6,17/20,334837700068548956103978992118596048815943154752750947062521818122492846554975154417621280316359452159597423718958099694461491250735232324428907411664781162199068708625322154208602071851362917080831611709980701765334811612636228105526452526179999967920703215920222914459211812944278621209067547/28121609166167288973060021120069283462755443660084097112641942701855468750000000000000000000000000000000000000000000000000000000000000000000000000000000000000000000000000000000000000000000000000000000000000000000000000000000000000000000000000000000000000000000000000000000000000000000000000000000,0.011906775963282623,4/5,77368325100887421650328277580429157160913339076831992681508665948576565888951074171703461025966315094298786889421505998742129274849056954033644012410471749006769481643724134919396780226162825474551804044049805486042847450805376318852753909185253556410400325144457133659990629885815902484973/6865627237833810784438481718766914907899278237325219021641099292445182800292968750000000000000000000000000000000000000000000000000000000000000000000000000000000000000000000000000000000000000000000000000000000000000000000000000000000000000000000000000000000000000000000000000000000000000000000,0.011268937625180197,0.9464306425123516
66,7,3/4,19147320679663791803411222472308194064781804490250003398120316752879223347908772269551130785984415351852697001069964553674779699701930956695439724734573146075468183251743984267649830291557161220600203708082043957617180973576209375871191409152867369308027059375743174063848392728657507587779/1799782986634706494275841351684434141616348394245382215209084332918750000000000000000000000000000000000000000000000000000000000000000000000000000000000000000000000000000000000000000000000000000000000000000000000000000000000000000000000000000000000000000000000000000000000000000000000000000000,0.010638683008925473,3/4,17760054313001324958746402334268775328168020267150713643124663862545616887339803528988227291654151204056862744009300810207346061778820517769132919917821579614412035752643002897779660234708276835917155151978311142688638932358195571514391409152867369308027059375743174063848392728657507587779/1799782986634706494275841351684434141616348394245382215209084332918750000000000000000000000000000000000000000000000000000000000000000000000000000000000000000000000000000000000000000000000000000000000000000000000000000000000000000000000000000000000000000000000000000000000000000000000000000000,0.009867886542371232,0.9275477551208576
66,8,7/10,4464109991193236581092317641503933059617010921715077511662377824783646322381699377344735205917354794752335332531902052775430546308703543343335537075239230437517322700516798568685743593567113594924075538927062994498536456287133973943877273370271814933581029797216691604311021411883252340436587/439400143221363890204062830001082554105553807188814017385030354716491699218750000000000000000000000000000000000000000000000000000000000000000000000000000000000000000000000000000000000000000000000000000000000000000000000000000000000000000000000000000000000000000000000000000000000000000000000000,0.010159555157323374,7/10,4063002865927673384282388622668042921424741294225687348973780141521446640790601963556080767510459483006002864962977798238698082790130728460209182770352225696630023679086880548798705526750020912858248442989627030934752312234179005296616140682771814933581029797216691604311021411883252340436587/439400143221363890204062830001082554105553807188814017385030354716491699218750000000000000000000000000000000000000000000000000000000000000000000000000000000000000000000000000000000000000000000000000000000000000000000000000000000000000000000000000000000000000000000000000000000000000000000000000,0.009246703553942146,0.9101484672069317
66,9,13/20,289977136214853736950767910325321238408151213704694813372367170549143344112619637798483821616688245339825945851066701296977812531575386326675370505693366081811095968406009517705780673360957323130743350988941888671250454179015627314981962391813930923446808354229208511054395437688486122874061667/28121609166167288973060021120069283462755443660084097112641942701855468750000000000000000000000000000000000000000000000000000000000000000000000000000000000000000000000000000000000000000000000000000000000000000000000000000000000000000000000000000000000000000000000000000000000000000000000000000000,0.010311541366691105,13/20,266492665902671960072139783754817059004855593187045690910260305659378979253489749837838684738231820894681865261546038849756795206247383357009455387310292941960138281755427597989631293954900913739710664214555256340825413265459193299121466860587223060706813182552060236054395437688486122874061667/28121609166167288973060021120069283462755443660084097112641942701855468750000000000000000000000000000000000000000000000000000000000000000000000000000000000000000000000000000000000000000000000000000000000000000000000000000000000000000000000000000000000000000000000000000000000000000000000000000000,0.009476437295177458,0.9190126827972349
67,0,1,12701333744403561155194811768361977893550027951637673510610457439107679873360193263502642662661170117872439286396580297669209728684768803374798019648961341796066575959032839282346690776695537970581565647191686347597251499/548399621358551502779830614735952488143736393207812630745117609999582195355732146760155774607383437536818774152031635837900580554560292512178421020507812500000000000000000000000000000000000000000000000000000000000000000000,0.023160726684928266,1,12700866890550290745049019387033377188986069619918750653424083514449451023305539655986013109829061141628191561491792415473461448033978868795264876267160831374533711608078441015806886534438887502247010021276159003847251499/548399621358551502779830614735952488143736393207812630745117609999582195355732146760155774607383437536818774152031635837900580554560292512178421020507812500000000000000000000000000000000000000000000000000000000000000000000,0.02315987538263868,0.9999632437141905
67,1,1,12290836383576977750620045688522076974633837698111731350672651093356701002847652995013734983979634784816341374241163737359293446222859484826942059238441320965602566390343468722815985372835296901305687780102872945012651/535546505232960451933428334703078601702867571492004522212028916015216987652082174570464623640022888219549584132843394372949785697812785656424239277839660644531250000000000000000000000000000000000000000000000000000000000,0.02295008232428016,1,12283744077608870910368600584092994500445404244424735933717519439930647659664754992736100769056987827912097804562091466092099102851589071426431310395672737652993866210591235715889661448999998854835999364575529195012651/535546505232960451933428334703078601702867571492004522212028916015216987652082174570464623640022888219549584132843394372949785697812785656424239277839660644531250000000000000000000000000000000000000000000000000000000000,0.02293683920552426,0.9994229598583231
67,2,1,4064354393807255953774298527720576509422937420205311561155396727027080976083457092082359566729448873215907902692071468998675440794117366344775079344608771772901822343698796019913098878338403194775947838710044130839708833/182799873786183834259943538245317496047912131069270876915039203333194065118577382253385258202461145845606258050677211945966860184853430837392807006835937500000000000000000000000000000000000000000000000000000000000000000000,0.022233901531908188,1,4052664868765203415264290525507979080502041657809767911309838252987713132524506415249132575491475196906205609027159414772461015999247585084261732381826586080670179531797836115927099185943277446186312943385337099589708833/182799873786183834259943538245317496047912131069270876915039203333194065118577382253385258202461145845606258050677211945966860184853430837392807006835937500000000000000000000000000000000000000000000000000000000000000000000,0.02216995441422185,0.9971238912975051
67,3,1,10815315930335977792257818618680640911654082815882667184443855660855130624523710510102260582196846799585871710493561613147590254236150711080310204931045827165349788840090291427851543632799965378435119411171553750699/522994634016562941341238608108475196975456612785160666222684488296110339503986498603969359023459851776903890754729877317333775095520298492601796169765293598175048828125000000000000000000000000000000000000000000000000,0.020679592536686452,1,10716472058462334066804572242159898436205954475168190797481770335782852152675983456993182221705680207712054646368116859498258557788366801319833674519256775939175891199965627586219643492017147180231078883827803750699/522994634016562941341238608108475196975456612785160666222684488296110339503986498603969359023459851776903890754729877317333775095520298492601796169765293598175048828125000000000000000000000000000000000000000000000000,0.02049059657870782,0.9908607503922844
67,4,1,9843229090818492568473987819795856053677268413994131321451773421968620289395952505999655078551859653512732820836599710422882323425689854580572573004278786382631245756701460396991510579913487149466168373269719794862876499/548399621358551502779830614735952488143736393207812630745117609999582195355732146760155774607383437536818774152031635837900580554560292512178421020507812500000000000000000000000000000000000000000000000000000000000000000000,0.01794900781739025,1,9611434730974015664201161790222405965335393670789538896471389845239846363715069993402712242483977208231968403156210395935858814412845300714177852987254334643920265744634882024999841663406008578900587051553411201112876499/548399621358551502779830614735952488143736393207812630745117609999582195355732146760155774607383437536818774152031635837900580554560292512178421020507812500000000000000000000000000000000000000000000000000000000000000000000,0.01752633363816625,0.9764513903206125
67,5,19/20,803576849619735530286456717783542565563674725490576350040354429728970839819254062958011582496763999265046879283168744110057137422465030949659926575303086494319057762036763928329784901747758010970618981705595456514768534151291221647839171/57152408200257908608240108772680953859955065327898412484987490740946883578728667392827788329445239112747145782122970558702945709228515625000000000000000000000000000000000000000000000000000000000000000000000000000000000000000000000000000000,0.014060244789756895,9/10,374204404075376454184573905761425425959637154813520824145186052889126007337020538812012577603248393243101808913219147425284734949981136771860682985824548211045707996781082531930017449940626656276731053566746884625244942688443116089633/27906449316532181937617240611660622001931184242137896721185298213352970497426107125404193520236933160521067276427231718116672709584236145019531250000000000000000000000000000000000000000000000000000000000000000000000000000000000000000000,0.013409244573930529,0.9536992260404576
67,6,4/5,1879681580066991915066491993722716162138753119730230173082848229338060901778118205554061055627008176314491251811419151270019993178966880828652048709883307495890845212398454887376335751546059095144643625542478125555678452517190863243/163514351464055753540726019208948957042565532668776738600695106718865061508356096437915196407638280237428128572815810848339879157720133662223815917968750000000000000000000000000000000000000000000000000000000000000000000000000000000000,0.01149551438902407,4/5,1779084983461195436514662952534661063588606657235796307170477139516877356431463764029395829197311284484573985220457113948617058589383588515794475701045397011795004296240833253055551783967857540429010233208493750555678452517190863243/163514351464055753540726019208948957042565532668776738600695106718865061508356096437915196407638280237428128572815810848339879157720133662223815917968750000000000000000000000000000000000000000000000000000000000000000000000000000000000,0.01088029868651792,0.9464821075694048
67,7,3/4,35757078661025918961197040538515887956111425899395066097198898566740556722367066822884398565345007901654866544536516635820365265242498253697725987726516174733657433644766086230770067734564560485138667080925822092346573341640503/3488306164566522742202155076457577750241398030267237090148162276669121312178263390675524190029616645065133409553403964764584088698029518127441406250000000000000000000000000000000000000000000000000000000000000000000000000000000000,0.010250556279789536,3/4,33030864961081597883220238353431134328954368317609309471547861751231482113908087635101388879702336815251494531361689579945001121907009222904792432127105070709518474066096108664442092437131276799461215068029284311584854591640503/3488306164566522742202155076457577750241398030267237090148162276669121312178263390675524190029616645065133409553403964764584088698029518127441406250000000000000000000000000000000000000000000000000000000000000000000000000000000000,0.009469026915298362,0.923757370511484
67,8,7/10,39808017629313229536189252504231963020543897372570672344296923594258579568134765936806829440869340412413949501975985301179821670887587204331666795895701055592083594138066820613389560620060636897413318696255882627221351888638516767688609/4082314871446993472017150626620068132853933237707029463213392195781920255623476242344842023531802793767653270151640754193067550659179687500000000000000000000000000000000000000000000000000000000000000000000000000000000000000000000000000000,0.009751334446968593,13/20,1445270326248057048610246815561496350742553837315229474706948692180865440096043306330428615820734563208170809325844710343904088555587781165500764788302098608628973799922153153376802464722522975963446474578846325865368870004698786207/163514351464055753540726019208948957042565532668776738600695106718865061508356096437915196407638280237428128572815810848339879157720133662223815917968750000000000000000000000000000000000000000000000000000000000000000000000000000000000,0.008838798021748941,0.9064193285357643
67,9,13/20,1725756737074447524828564584258625324976655745032636543647686135496097376393997563245272662199284648014281223022166510999688017453608369084482335475742763205867827031645879209389950763538281405589418114957990863860759312174839118186025607/171457224600773725824720326318042861579865195983695237454962472222840650736186002178483364988335717338241437346368911676108837127685546875000000000000000000000000000000000000000000000000000000000000000000000000000000000000000000000000000000,0.010065231961457166,13/20,1548307586045937881738673515359114313828061969011852580064504690807819017224228829841222063628427780176333800580369808083269374705771782799156694530649806699962062546751487321063982417423630004527405789120277430431160503886264899436025607/171457224600773725824720326318042861579865195983695237454962472222840650736186002178483364988335717338241437346368911676108837127685546875000000000000000000000000000000000000000000000000000000000000000000000000000000000000000000000000000000,0.009030284898469952,0.8971760345960889
68,0,1,420759968907868421196319885059031859322276027561581418123692342777480255366070308693768121924249152683571388909640736944115392077713716982088104630716559630973175746843570629245789672729104213698129721458078252934290350610872526920618607707941989671184574340419546126269007/18615155095566727144219463484190988289864192372363648942812500000000000000000000000000000000000000000000000000000000000000000000000000000000000000000000000000000000000000000000000000000000000000000000000000000000000000000000000000000000000000000000000000000000000000000000000,0.02260308693361755,1,420743849646961587448711936561445841008526960011705738938507706077688074658386421164389706857230555109994203768154339193321001066059794600661121378863847504006002029114837070125746658444182464706075663716301137063857520618116901920618607707941989671184574340419546126269007/18615155095566727144219463484190988289864192372363648942812500000000000000000000000000000000000000000000000000000000000000000000000000000000000000000000000000000000000000000000000000000000000000000000000000000000000000000000000000000000000000000000000000000000000000000000000,0.022602221012231232,0.9999616901271557
68,1,1,416566500024969115268016025123887634691144700951721453224052960867701887200146972322622514011341803125543118264878410790540804921839399085573554335777806204085373243400956717432001334464928126162332205809951376487378952689781726291185233604585617011759574340419546126269007/18615155095566727144219463484190988289864192372363648942812500000000000000000000000000000000000000000000000000000000000000000000000000000000000000000000000000000000000000000000000000000000000000000000000000000000000000000000000000000000000000000000000000000000000000000000000,0.022377815166534715,1,416315962369310175299785956208433082869910289184279226670745568074640467205196078817558936989848022788327469650173926032447880585158220119244282798574628591941222612558917305227572225050486133773467281941517522560453672805691726291185233604585617011759574340419546126269007/18615155095566727144219463484190988289864192372363648942812500000000000000000000000000000000000000000000000000000000000000000000000000000000000000000000000000000000000000000000000000000000000000000000000000000000000000000000000000000000000000000000000000000000000000000000000,0.0223643563661985,0.9993985650414906
68,2,1,402730532080858956647355483206418826545706673562950855657607907572886935274938574337561524709930219797854359164702107380607041119637553107444476399409779233574325260172547212732212736157939187546574753602787467106195548875463725242129610098991662579384574340419546126269007/18615155095566727144219463484190988289864192372363648942812500000000000000000000000000000000000000000000000000000000000000000000000000000000000000000000000000000000000000000000000000000000000000000000000000000000000000000000000000000000000000000000000000000000000000000000000,0.021634551526071938,1,401522545887620179116743995151754535433253554402901242854879088130028996630820650335236167700508883595689055829907802783667463328214509618697642762002369364881363231834045629178226687527408404224196076518841081601136319462258100242129610098991662579384574340419546126269007/18615155095566727144219463484190988289864192372363648942812500000000000000000000000000000000000000000000000000000000000000000000000000000000000000000000000000000000000000000000000000000000000000000000000000000000000000000000000000000000000000000000000000000000000000000000000,0.02156965890567543,0.9970005100259043
68,3,1,373029606693195396008960395191697397208316767781257099763408943034722460925822739727325259975119665157725302214791441282073530289425546480836654269460169958348743663671624595159998701717519575424172148240278456684993528249168523773451737191160126374059574340419546126269007/18615155095566727144219463484190988289864192372363648942812500000000000000000000000000000000000000000000000000000000000000000000000000000000000000000000000000000000000000000000000000000000000000000000000000000000000000000000000000000000000000000000000000000000000000000000000,0.020039027597574723,1,369466961546391964633810924817260688774066039450030208669293933461296617282480185466903059672009589012323921606058956736992248271586947600071994377502834178939392163331636157729716576322031152178333366345336793854189050103728523773451737191160126374059574340419546126269007/18615155095566727144219463484190988289864192372363648942812500000000000000000000000000000000000000000000000000000000000000000000000000000000000000000000000000000000000000000000000000000000000000000000000000000000000000000000000000000000000000000000000000000000000000000000000,0.019847643473804952,0.9904494306004682
68,4,1,321166690134052070696766273042562285531538700304809358188173492121851564043135875665805448931482421157370852548491084909802706763907319608590008866488880929502137060217964403804495139180037147718344529332770940203127635524646121885151614881091008395784574340419546126269007/18615155095566727144219463484190988289864192372363648942812500000000000000000000000000000000000000000000000000000000000000000000000000000000000000000000000000000000000000000000000000000000000000000000000000000000000000000000000000000000000000000000000000000000000000000000000,0.017252968803388547,1,313221511886767845555669731010707386559806776401236592422526977007198806757888366076374531100356515024622729161558711611214457835267925934704822054937200432400318354039969240108585943699566366434558440722073521182608890052380496885151614881091008395784574340419546126269007/18615155095566727144219463484190988289864192372363648942812500000000000000000000000000000000000000000000000000000000000000000000000000000000000000000000000000000000000000000000000000000000000000000000000000000000000000000000000000000000000000000000000000000000000000000000000,0.016826156445044222,0.9752615121949042
68,5,9/10,33440598101085623909123333005644674053408418681677331969650396018411200270803434936001133545794614677787190700815426399127725969607062394861159876375055679886454401485997890936143997064901309202089141510185374987820883356911037779965982742279025396883080309847379004435646831129630843/2500711428388113293860233775573724901912390526392231228893590629778742595590301789343357086181640625000000000000000000000000000000000000000000000000000000000000000000000000000000000000000000000000000000000000000000000000000000000000000000000000000000000000000000000000000000000000000000,0.013372433828816655,9/10,224438170725986581992641029493461773027451338464833334808066290935922329033589265998508454453670093982268811696574256772091249571635440056413756815222103065023567508406883324156004340762479440153202184912042633126768738808840245807648597945953177778181562168931653031049527817907415901/17504979998716793057021636429016074313386733684745618602255134408451198169132112525403499603271484375000000000000000000000000000000000000000000000000000000000000000000000000000000000000000000000000000000000000000000000000000000000000000000000000000000000000000000000000000000000000000000,0.012821389726948507,0.9587925347829588
68,6,4/5,431796392567088335742307579125897282285792115926759006076602104681356512328349662361457860649823571972946985991854462119018975974815098005425881212288219799344891321102899573604266559119554656403885603883296733166366018723165467740329932075221714779154887449658742781390793072733533/39073616068564270216566152743339451592381101974878612951462353590292853056098465458489954471588134765625000000000000000000000000000000000000000000000000000000000000000000000000000000000000000000000000000000000000000000000000000000000000000000000000000000000000000000000000000000000000,0.011050842896377836,4/5,407426183253480374981714211002894670854720632277603126637986275143292433485754093497444438401924049967214196259266939889728712444173389098703215680440941030601224600156192798673593869016001054324009112609362853819864289994361435740329932075221714779154887449658742781390793072733533/39073616068564270216566152743339451592381101974878612951462353590292853056098465458489954471588134765625000000000000000000000000000000000000000000000000000000000000000000000000000000000000000000000000000000000000000000000000000000000000000000000000000000000000000000000000000000000000,0.010427143025067118,0.943560877920439
68,7,3/4,702328224320184701195235624335753908638732986541710987450815039845089180564386932626835660827395537569932379598005169536119974409618270372137571817475704182374955341987166208027914910056380291452233759857869392045581829756547140523642475829036807085754745426101616545213729903968613/71700398074743984361560622813249840387632061172718053794837030537016107700765132904052734375000000000000000000000000000000000000000000000000000000000000000000000000000000000000000000000000000000000000000000000000000000000000000000000000000000000000000000000000000000000000000000000000,0.009795318341022928,7/10,54204236120614177353083359522696159399730771949637201836246524801485277048005277677419516473225209726221269752107209417708879824287269055762134204187008665148898791122847229723975995916829181617125836106609106589016586008918785268557140311287188776968874170823639124759739285467732863/5834993332905597685673878809672024771128911228248539534085044802817066056377370841801166534423828125000000000000000000000000000000000000000000000000000000000000000000000000000000000000000000000000000000000000000000000000000000000000000000000000000000000000000000000000000000000000000000,0.009289511234732225,0.9483623616220439
68,8,7/10,7730689427933149651551193506038440614386450446682053448460097125068478334824019370087808506054617315176779291148785699166232094489736827552949192208335099538233922425910658311118612591328449060456577077956425577794377183919872659697462022921839850218099981099805589251391326495390409/833570476129371097953411258524574967304130175464077076297863543259580865196767263114452362060546875000000000000000000000000000000000000000000000000000000000000000000000000000000000000000000000000000000000000000000000000000000000000000000000000000000000000000000000000000000000000000000,0.009274188145230492,13/20,9764651694042086374759874987813383673125351119824665945687990904771535871251642562255428347936126154112399088037605941769383035772422609577410560203054911088132450890697013865218730494134735585209017010466932541649529290828461711649371555138007420873373743501754557114202067328097937349/1120318719917874755649384731457028756056750955823719590544328602140876682824455201625823974609375000000000000000000000000000000000000000000000000000000000000000000000000000000000000000000000000000000000000000000000000000000000000000000000000000000000000000000000000000000000000000000000000,0.008715958700357953,0.9398082682677058
68,9,13/20,10715893310247316919533085111930455221580614744170470724901564533835721225005863802781737590941420256092166203450585507147540715108336179840009222135596257234640816560653272628662919249905478472079919371802420912563377098336198930980859945399294411362154781295504557114202067328097937349/1120318719917874755649384731457028756056750955823719590544328602140876682824455201625823974609375000000000000000000000000000000000000000000000000000000000000000000000000000000000000000000000000000000000000000000000000000000000000000000000000000000000000000000000000000000000000000000000000,0.009565039947768477,3/5,148355635034898426492686144542542638937614901765027435710127352748982119217450940333886147727333074363007514513173635452539821036686285116151810202191586142312296461747062208960557066082816477518927785284467694652249823200260581399703701207909297531881339452376365495018508648318959/17094707029996868219747691825211010071666732114009393166264779695753123212043078638089355081319808959960937500000000000000000000000000000000000000000000000000000000000000000000000000000000000000000000000000000000000000000000000000000000000000000000000000000000000000000000000000000000,0.008678454376233062,0.9073097889421512
69,0,1,6063699151404654205858874460196987709111190955375697543055116036708834711924469813082272515319349099622088177453578135432811341945764979007624255746553402555201973083034159349376618788293/275475931310310873812216490382429479109422632212112500000000000000000000000000000000000000000000000000000000000000000000000000000000000000000000000000000000000000000000000000000000000000000,0.02201172030733305,1,6063456412772361555646978712408184469067042604405778112410387989104443655012537285102862702451319767415740328885861294982725295964625767848578178804710454494563998385534159349376618788293/275475931310310873812216490382429479109422632212112500000000000000000000000000000000000000000000000000000000000000000000000000000000000000000000000000000000000000000000000000000000000000000,0.022010839146386834,0.9999599685561187
69,1,1,5997840882030730579554111832804943594540065781434003137110364193831968175864255995365607299353858053810660787442543054039576904876057473490284211752127279590989016554067505952146618788293/275475931310310873812216490382429479109422632212112500000000000000000000000000000000000000000000000000000000000000000000000000000000000000000000000000000000000000000000000000000000000000000,0.021772649441647373,1,5994071424556198864146730417334000967600561618484754876040316432051132005562624003454975856738086959611445706714471755952925860798609166258962750293680110620781421394067505952146618788293/275475931310310873812216490382429479109422632212112500000000000000000000000000000000000000000000000000000000000000000000000000000000000000000000000000000000000000000000000000000000000000000,0.02175896600492533,0.9993715309311014
69,2,1,5785949510256373570813696340122114626051624450930206015607425768267220001092162732175593929203452589592773630748710381327632940058408604558348251857580817183738139005789750290096618788293/275475931310310873812216490382429479109422632212112500000000000000000000000000000000000000000000000000000000000000000000000000000000000000000000000000000000000000000000000000000000000000000,0.02100346655599022,1,5767802300907597927170429387766960794451435551706036735725414765468133922861499212169614858353201509653885618554680855188770500237917223406728909317342024272062188508289750290096618788293/275475931310310873812216490382429479109422632212112500000000000000000000000000000000000000000000000000000000000000000000000000000000000000000000000000000000000000000000000000000000000000000,0.02093759071245479,0.9968635728126201
69,3,1,5335426651427230982079675979458252794510278995894762660183185640318497019864943079575219055522315707881339340217400868119027854090296723262920523720124310633105415438200892363226618788293/275475931310310873812216490382429479109422632212112500000000000000000000000000000000000000000000000000000000000000000000000000000000000000000000000000000000000000000000000000000000000000000,0.019368031994842844,1,5282022445806285372023689148834940019646442228058368446563784289622797724160330417924110349588549030335480293911756683060804003105674291620386395491529607109783892878200892363226618788293/275475931310310873812216490382429479109422632212112500000000000000000000000000000000000000000000000000000000000000000000000000000000000000000000000000000000000000000000000000000000000000000,0.01917417039188201,0.9899906400912362
69,4,1,4553011563634756901025172201499003236555178946148287672825415849281091881483576218288988538969879365218513287585932127807234551148928131217416252553075220478609350851300932171536618788293/275475931310310873812216490382429479109422632212112500000000000000000000000000000000000000000000000000000000000000000000000000000000000000000000000000000000000000000000000000000000000000000,0.0165278016920687,1,4434256733042064256225361305414010106482062231866603152560073681972471226353721339665734460361833454840361647773871301593750199970253442256046167351232682579875164913800932171536618788293/275475931310310873812216490382429479109422632212112500000000000000000000000000000000000000000000000000000000000000000000000000000000000000000000000000000000000000000000000000000000000000000,0.0160967120138241,0.9739173009044835
69,5,9/10,124632060893841620176662998929425154376060583811686947124601011082397139711357420798464433634474539352045682894348640394462985231309141006149235544450322842583631253715636429929631036825417040021569535868722795571569/9778410735061601658959806734623129322996687257619835447812500000000000000000000000000000000000000000000000000000000000000000000000000000000000000000000000000000000000000000000000000000000000000000000000000000000000000,0.012745635693841252,9/10,119173677321836377268061237868747913230466246514524046140995221177980190832700375927936014096361215294263252201889389771787586020864188209117786951841540827057679790106636961440463886601352140021569535868722795571569/9778410735061601658959806734623129322996687257619835447812500000000000000000000000000000000000000000000000000000000000000000000000000000000000000000000000000000000000000000000000000000000000000000000000000000000000000,0.012187428054594355,0.9562040173863886
69,6,4/5,1611776120313076121233880776283693457771873224184328147223770572568562158679065904306482907229207075369703149308249714512771319415154485416296761907779505087462277995713558370803724638193187043141129272151107322839/152787667735337525921246980228486395671823238400309928872070312500000000000000000000000000000000000000000000000000000000000000000000000000000000000000000000000000000000000000000000000000000000000000000000000000000000,0.010549124443112998,4/5,1515171850471023824357421458355063630984466219419946684553520862526811647085802565416604607975376638053449924599072542062746821507567488898108856721821709792017447736984846806081675370071587043141129272151107322839/152787667735337525921246980228486395671823238400309928872070312500000000000000000000000000000000000000000000000000000000000000000000000000000000000000000000000000000000000000000000000000000000000000000000000000000000,0.00991684651601359,0.9400634687258628
69,7,7/10,92773959888775926689709773542661465950956968816039039936746727437217187265908645523797109430323351497500138167135754230243062249533079835927464526310080116851186096622326651886964547082299679671555591430343686484241/9778410735061601658959806734623129322996687257619835447812500000000000000000000000000000000000000000000000000000000000000000000000000000000000000000000000000000000000000000000000000000000000000000000000000000000000000,0.00948763172282428,7/10,87178037378716169442934221034780907866167055068986129513839940266286263493294642421213270157244493817334559920550986585244503791169643743608464265293040408965877626148990138171404791055694630718840193930343686484241/9778410735061601658959806734623129322996687257619835447812500000000000000000000000000000000000000000000000000000000000000000000000000000000000000000000000000000000000000000000000000000000000000000000000000000000000000,0.008915358511800841,0.9396821854239212
69,8,13/20,5641443727363133895999273640269036695338049044033813460677955401988780972015341678036492504311057867432064822991025950449211709697230070650615180551185082291374098660332304316783385597366962007128352175382119585602681/625818287043942506173427631015880276671787984487669468660000000000000000000000000000000000000000000000000000000000000000000000000000000000000000000000000000000000000000000000000000000000000000000000000000000000000000000,0.0090145076360912,13/20,5329078082595129343239393230365320081362042060079699145263439366816794832534379671119680350174477715158971466662702885187235822520898617432136797244415622072751436149819226058539195848820856407128352175382119585602681/625818287043942506173427631015880276671787984487669468660000000000000000000000000000000000000000000000000000000000000000000000000000000000000000000000000000000000000000000000000000000000000000000000000000000000000000000,0.008515376097056975,0.9446301939957473
69,9,3/5,86530343843886456712250650960835757340483969339430264069531321275716257083617186642477736495488916095866848042504287497173656683747076009448815390288917954761407053983076135894641026970765947462488035794769555271/9549229233458595370077936264280399729488952400019370554504394531250000000000000000000000000000000000000000000000000000000000000000000000000000000000000000000000000000000000000000000000000000000000000000000000000000,0.009061500329335627,3/5,81042512257267334285994533510647198186315232390120051063150595137431017671273673325645704636060568170524781511124952481874655826220077615426205556284395989848595069227926776278675141510876884962488035794769555271/9549229233458595370077936264280399729488952400019370554504394531250000000000000000000000000000000000000000000000000000000000000000000000000000000000000000000000000000000000000000000000000000000000000000000000000000,0.008486811896117283,0.9365791080580936
70,0,1,61016045659716857471008478489694232526574994514745131010062303804742572496045712418090100722607753527966561722456646814307731957665618726356000544684217496619695499044126441430704626316361617145174629465344887514548308417011075714853182305999160843155667033087558150331099/2852381502542135512735164520368437834458126376488909388437500000000000000000000000000000000000000000000000000000000000000000000000000000000000000000000000000000000000000000000000000000000000000000000000000000000000000000000000000000000000000000000000000000000000000000000000,0.021391263968489966,1,61013487881227047416793517655554821335134743410547748494707383119784637315590777714682494247236962381939763576493213038118734022978574392453726072836712000128459141855148194970744128481259742700342016955633197082185206969505450714853182305999160843155667033087558150331099/2852381502542135512735164520368437834458126376488909388437500000000000000000000000000000000000000000000000000000000000000000000000000000000000000000000000000000000000000000000000000000000000000000000000000000000000000000000000000000000000000000000000000000000000000000000000,0.021390367251663156,0.9999580802318119
70,1,1,60297146063410511519975134330483245978136197030006936199862177489931300814368761284118258378953115144871935166696001839585346187638342531158067161685741331748159251963634464712973393947190015516995014272083630233672678719016382679077820356455203684730667033087558150331099/2852381502542135512735164520368437834458126376488909388437500000000000000000000000000000000000000000000000000000000000000000000000000000000000000000000000000000000000000000000000000000000000000000000000000000000000000000000000000000000000000000000000000000000000000000000000,0.02113922910019986,1,60257462825357473772382381450090314368743570489060609063147982641529366614790575144302685087719084687721532166795423303890686955088409590024149994600528587693972973450308799476475257521185200363673214116696583315863055558926382679077820356455203684730667033087558150331099/2852381502542135512735164520368437834458126376488909388437500000000000000000000000000000000000000000000000000000000000000000000000000000000000000000000000000000000000000000000000000000000000000000000000000000000000000000000000000000000000000000000000000000000000000000000000,0.02112531678236381,0.9993418720346846
70,2,1,58032890906578715030225960604884511859469703401804026779461272107310159469259795116980487025686254122655979177151984911771537442255357529684106676801682880115047815702205933729562611508025970442063699931215479576474260276525227619452217107215275087355667033087558150331099/2852381502542135512735164520368437834458126376488909388437500000000000000000000000000000000000000000000000000000000000000000000000000000000000000000000000000000000000000000000000000000000000000000000000000000000000000000000000000000000000000000000000000000000000000000000000,0.02034541692787515,1,57842140067762932036398246002426049969044865986573517321111140983390776547065604073234113024473108770213445260231663537167803463279606231961071963326769825980524766934372725131504977495714015924622086644568554555063043028569602619452217107215275087355667033087558150331099/2852381502542135512735164520368437834458126376488909388437500000000000000000000000000000000000000000000000000000000000000000000000000000000000000000000000000000000000000000000000000000000000000000000000000000000000000000000000000000000000000000000000000000000000000000000000,0.020278542690103735,0.9967130564092894
70,3,1,53258898596652152243928217253757986899286548796248594450520532660208840223983067523775222070398772960209182521954935314441656124529685566020613510465922607217333199018605001353111251074891690898737299706238620623094499670787610535976372558279375051030667033087558150331099/2852381502542135512735164520368437834458126376488909388437500000000000000000000000000000000000000000000000000000000000000000000000000000000000000000000000000000000000000000000000000000000000000000000000000000000000000000000000000000000000000000000000000000000000000000000000,0.018671730464240525,1,52698797244874736896608314683893000571071062993752743792606234315808989162076697378213471854117059470994652417572841305694209158347900717853804634779394981891870324266276157432810120138825910141588497220045869938140529109347610535976372558279375051030667033087558150331099/2852381502542135512735164520368437834458126376488909388437500000000000000000000000000000000000000000000000000000000000000000000000000000000000000000000000000000000000000000000000000000000000000000000000000000000000000000000000000000000000000000000000000000000000000000000000,0.018475367757751847,0.989483422178531
70,4,1,2704424415926642317180280311055530743627355448283814201303129684481621666581283802275180496266418631389356131597124851972216105309370078050733736723401597789183366146887425211934900271650538772155722257466601952062602161872183001774105391319119250736448126411572606325207/171625529361332824583037083649390375849173553983556832761557139093750000000000000000000000000000000000000000000000000000000000000000000000000000000000000000000000000000000000000000000000000000000000000000000000000000000000000000000000000000000000000000000000000000000000000,0.01575770473070394,1,2628382560156984926876090036266853899115845603855723601314229316593672032112374373003938132351124419829196888387875639944348995177893358065847592541966959643022494467218335833104039732897906534068993814054119221907762204840933001774105391319119250736448126411572606325207/171625529361332824583037083649390375849173553983556832761557139093750000000000000000000000000000000000000000000000000000000000000000000000000000000000000000000000000000000000000000000000000000000000000000000000000000000000000000000000000000000000000000000000000000000000000,0.015314636289472437,0.9718824252133508
70,5,9/10,6219850031675494019630814109909572510415345073408988513671333016232595689602517338555991301949107161177164473554696750254663125392975262460820050359198208351517975665138895629713085756785642070895250450334823911862383006946236404623393616177966797084432042999370236914803349244648687/514876588083998473749111250948171127547520661950670498284671417281250000000000000000000000000000000000000000000000000000000000000000000000000000000000000000000000000000000000000000000000000000000000000000000000000000000000000000000000000000000000000000000000000000000000000000000000000,0.012080273556079364,9/10,5928755019392933165698678262250408991595338411712874243184425115891176170536020976679262465632134554928081786450176623156181023717014912789569049700300705708590199535051263401360489025846941054237811083335536109863697610342276517623393616177966797084432042999370236914803349244648687/514876588083998473749111250948171127547520661950670498284671417281250000000000000000000000000000000000000000000000000000000000000000000000000000000000000000000000000000000000000000000000000000000000000000000000000000000000000000000000000000000000000000000000000000000000000000000000000,0.011514905040556434,0.9531990303946049
70,6,4/5,26813071440158885739084668469380103052354307136961597465107896637088634574314393305733270080349456185401072445206248871778594424134288152948774744028955026402954649609546219536633136504729500790462300635242690716117144510601845230562901360798540697779384763575793027936131171395299/2681648896270825384109954432021724622643336780993075511899330298339843750000000000000000000000000000000000000000000000000000000000000000000000000000000000000000000000000000000000000000000000000000000000000000000000000000000000000000000000000000000000000000000000000000000000000000000,0.009998725589112684,3/4,19835211551634424043612128639338485156918725217530018012379881043648504888884933406808741730729326539746448065876486955129711918214477890157642013185560645779015265514219178426428533123709345489082734886877401674599763861642880821872533528793349198842292694318047314073133113388231/2108934504792057748476359683883708938434644631349946360974014125184000000000000000000000000000000000000000000000000000000000000000000000000000000000000000000000000000000000000000000000000000000000000000000000000000000000000000000000000000000000000000000000000000000000000000000000000,0.009405323639289684,0.9406522416747654
70,7,7/10,1567473287321142584875483095859743332347958940647611440080014373516381966542132699548946751232863030286246597779305907478598091603294234395774240950744371204736123193055798332631442513562262549226088252705468746568845465565230121720365959668046876849121348028633158373120912682902981/171625529361332824583037083649390375849173553983556832761557139093750000000000000000000000000000000000000000000000000000000000000000000000000000000000000000000000000000000000000000000000000000000000000000000000000000000000000000000000000000000000000000000000000000000000000000000000000,0.009133100962043086,7/10,1455718214202253012302029723525246048427807770074443614225741017014488149671773771831721214051321684093266955581516337202028733411074578118174407373847707933498354114650174097414286996795844915272874757503662075989257883096563497720365959668046876849121348028633158373120912682902981/171625529361332824583037083649390375849173553983556832761557139093750000000000000000000000000000000000000000000000000000000000000000000000000000000000000000000000000000000000000000000000000000000000000000000000000000000000000000000000000000000000000000000000000000000000000000000000000,0.008481944496365969,0.9287036825298106
70,8,13/20,96160306221607297507836737797831289795052881338310732163352766009550692233812449616923046703114466975587587728971946193371561662030131463728502884427746511306790350204823756219043595537028289349211660214844998263898749645485370275049203560088977485351635224654828921563442771403603021/10984033879125300773314373353560984054347107454947637296739656902000000000000000000000000000000000000000000000000000000000000000000000000000000000000000000000000000000000000000000000000000000000000000000000000000000000000000000000000000000000000000000000000000000000000000000000000000000,0.008754552952022113,13/20,90244824725353339162654180277027219353838294847431913400252049938757121349739645008383031169366728060710907834995435319547839929370293872718416283508618675306852797437861514918758291195415354468489808830733136612506509103775203480903917170199893089977262449654828921563442771403603021/10984033879125300773314373353560984054347107454947637296739656902000000000000000000000000000000000000000000000000000000000000000000000000000000000000000000000000000000000000000000000000000000000000000000000000000000000000000000000000000000000000000000000000000000000000000000000000000000,0.008216000216173757,0.9384831254320117
70,9,3/5,4429917689273531792071988487418387003142969369891909857534090001040028906034446387552024696676295944786090965226480338038277212645157107624216944547765417813863638434664071537792162681478592467572871953984602998486095322905472136693874962553619169843415462981251388209836438223383/502809168050779759520616456004073366745625646436201658481124430938720703125000000000000000000000000000000000000000000000000000000000000000000000000000000000000000000000000000000000000000000000000000000000000000000000000000000000000000000000000000000000000000000000000000000000000000,0.008810335950012241,3/5,4135183788770752036601451961724218581566826743733895075553544907801416845718041532853709472581402936532006084150563511287758832191011632904927637375230769331949712171417314043986804450967654723694244776708505814458571133745757652318874962553619169843415462981251388209836438223383/502809168050779759520616456004073366745625646436201658481124430938720703125000000000000000000000000000000000000000000000000000000000000000000000000000000000000000000000000000000000000000000000000000000000000000000000000000000000000000000000000000000000000000000000000000000000000000,0.008224161474225807,0.9334674092892427
71,0,1,286457867356007401645141839377970911744542554551384233821158704178107366195013457806578997497650583948538778908400559975997115083508939789120603845497397659526359985143425729259021146749397608374200255660893007179816634199/13808154410111634733671370291715244480149585758650355705605645813218410017394643970848441214994919517273343180485546453309402990458631954595603019697591662406921386718750000000000000000000000000000000000000000000000000000000,0.020745557939751594,1,286445264912681583065034015826157574469878907436112709545127796490115877305061536031628589599337855408165876985011888794167365690537126152220104993901629341286794159908773807639299663237430955205998809127689882179816634199/13808154410111634733671370291715244480149585758650355705605645813218410017394643970848441214994919517273343180485546453309402990458631954595603019697591662406921386718750000000000000000000000000000000000000000000000000000000,0.02074464525852342,0.9999560059444618
71,1,1,282809874410554464949422326867286957589894031107711825492997456098633975390664386283802051939646140738386479526494381120877475121361886474557650271499696018704296444174835234752379200977028321531248677020908876320441634199/13808154410111634733671370291715244480149585758650355705605645813218410017394643970848441214994919517273343180485546453309402990458631954595603019697591662406921386718750000000000000000000000000000000000000000000000000000000,0.02048136673525713,1,282614533350313015803811118760683500752089175489511583984844692095415037992819032986549709417926183907101722364680170662595859556350569226381728683649479563209622911962902306263755401919350933340025532489658876320441634199/13808154410111634733671370291715244480149585758650355705605645813218410017394643970848441214994919517273343180485546453309402990458631954595603019697591662406921386718750000000000000000000000000000000000000000000000000000000,0.020467219945292325,0.9993092848662071
71,2,1,271525595750665621856987353388523734073064910220219558032350452296006462452834233100990358316616965673102640424890902939802374316769173468013367376396798577602957452149271505111695435657956476602769808975101991554816634199/13808154410111634733671370291715244480149585758650355705605645813218410017394643970848441214994919517273343180485546453309402990458631954595603019697591662406921386718750000000000000000000000000000000000000000000000000000000,0.01966414827689274,1,270588110316091999523943556378000466268292223574497154368180148797949651168267183389619692704343257117492806267399037443254106851914423985797493448868698447425546630450146540850037703744809913728452639785648866554816634199/13808154410111634733671370291715244480149585758650355705605645813218410017394643970848441214994919517273343180485546453309402990458631954595603019697591662406921386718750000000000000000000000000000000000000000000000000000000,0.019596254668034552,0.9965473404745441
71,3,1,247908113024755155645734718708957282594186041205567784753822904766414428154989664236569414606183262294199971385452484492877699868277980204930706198725887413545444480926096499292999262430337653155719217929722352882941634199/13808154410111634733671370291715244480149585758650355705605645813218410017394643970848441214994919517273343180485546453309402990458631954595603019697591662406921386718750000000000000000000000000000000000000000000000000000000,0.017953747159954514,1,245161646128055795453783584554221150537487307669818948581577113987948205053497708742238807528285793715013560852024675289855644314315602647505490262674676415958155537165796560360394454069999442096148905429722352882941634199/13808154410111634733671370291715244480149585758650355705605645813218410017394643970848441214994919517273343180485546453309402990458631954595603019697591662406921386718750000000000000000000000000000000000000000000000000000000,0.017754845350550635,0.9889214319644912
71,4,1,10607345517536966524594466730239177235642400164325714769988331666281858722209481312821925688795595370546979340294327023315508353532862669667802362299773375917937504695071668331153739554376904947874340048262055304081452226297292669471231/709506815067106357064673200792845729710258261231459831618732857932105130737328290247481048255581431143129690535484253573021706795742602480459026992321014404296875000000000000000000000000000000000000000000000000000000000000000000000000000,0.014950308146840993,1,10288387908924439018524985302159689538598956306231120546599755393289165816814714656114354055901682788856420125404957066412476459250613449388517491235533841683862994205030093796401428428958985526776305898753306634904158448831472356971231/709506815067106357064673200792845729710258261231459831618732857932105130737328290247481048255581431143129690535484253573021706795742602480459026992321014404296875000000000000000000000000000000000000000000000000000000000000000000000000000,0.014500759810110274,0.9699304969292082
71,5,9/10,16150545947437899410853515059661725891359831176059521298680723922968663655010479023443234891572715699199100756652078299264301622624662068214702935542781214266101015777309524142614022192861892077356097190234658087191878259514534368906508534969849417/1419013630134212714129346401585691459420516522462919663237465715864210261474656580494962096511162862286259381070968507146043413591485204960918053984642028808593750000000000000000000000000000000000000000000000000000000000000000000000000000000000000000,0.011381529820760322,17/20,984516229176349514984726652652948933569064692633126027002460001580108499893052753223797057163644573100657870653706835159477417279061669612641228445555671605347072036594425288701555502057828368829344737714928968706108920169908322739281969908650424953/90816872328589613704278169701484253402913057437626858447197805815309456734378021151677574176714423186320600388541984457346778469855053117498755455017089843750000000000000000000000000000000000000000000000000000000000000000000000000000000000000000000000,0.010840675349556371,0.9524796332548009
71,6,3/4,7849969792648002940118922815569708730788789385435219130489121966678530228626602734013472008102538850391063719238849160944996545861343369024088711339790786597680450945633831798225223677938395476966424208629885867111841216708711095885811703412103/830325689861390753867686122984998888255205096572588420088665653168543604428599050529623535329960440560645489266669572181456260295817628502845764160156250000000000000000000000000000000000000000000000000000000000000000000000000000000000000000000000,0.009454085172239373,3/4,7414670380246685927885180065876634467850091755974649721210894848996295803274231787874133415349862374207071146237657816449806780999949250339855529627022978328603431357314210954580310367885518086409041159999472653425289317990830846862374203412103/830325689861390753867686122984998888255205096572588420088665653168543604428599050529623535329960440560645489266669572181456260295817628502845764160156250000000000000000000000000000000000000000000000000000000000000000000000000000000000000000000000,0.008929833763766172,0.9445476321693617
71,7,7/10,1755302025992037641774061881892966076405948590165357107908614972228594983411190740541716156811201494081683159296486525416406084238467915411780303606725380361688215065178011258722144360909829938744296249729675303299577584821622307060522378670236559/202716232876316102018478057369384494202930931780417094748209387980601465924950940070708870930166123183751340152995501020863344798783600708702579140663146972656250000000000000000000000000000000000000000000000000000000000000000000000000000000000000000,0.008658912022418084,7/10,1621246142554423424844886423638136113516998761936879734021420803505439351771658625088402120903674508099039322659454867840758842534283388233626419504807363779086529337881128523166991486724648484720228637597617755730302682477872307060522378670236559/202716232876316102018478057369384494202930931780417094748209387980601465924950940070708870930166123183751340152995501020863344798783600708702579140663146972656250000000000000000000000000000000000000000000000000000000000000000000000000000000000000000,0.007997613805025667,0.9236280244353673
71,8,13/20,766076772919709642911741747017042770030224404405310222290725399912018401499145901934172710640090901917813039501762148204204306771867702806836230862585881781447819640609492793608224234065220453629481636829641775531525210689847161915130940806845730833/90816872328589613704278169701484253402913057437626858447197805815309456734378021151677574176714423186320600388541984457346778469855053117498755455017089843750000000000000000000000000000000000000000000000000000000000000000000000000000000000000000000000,0.008435401410300988,13/20,700858882466339807080934110809922351877470632504589101561448896644869171035059855303404517430464874308154571630293483391676762598799881153244315977048726517751213667905510199674605127821801422835330995949928583632526629453068497326202718150595730833/90816872328589613704278169701484253402913057437626858447197805815309456734378021151677574176714423186320600388541984457346778469855053117498755455017089843750000000000000000000000000000000000000000000000000000000000000000000000000000000000000000000000,0.00771727614589636,0.9148676832939234
71,9,3/5,11776291686654001435386375617265689631190985596173375996783279562368197964006898804610961634018496850647630246787139651849318092393662192816660960556832316535463395554038977224410715086135793023305519185672093142715688206443138660432428746325453/1385755498177942103641939845298526815840348166467694983630337613148642833471344316889611422374182482701425176827117682759808021085434770469646537094376981258392333984375000000000000000000000000000000000000000000000000000000000000000000000000000000,0.008498102083764442,3/5,10948085818597219002087322687569504351707792256264470024577950551329255614305393907234436282396254444086635222277729963515772310413348383112952536661901701132956830576838329756490560682371439006330601160914280724613867111691780628205866246325453/1385755498177942103641939845298526815840348166467694983630337613148642833471344316889611422374182482701425176827117682759808021085434770469646537094376981258392333984375000000000000000000000000000000000000000000000000000000000000000000000000000000,0.007900445520867345,0.9296717599993398
72,0,1,429284005324400535274948868194654171429267350620948565696956989546112378285960088113593751989522563140757849581414822149417738642296424861029560018376712932073080649067000187431835225209917362604218525677355558882033661306546448049809814057435217453694857687501760503555099/21380104665090846043673848896254866985469077268660546621250000000000000000000000000000000000000000000000000000000000000000000000000000000000000000000000000000000000000000000000000000000000000000000000000000000000000000000000000000000000000000000000000000000000000000000000000,0.02007866715570059,1,61323450051737170694396167003319587262616590270093326011086707168212517628160592358541396291414685406678768381564776306576842531594692427661450402929534303075325036240581911737301031101957576872597778499720165597753760689203778292829973436776459636242122526785965786222157/3054300666441549434810549842322123855067011038380078088750000000000000000000000000000000000000000000000000000000000000000000000000000000000000000000000000000000000000000000000000000000000000000000000000000000000000000000000000000000000000000000000000000000000000000000000000,0.020077738490357207,0.9999537486559152
72,1,1,423394541466643918100166986284591434083261585599910511745803681942814772232440850643021974977116094442180133202343340381317076611611733519811409542132832091303720163117002434902522776889384302739146623441192822249192847698455748902962355253374909618094857687501760503555099/21380104665090846043673848896254866985469077268660546621250000000000000000000000000000000000000000000000000000000000000000000000000000000000000000000000000000000000000000000000000000000000000000000000000000000000000000000000000000000000000000000000000000000000000000000000000,0.019803202467851198,1,423087077437845963904802235738366362991379157742514251975737810989468618229570135883865977718266141892610974630852152268622945324687533388161919627972054516236122557355868066533143393598510904210601404572162427085075463984535748902962355253374909618094857687501760503555099/21380104665090846043673848896254866985469077268660546621250000000000000000000000000000000000000000000000000000000000000000000000000000000000000000000000000000000000000000000000000000000000000000000000000000000000000000000000000000000000000000000000000000000000000000000000000,0.019788821620160588,0.9992738120153063
72,2,1,2518346460293051206100857968565979991971610450286044068462227065945818073811956726247723772675756881980063186269559451990453195776389458196956118452266731839362709791070407521199539899714503110076183661153530186962916927235846275309833895941662918584440109860259382009659/132795681149632584122197819231396689350739610364351221250000000000000000000000000000000000000000000000000000000000000000000000000000000000000000000000000000000000000000000000000000000000000000000000000000000000000000000000000000000000000000000000000000000000000000000000000,0.018964069000522756,1,17564372908367587863351678827987112594452257397056870267754775628631886812762777247638241749949264025196201897613216761675708168925255275733699236998375707972110178890527841281512402670268605545717626040054434112290668271010923927168837271591640430091080769021815674067613/929569768047428088855384734619776825455177272550458548750000000000000000000000000000000000000000000000000000000000000000000000000000000000000000000000000000000000000000000000000000000000000000000000000000000000000000000000000000000000000000000000000000000000000000000000000,0.018895163668308356,0.9963665322978681
72,3,1,52592263347864999288320300920026272831136818775732648620057099025449995827042885744065287528921966062416236391790178744153757907786377816769772145547603264208723870020618074249046814151843644206408534811430580382485884923727564616510360005304811182242122526785965786222157/3054300666441549434810549842322123855067011038380078088750000000000000000000000000000000000000000000000000000000000000000000000000000000000000000000000000000000000000000000000000000000000000000000000000000000000000000000000000000000000000000000000000000000000000000000000000,0.017219085182317125,1,363839975032314017023826323077763073165972916370317605533919665769762009712107429061282305144203615406231835466879638718558656038715397609722299964334147955135436147770625647418456711916501911100136241775527740051523055043372952315572520037133678275694857687501760503555099/21380104665090846043673848896254866985469077268660546621250000000000000000000000000000000000000000000000000000000000000000000000000000000000000000000000000000000000000000000000000000000000000000000000000000000000000000000000000000000000000000000000000000000000000000000000000,0.017017689142859397,0.9883039059668194
72,4,1,44628732248076898671356410142594775930118199744948088691247660408420009477766552571158080810480173002178510346222198752654703503377764514493191559798812626677823504790191600387027409703136590837367286880381518066551357806825566568158622055582958265839447678442812748029757783757/3159660560854133386949491773267008170473383225296966664563923588539361953735351562500000000000000000000000000000000000000000000000000000000000000000000000000000000000000000000000000000000000000000000000000000000000000000000000000000000000000000000000000000000000000000000000000000,0.014124533755617301,1,43187857934625171850544901907031739778082488910585651670049997190852878145953992351964493697251482084125191465976574466124970803353738800825978275362302435069002757305354517232202705212002653285114907696302254159546968759699166568158622055582958265839447678442812748029757783757/3159660560854133386949491773267008170473383225296966664563923588539361953735351562500000000000000000000000000000000000000000000000000000000000000000000000000000000000000000000000000000000000000000000000000000000000000000000000000000000000000000000000000000000000000000000000000000,0.01366851188690675,0.9677142002277285
72,5,17/20,96479186791247522280005938811133039128228232616548032079840843946082654799706688897527910958734237265159168671982527361617036100605010974543142618053534585074816767657275653720807857976799283099500207342330462296077097780670394429407105389070380432187633791742937768859564168224917928455629/9027601602440381105569976495048594772781094929419904755896924538683891296386718750000000000000000000000000000000000000000000000000000000000000000000000000000000000000000000000000000000000000000000000000000000000000000000000000000000000000000000000000000000000000000000000000000000000000000000,0.010687133863457914,17/20,645285627516875145083915605755085312971843728133776639287877380195713370428239809429994037407161213300714912375039857312002032126558688079242045730900271021765622134002073703980995260986988020973095229793098493100936154222148328168431049723492663025313436542200564382016949177574425499189403/63193211217082667738989835465340163409467664505939333291278471770787239074707031250000000000000000000000000000000000000000000000000000000000000000000000000000000000000000000000000000000000000000000000000000000000000000000000000000000000000000000000000000000000000000000000000000000000000000000,0.01021131249842924,0.9554771774071597
72,6,3/4,224731723599860911937238945892275113772832925527449931862202824876573524377937328356986630411880539175090374643795887889977489251086287254059774990809704103574821986315057740793902525946583428754196107259960604632055649243932829991075361841489311744507709724060509117540523912842720611/25120282719834103945933847638396089802521307629690169755539268281555175781250000000000000000000000000000000000000000000000000000000000000000000000000000000000000000000000000000000000000000000000000000000000000000000000000000000000000000000000000000000000000000000000000000000000000000000,0.00894622588870867,3/4,211369346031425826565257376455673889054010903805069682091450386862760962368868617546119520670893896139873053591897459067142834597430534818243737366991392675699225846014131352900848614114622276523356889541790483274185352759420147291075361841489311744507709724060509117540523912842720611/25120282719834103945933847638396089802521307629690169755539268281555175781250000000000000000000000000000000000000000000000000000000000000000000000000000000000000000000000000000000000000000000000000000000000000000000000000000000000000000000000000000000000000000000000000000000000000000000,0.008414290093341024,0.9405407596471469
72,7,7/10,8040238806656239767709209863458968726528570965418711611705480866277447912774091785984836541386338173605682470247084064316094536895430878323455126106090310731870064006017189075819633791973578044657587697387540348476726288534882662703985517412021999526964025389051253498717380513145244944363/987393925266916683421716179145940053272932257905302082676226121418550610542297363281250000000000000000000000000000000000000000000000000000000000000000000000000000000000000000000000000000000000000000000000000000000000000000000000000000000000000000000000000000000000000000000000000000000000000,0.008142888669770545,7/10,7377557981361462557320257574393893127519806461933041749955587544504349946486131735738421598072242444137034742249100563365112801232870636208833014263478452721502365646963237082039622045870193380116059207469909379637295960557649913209713517412021999526964025389051253498717380513145244944363/987393925266916683421716179145940053272932257905302082676226121418550610542297363281250000000000000000000000000000000000000000000000000000000000000000000000000000000000000000000000000000000000000000000000000000000000000000000000000000000000000000000000000000000000000000000000000000000000000,0.0074717473873126454,0.9175794598605497
72,8,13/20,503294114794292137348699362216339347836774210461550992868379369848533704643798698976137277995948572700549848492672629064889715747870040392405172739771751551545608398352996397442414247527481997448684588210123006364361117377752562778750693025731656047763184725021669979214849955253303301517283/63193211217082667738989835465340163409467664505939333291278471770787239074707031250000000000000000000000000000000000000000000000000000000000000000000000000000000000000000000000000000000000000000000000000000000000000000000000000000000000000000000000000000000000000000000000000000000000000000000,0.007964369986917826,13/20,453454334327986468712246521107481015205790060143583774224102325111906021195257855511158306061657961346489023091729032554219771543988743071330808973774425593517291127140740680440388288363670863329533033716377692124594373652587337376085945025731656047763184725021669979214849955253303301517283/63193211217082667738989835465340163409467664505939333291278471770787239074707031250000000000000000000000000000000000000000000000000000000000000000000000000000000000000000000000000000000000000000000000000000000000000000000000000000000000000000000000000000000000000000000000000000000000000000000,0.007175681146670494,0.9009728526496354
72,9,3/5,31372216773734723697971754686283446258566567099202468588081979632765987168595582364747970203340584109841221790303217929321434026780748429202073013677407686156977665147109014807029445149081903331456957195919095309274254540636808752854451459032344697715060253262677108609632137412433300237/3857007520573893294616078824788828333097391632442586260454008286791213322430849075317382812500000000000000000000000000000000000000000000000000000000000000000000000000000000000000000000000000000000000000000000000000000000000000000000000000000000000000000000000000000000000000000000000000000,0.0081338230756332,3/5,29023583504794245063948177498274418256187843520867293855728392564217489802208674428098142774151357650712974540949890080149385843976122252022372750388646733165223818476158246611635152787095329302585258601662756732823315135201278790182451459032344697715060253262677108609632137412433300237/3857007520573893294616078824788828333097391632442586260454008286791213322430849075317382812500000000000000000000000000000000000000000000000000000000000000000000000000000000000000000000000000000000000000000000000000000000000000000000000000000000000000000000000000000000000000000000000000000,0.0075248967885019205,0.925136521723043
73,0,1,11085574028604379510546505781471977388365286824647105533188049309638256061130533037108266887848067060282057324272659059678752824871071286170004215459497002070949650978198891340736839258410233911999287211793838179167151127725250216175334714460750701/571595850003996461513621450469251427273572328874072118527588904822605317228301213816621384466998279094696044921875000000000000000000000000000000000000000000000000000000000000000000000000000000000000000000000000000000000000000000000000000000000000000,0.019394077176254642,1,11085034171322396168952642274615536867719058497673588858897800574313971208564203844340876869725877622196797919746646929429855027851340402294077175090278194846690166958413237183587306845009921075765395023432923591192602787881500216175334714460750701/571595850003996461513621450469251427273572328874072118527588904822605317228301213816621384466998279094696044921875000000000000000000000000000000000000000000000000000000000000000000000000000000000000000000000000000000000000000000000000000000000000000,0.019393132702494067,0.999951300917698
73,1,1,10922227531711606303134636006581441419916368347060346228377480057664906849279826176259092950277093977277429804584095092940826090029219935176115750741988801274783946871716001490008732896601149343561043285320688090705469606322916536976115964460750701/571595850003996461513621450469251427273572328874072118527588904822605317228301213816621384466998279094696044921875000000000000000000000000000000000000000000000000000000000000000000000000000000000000000000000000000000000000000000000000000000000000000,0.019108304463083908,1,10913875694243344193997269266386076737158834553808139863036653220329478796587685815875472056874212745687518842261185364569508098876661429750859497442155645048820633901980320195087301030140498974805096396546054683112696168822916536976115964460750701/571595850003996461513621450469251427273572328874072118527588904822605317228301213816621384466998279094696044921875000000000000000000000000000000000000000000000000000000000000000000000000000000000000000000000000000000000000000000000000000000000000000,0.01909369302483046,0.999235335700157
73,2,1,10431029823626105080215392072395869219477541516413068617197430373242284764630284849865894042682909509643098275407000423785192257598786631218975025057331504305848458854940308081650450748630358605593377877252969223786911862319027071644084714460750701/571595850003996461513621450469251427273572328874072118527588904822605317228301213816621384466998279094696044921875000000000000000000000000000000000000000000000000000000000000000000000000000000000000000000000000000000000000000000000000000000000000000,0.018248960036279432,1,10391078367542827515918668717862874002267202930999135543398404108263440152727488203050407786742408918112399102127966925723347152244391496571576225878391569130086555770293503989699143821391311518963540307518887597848496334975277071644084714460750701/571595850003996461513621450469251427273572328874072118527588904822605317228301213816621384466998279094696044921875000000000000000000000000000000000000000000000000000000000000000000000000000000000000000000000000000000000000000000000000000000000000000,0.01817906544890096,0.996169941342437
73,3,1,271225189053284089153858631273014711638185054733475387319185628452593256267353679106547259292221408089751359879706787114984539498448969374000135700347266823558296252117199055482833511029819371549302097187148482234902600108869482219919481563089066679540381/16468402950269888814815559427400601379848295663934992799590943095836481288585240179145330330356955528259277343750000000000000000000000000000000000000000000000000000000000000000000000000000000000000000000000000000000000000000000000000000000000000000000000000,0.016469428752278567,1,267777629078685544277179504576027365015041902264997766321075267542858260585931898099732448034628525340781156818684668445253507650449452695763337010481838927536694764400796121938416179791819298910585459822686637075371960460431982219919481563089066679540381/16468402950269888814815559427400601379848295663934992799590943095836481288585240179145330330356955528259277343750000000000000000000000000000000000000000000000000000000000000000000000000000000000000000000000000000000000000000000000000000000000000000000000000,0.016260084835627436,0.9872889388089937
73,4,1,218787022512737328579152120126306644842313009671265050864001033642800942273677057319554422854883184493899269805739185203733601123485145515223600766597076646360275907910650228579973355475266621224766060765537708274616029439078133995623064326760941679540381/16468402950269888814815559427400601379848295663934992799590943095836481288585240179145330330356955528259277343750000000000000000000000000000000000000000000000000000000000000000000000000000000000000000000000000000000000000000000000000000000000000000000000000,0.01328526045745995,1,211171966353220283730366415588997960555085916047332822012616607754168225880339436107674439785621384840329722724862255085600556063554152342468006308273618446282162695838741987288226287190867100928127842216741699584355678734885018761248064326760941679540381/16468402950269888814815559427400601379848295663934992799590943095836481288585240179145330330356955528259277343750000000000000000000000000000000000000000000000000000000000000000000000000000000000000000000000000000000000000000000000000000000000000000000000000,0.012822856411207714,0.9651942054329401
73,5,17/20,105816846501430310349328926207871450509839908071216719562771579196801525345162101561132155523886300917072368726094712786127711514360246407670169506311735751147814216364373785078082216622416097656770233031778056908848039177437986737530620007814552640145728910917370441919/10539777888172728841481958033536384883102909224918395391738203581335348024694553714653011411428451538085937500000000000000000000000000000000000000000000000000000000000000000000000000000000000000000000000000000000000000000000000000000000000000000000000000000000000000000000,0.010039760574098368,17/20,100737267173037794797527878996417246444968173166166226992316892927993521345932366632245854416584794120094758967556949792400553173781970463204226644885433580652892667988106587969401705638212958268430847219567885575179811022435988789837748914064552640145728910917370441919/10539777888172728841481958033536384883102909224918395391738203581335348024694553714653011411428451538085937500000000000000000000000000000000000000000000000000000000000000000000000000000000000000000000000000000000000000000000000000000000000000000000000000000000000000000000,0.009557816895371267,0.9519964968118394
73,6,3/4,17012099634003968228096643465084864203651937694431950039657503230116387580655956993831459789366867488728276076204816969114451654444847190569198937147972796405540401879856581725345718927198513341090897301300754506576926108841290584802547881267346598281094208417473749/2023637354529163937564535942438985897555758571184331915213735087616386820741354313213378190994262695312500000000000000000000000000000000000000000000000000000000000000000000000000000000000000000000000000000000000000000000000000000000000000000000000000000000000000000000,0.008406693815929359,3/4,15920703577635268547351937225101971468706021820565374138795057866336670543203585003152227261057760758560807214320979903302899070480332750719323826488203181304293069625134328454221644603258724409298688245329856986704795166310360542535702178142346598281094208417473749/2023637354529163937564535942438985897555758571184331915213735087616386820741354313213378190994262695312500000000000000000000000000000000000000000000000000000000000000000000000000000000000000000000000000000000000000000000000000000000000000000000000000000000000000000000,0.007867369883246452,0.9358458932260657
73,7,7/10,1250633300728081781287298617668911678786008655612192977949976341156266991220165780001105701925735658743860534930632508211210829541631350363740524247238307162711186244761465126324324028756545747259445156548066041160046908962972628221732401226390058710103706745108513999/164684029502698888148155594274006013798482956639349927995909430958364812885852401791453303303569555282592773437500000000000000000000000000000000000000000000000000000000000000000000000000000000000000000000000000000000000000000000000000000000000000000000000000000000000000,0.007594138329652579,7/10,1138552285264118061414758375196755606783738334591412310990321960409954683469598505939798044183439942317343664544825278401270727481997057909315298879546050398815087151134538097838233368090620425553322056969356826060035083401449190721732401226390058710103706745108513999/164684029502698888148155594274006013798482956639349927995909430958364812885852401791453303303569555282592773437500000000000000000000000000000000000000000000000000000000000000000000000000000000000000000000000000000000000000000000000000000000000000000000000000000000000000,0.0069135561517545885,0.9103805924576664
73,8,13/20,234022266605353639791510261578410469757417256403421131490547874109727079487895174557166528888368265253042267192334777512534593476577079959348875673234249947607955203721296671889451031038784259321534873472187507400989756683800342737711981363151773406890259425573579271477/31619333664518186524445874100609154649308727674755186175214610744006044074083661143959034234285354614257812500000000000000000000000000000000000000000000000000000000000000000000000000000000000000000000000000000000000000000000000000000000000000000000000000000000000000000000,0.0074012396683729945,13/20,208713922933823264589915773832766540047446162082833391817920340875587355006223242566433326674546282581371375716625112922346932639842274279496317771785633038685760432933345048430552660730642901757857841094304061397432308610393638967551306314323648406890259425573579271477/31619333664518186524445874100609154649308727674755186175214610744006044074083661143959034234285354614257812500000000000000000000000000000000000000000000000000000000000000000000000000000000000000000000000000000000000000000000000000000000000000000000000000000000000000000000,0.006600832425764644,0.8918549758591586
73,9,3/5,3728271820164440198256730641073300626637318788855894676906801700136704040513163942450090682270768183312708328358000704635647623880846844501390740432368941099561894393003690646497858225425586457455236775483997451888160109137486559453067194259622977186032835412460257/482472742683688148871549592599626993550243037029345492175515911010834412751520708373398349522176431491971015930175781250000000000000000000000000000000000000000000000000000000000000000000000000000000000000000000000000000000000000000000000000000000000000000000000000000,0.007727424764819754,3/5,3387448329432026552569585945590324747005456259532261608929010240607182839156306916083643542074383968232666440225556206339048195843247718282551096497918730087264375409317846534072511150552218376436624201750442999540039812235856156154859392955759451795407835412460257/482472742683688148871549592599626993550243037029345492175515911010834412751520708373398349522176431491971015930175781250000000000000000000000000000000000000000000000000000000000000000000000000000000000000000000000000000000000000000000000000000000000000000000000000000,0.007021014929444121,0.9085840552480475
74,0,1,47578090725510875213856765503173837705385791846255091456615769871431900445358268559662468459923693419832685171850907059994325865434341195652401698434731/2544916653179502050392906040325005319221108986813345532449342547419706018517502054931365888000000000000000000000000000000000000000000000000000000000000000,0.018695343388188762,1,1189391209355921353384340296559871075450526222060538003339976744779567964050776178673701316812732434182014079625698425035754501428503047664652653967855283/63622916329487551259822651008125132980527724670333638311233563685492650462937551373284147200000000000000000000000000000000000000000000000000000000000000000,0.018694383690246997,0.9999486664715465
74,1,1,46827408249930681188868913290732264229556186420891173165795142911202413457208682410741054595285486106265824960484040397339768383696981360601855911259819/2544916653179502050392906040325005319221108986813345532449342547419706018517502054931365888000000000000000000000000000000000000000000000000000000000000000,0.018400370083407905,1,1169741534442961772711506011536562877523612661964635752129837118912859868550468424849417584509874729176533004892281041094156032806175833404755269117955763/63622916329487551259822651008125132980527724670333638311233563685492650462937551373284147200000000000000000000000000000000000000000000000000000000000000000,0.018385537820761876,0.9991939149822099
74,2,1,44594324979468278538478234347011812241414544894035456831276735308249728502418920782174368899904943591859325753275977975058200664816086399281612552662699/2544916653179502050392906040325005319221108986813345532449342547419706018517502054931365888000000000000000000000000000000000000000000000000000000000000000,0.017522901947988816,1,1110351621588754409169718335273558946607536950379491109915610406958532164300143783779076087449226204094725004005680146949548797995820211174581491271356083/63622916329487551259822651008125132980527724670333638311233563685492650462937551373284147200000000000000000000000000000000000000000000000000000000000000000,0.017452070506144585,0.9959577790223062
74,3,1,54228022757947549086191605773446806041731691873219141027522605491422745730127510601503229392625891579566194250759141310346517967067257183079087469328757521022202976075829/3457101543622576200373909154174248870607282711643117381000988567001641584937244074967040000000000000000000000000000000000000000000000000000000000000000000000000000000000000,0.015685979157304096,1,1337313219004251106846194847755744327519371148430889494544707975648284853989565086525057933173864068018327606470158305828564890730077269530917311609404070955253107762070829/86427538590564405009347728854356221765182067791077934525024714175041039623431101874176000000000000000000000000000000000000000000000000000000000000000000000000000000000000000,0.015473230417211607,0.9864370124453835
74,4,1,1720074217191575629784783710270006845186120403767442852631275385627290178964293732320475830758918291010671983316848547213864310272310583856218949982114412559529137214589/138284061744903048014956366166969954824291308465724695240039542680065663397489762998681600000000000000000000000000000000000000000000000000000000000000000000000000000000000,0.012438701868366079,1,1655285560726108889304986307003393846356150511835862610710282567549333458729776768540956847399248997135323124344154553131115136665034064329173126427028135755522625574013/138284061744903048014956366166969954824291308465724695240039542680065663397489762998681600000000000000000000000000000000000000000000000000000000000000000000000000000000000,0.011970183257848372,0.9623338017523166
74,5,17/20,13659530716994497866226152564348690740710399745551035793214256285011006752972530287911110599332641855477149448397666476737857796388405941957080198955403580844731470044465411629041/1456819745131488900898305750565609400618048352560721069195478309715918099990015610191872000000000000000000000000000000000000000000000000000000000000000000000000000000000000000000000,0.009376266873539405,17/20,1618636709255072319220309317089713017906273329621485527340943473166264938767764041213859039812866797273081311633810605165868819868337196716773071811497390754414625279152725999556781/182102468141436112612288218820701175077256044070090133649434788714489762498751951273984000000000000000000000000000000000000000000000000000000000000000000000000000000000000000000000000,0.008888603904027828,0.9479896449099801
74,6,3/4,2194258344436213773735374001435543845251188756967788412090741518847803154145482074480337978744091872778817836581703226849712887551130253204031605687997358147049801072082150587/279709391065245868972474704108597004918665283691658445285531835465456275198082997156839424000000000000000000000000000000000000000000000000000000000000000000000000000000000000000,0.00784477895461284,3/4,2041471914242839291272388023240248854229417044117168332453722582148866628915745281714745217800465822232259204693958166672550169937436376527280034332465814112750172895234221243/279709391065245868972474704108597004918665283691658445285531835465456275198082997156839424000000000000000000000000000000000000000000000000000000000000000000000000000000000000000,0.0072985462035010445,0.9303698989771275
74,7,7/10,5549143963999354501106950607893598116479834009422418434947001751941666183223941476631380187216481833661589354272629184335523926764422397865013057115465256671815434792523507520277/790194638542303131514036378096971170424521762661283972800225958171803790842798645706752000000000000000000000000000000000000000000000000000000000000000000000000000000000000000000000,0.007022502676348241,13/20,287179615373879988497607188125790656217850661613575503380862925094908517801819075705802186612821730366445401790907134829874169079527514291629585192887254025564852828367853326270488863/44250899758368975364786037173430385543773218709031902476812653657621012287196724159578112000000000000000000000000000000000000000000000000000000000000000000000000000000000000000000000000,0.00648980285015712,0.9241438770845539
74,8,13/20,29782854543437193882554370532867272654497287925120275535835859446296431381416004598392339398411356074465197196451055882338212205985841591147986429629488001127358883697233245641307/4370459235394466702694917251696828201854145057682163207586434929147754299970046830575616000000000000000000000000000000000000000000000000000000000000000000000000000000000000000000000,0.006814582390390164,3/5,51331319403381875169022425164274905405567562550708129767865351132437442590578318607265999567236673350544279120838676325798287186124758691923628353576544193941020347937988767023/8335989447392400174512705329316765216549196353306127944157476290030964469852536832000000000000000000000000000000000000000000000000000000000000000000000000000000000000000000000000,0.006157795631499863,0.9036203950198777
74,9,3/5,486087883135715854250126363801290320047987380920569156237558337878734253281719588902253268394179341937543568024756082609708368814799246538422917360996401371353410109044351003/66687915579139201396101642634534121732393570826449023553259810320247715758820294656000000000000000000000000000000000000000000000000000000000000000000000000000000000000000000000,0.007288994998784609,3/5,427524682024672733823158432679052888552090312220651232710109491800083253574342057183909910228329841155632397427869553562937569067845520996897634702362443235842216385378443291/66687915579139201396101642634534121732393570826449023553259810320247715758820294656000000000000000000000000000000000000000000000000000000000000000000000000000000000000000000000,0.0064108268838801085,0.879521372280962
75,0,1,10395326606993892780629675993172888106240563378303327353140938695894121871418048720076886274848265079233175943062049272477736599915803106394189904705597362734139932089824714288755200784878905459473068454788045621/577977776370227357176338834897547313483569876570208009798998639364473830027999860140985990759097231853597720531304574032027687735535437241196632385253906250000000000000000000000000000000000000000000000000000000000,0.017985685664728916,1,10394763677308627172848935873248501898032221517827420886625996958090804117307750342800114617411034761081042910687756150280950879600670037530935863584425949834527952866125483789476999761762197657654220798538045621/577977776370227357176338834897547313483569876570208009798998639364473830027999860140985990759097231853597720531304574032027687735535437241196632385253906250000000000000000000000000000000000000000000000000000000000,0.017984711700489667,0.9999458478115649
75,1,1,9980725395597475413111663994581036368942684045402101564605692456301287327512155746295607762455028004469439074186618987616776894672011797308716597360111014630127214646228613467688712971457367466539081398442229/564431422236550153492518393454636048323798707588093759569334608754368974636718613418931631600680890482029023956352123078152038804233825430856086313724517822265625000000000000000000000000000000000000000000000000,0.0176827954688437,1,9972237727141615017448045409886148159724472028807079738163233955215131313014209658382113438444989752507753065286952037776906454025930771903504648480391975926691256473532492485252016904004936741441425148442229/564431422236550153492518393454636048323798707588093759569334608754368974636718613418931631600680890482029023956352123078152038804233825430856086313724517822265625000000000000000000000000000000000000000000000000,0.017667757914020428,0.9991495940305497
75,2,1,39934499363454101081147613572015207301070843291498289306059565655900345829057947746901610114862754477096381400828072119463073463887488725617850776616713187353168760202354226146331340994958960763014617684634447/2378509367778713404017855287644227627504402784239539134975303042652155679127571440909407369379000954130031771733763679144146863109199330210685729980468750000000000000000000000000000000000000000000000000000000000,0.016789717082657057,1,39763987693934791045623300104987304116044589242681763107366809153487293857878615633373010941311491973196409467356408188052779833328846382048829045255573931199672515978695823685034695070509993783034148934634447/2378509367778713404017855287644227627504402784239539134975303042652155679127571440909407369379000954130031771733763679144146863109199330210685729980468750000000000000000000000000000000000000000000000000000000000,0.016718028624402824,0.9957302164234628
75,3,1,239339204511330740738960130044210779122926833698605606334514474371800950701284525161726671954180313184274111416461258234142364087956609267173068633156432570465820274092484583381143750831053863717859159/16066755939643092261634503582380846109675710486604656871028871620604086684134387561472761423288650229658502954777077320613898336887359619140625000000000000000000000000000000000000000000000000000000000000,0.014896548214863059,1,235868979265372727501307713631485332633905024485536056821238811823616658473400167664262902026037522028288708728401290969573364485877494997652012490022817289699543775567226662534800710364745269967859159/16066755939643092261634503582380846109675710486604656871028871620604086684134387561472761423288650229658502954777077320613898336887359619140625000000000000000000000000000000000000000000000000000000000000,0.014680560291787959,0.9855008073038292
75,4,1,195274489241476339386394549762591930385595095799893421390480432198350588307240710953846924026730728001105298649418343691655915901016815780973606135193758666716610377342736746212681463198409079519231215585709/16847214676167195111335661228398578090299317799201964683195970088446550798902899571658862282186319703214394394308328628540039062500000000000000000000000000000000000000000000000000000000000000000000000000000000,0.011590906449225708,1,187285479614006152780067421322029027793172392733185096356572106619825258997479378256725279110610023372964895394971546163846274307783600890367693567177312667443461617608794376136716162996039389577824965585709/16847214676167195111335661228398578090299317799201964683195970088446550798902899571658862282186319703214394394308328628540039062500000000000000000000000000000000000000000000000000000000000000000000000000000000,0.011116702862399467,0.9590883086751235
75,5,17/20,5866153549375087128749435182808989930820562025271568255156286616338195074046952187957348668802101303358159197341096745803969736386696788097354819914102286249164391452593451338192232465808403785360083819147851374714089/673888587046687804453426449135943123611972711968078587327838803537862031956115982866354491287452788128575775772333145141601562500000000000000000000000000000000000000000000000000000000000000000000000000000000000000000000,0.008704930847817835,4/5,5155912561453117701762701089452127209833272965945188926326269180949026599022736662090384725641639975668395077157092280802714264710136307330563444218408289099319324145929822295820771903748372297279499797781929/627607653892308291470097796186751801159207440882994409024565297679847136098999514120029743097212899596035271670979582836480403784662485122680664062500000000000000000000000000000000000000000000000000000000000000,0.008215184326508907,0.9437391830135332
75,6,3/4,45867232226867766675344502375200289568368572722912581473842949984461856730386000634902817071522730843876382563250639678170735305243275507497164128862908759750025051928255426073597961135343083974759953181118901928561/6309137491527390278951393681510452649862034807362856899873891975522475160896573864732772563002072274684906005859375000000000000000000000000000000000000000000000000000000000000000000000000000000000000000000000000000000,0.007269968722105577,7/10,325251042380194161348706214083573364360270678761914796192981954586768060526606187089550994247197107890926930499444084628181852503490269178765330386473048335638805519419467046317324360649212020426082623557809652820369/48134899074763414603816174938281651686569479426291327666274200252704430854008284490453892234818056294898269698023796081542968750000000000000000000000000000000000000000000000000000000000000000000000000000000000000000000,0.006757073321687291,0.9294501228239483
75,7,13/20,640596310201909829401739854250474814851188648611224095479605666348769794729887416082953522260517998552842694398192190061799011526989707512058108895802222190376443919851249855051074493762857339634353407158289448902870403/98580273305115473108615526273600822654094293865044639060529562117538674389008966636449571296907379291951656341552734375000000000000000000000000000000000000000000000000000000000000000000000000000000000000000000000000000000,0.0064982200670026784,13/20,606591526124097698298666508141644703576036700017372503127094735452508557266765947597434026491476537325615288574859718866767130198307254364471291486563860314823779197864842013502384392954840616612488516106043355152870403/98580273305115473108615526273600822654094293865044639060529562117538674389008966636449571296907379291951656341552734375000000000000000000000000000000000000000000000000000000000000000000000000000000000000000000000000000000,0.006153274948291513,0.9469169841657469
75,8,3/5,274112909170912656592742635224421591108664602826821133494855467978448631745132412753789581442182827982801990510742679069151251943061338098714256834446782513331673530575633234956028680869729712760063637561/43778435678871951134911955649187486129967036891949944825932289179676837060477086643417253285240855161553799642227928490267885308639961294829845428466796875000000000000000000000000000000000000000000000000000,0.0062613682951490925,3/5,1788694195195438326659477694751725939944051331284709537334226321090904443727351186861610405308243124024257536325556132990225743507102105075700015034762705144106760661308605295870869950534442828187632962927/306449049752103657944383689544312402909769258243649613781526024257737859423339606503920772996685986130876597495595499431875197160479729063808917999267578125000000000000000000000000000000000000000000000000000,0.0058368404034614225,0.9321988626644808
75,9,3/5,1076380541120818000365390936860671280159612792992784567826696588861499619343082822586985173180419590210883124028650297120645424955302576335690314085556578045829802504428428175009209071127252909922024447927617851/160667559396430922616345035823808461096757104866046568710288716206040866841343875614727614232886502296585029547770773206138983368873596191406250000000000000000000000000000000000000000000000000000000000000000000000,0.006699426724127664,11/20,4082228530120652563818155142563304755530125237620274570780685754555153344671962948012322871379219078618686582121599937465101641594959550128712238612290854717828486038314511215966043266598028196357900705707565900895653459/690061913135808311760308683915205758578660057055312473423706934822770720723062766455146999078351655043661594390869140625000000000000000000000000000000000000000000000000000000000000000000000000000000000000000000000000000000,0.00591574241732893,0.8830221839763793
76,0,1,542395047822598671166177078924207686451591733729112203939639606791505619354047143534006012140207083818054509523005296006948327943321030181088078023269971520791870713647009279409224387143730674426339701770491682681854776613944081283098416020215471475946903315131044236223337/31409754075396463412016516861609189923388272110868059264687500000000000000000000000000000000000000000000000000000000000000000000000000000000000000000000000000000000000000000000000000000000000000000000000000000000000000000000000000000000000000000000000000000000000000000000000,0.01726836340458525,1,542364055309037131203550484197883955107539210556085604728016953899662169835384063384291704402044402455301640050068666945682715857684105340045853113122622791085088973855015415819828580831654208102166524783869600027479776613944081283098416020215471475946903315131044236223337/31409754075396463412016516861609189923388272110868059264687500000000000000000000000000000000000000000000000000000000000000000000000000000000000000000000000000000000000000000000000000000000000000000000000000000000000000000000000000000000000000000000000000000000000000000000000,0.017267376688373234,0.9999428598884043
76,1,1,532680401918470347066663137748153956378887247246972767159666722019094273106189180479885636298810325844655645399783678301205558323974683127232428737143919990132137872352314653071512879301509816088695073827518143003201310531830505116099794617424496475946903315131044236223337/31409754075396463412016516861609189923388272110868059264687500000000000000000000000000000000000000000000000000000000000000000000000000000000000000000000000000000000000000000000000000000000000000000000000000000000000000000000000000000000000000000000000000000000000000000000000,0.016959075853947025,1,532202383877926472683280608929900518903845439159547516062973755484610730101392356597970583516323049127980643014792233530304284201204236603515718128972758439964484216189136640509179978308286354901924242041564820533201310531830505116099794617424496475946903315131044236223337/31409754075396463412016516861609189923388272110868059264687500000000000000000000000000000000000000000000000000000000000000000000000000000000000000000000000000000000000000000000000000000000000000000000000000000000000000000000000000000000000000000000000000000000000000000000000,0.016943857077021986,0.9991026175567521
76,2,1,56026225768228262972381483213124553191521600707170384850047715095194585406368866152601964575021948625490199978796053324933869679335818527093382363445999051762463312692368589763933627435819552185772528391562517337642096340182356833826158401419207941771878146125671581802593/3489972675044051490224057429067687769265363567874228807187500000000000000000000000000000000000000000000000000000000000000000000000000000000000000000000000000000000000000000000000000000000000000000000000000000000000000000000000000000000000000000000000000000000000000000000000,0.01605348550974574,1,55773463113307522948884068985340805941187092297001816909951184650150485612923172845379579594255031655926231010937399831274360554766908266054240103399487672112708925327509524761371370627131355268213935511963773448267096340182356833826158401419207941771878146125671581802593/3489972675044051490224057429067687769265363567874228807187500000000000000000000000000000000000000000000000000000000000000000000000000000000000000000000000000000000000000000000000000000000000000000000000000000000000000000000000000000000000000000000000000000000000000000000000,0.015981060113200895,0.9954884939784026
76,3,1,400713193576326612833108062544798873355075079990558357093932044153915600759268145169825468276800938474365385639979789543247941727948874122188637429511815668910180703578910764395049127805493658797221284361433141921226114824045269310181370828404013790381948756602516313/28405952747196382976114696891907660169950112896190879337519809268997050821781158447265625000000000000000000000000000000000000000000000000000000000000000000000000000000000000000000000000000000000000000000000000000000000000000000000000000000000000000000000000000000000000,0.014106662682380061,1,394493715501497824628315210242590551132107021620588336730268793958330661091526011234887414148724104448709070555266796651926605701583018849122816377380432211525200247442997167753814582236156115351521370618943141921226114824045269310181370828404013790381948756602516313/28405952747196382976114696891907660169950112896190879337519809268997050821781158447265625000000000000000000000000000000000000000000000000000000000000000000000000000000000000000000000000000000000000000000000000000000000000000000000000000000000000000000000000000000000000,0.01388771286822737,0.9844789785449275
76,4,1,305340044297169127964635210896294830949744991803051213601125864198524053947541604221305151492907593868057991361569949618636871829786364948144722756389319506740942977832189554625974744813340011311081033640614056442563567101697324473019326665904013790381948756602516313/28405952747196382976114696891907660169950112896190879337519809268997050821781158447265625000000000000000000000000000000000000000000000000000000000000000000000000000000000000000000000000000000000000000000000000000000000000000000000000000000000000000000000000000000000000,0.010749156946594781,19/20,6688504926680105427971381951733660028614435455700397297467553693722767544449312834643369276814513312722647789615476955946259212836156659536295604285302675517836391750791673449435397199395816706900584105227770809403224144729798472562200170981858287629036140017106891195639358993823/649278919935917325168335928957889375313145437627220099143309926148504018783569335937500000000000000000000000000000000000000000000000000000000000000000000000000000000000000000000000000000000000000000000000000000000000000000000000000000000000000000000000000000000000000000000000000000,0.010301435517635855,0.9583482284998397
76,5,4/5,990658979745871970291543377513794065601141713291985768763198621728893119792201464803010111169968255951252735601194928759245089410516575578134366104783158232958885857768780794002792485949588910933823775224169542736611568575103822407522183525162096229054653418313359987494795839/123289725465262078889386705260015886154297365000828469346874172174466366413980722427368164062500000000000000000000000000000000000000000000000000000000000000000000000000000000000000000000000000000000000000000000000000000000000000000000000000000000000000000000000000000000000000000,0.008035211174389373,4/5,940654822503781288098397162424778753405456658966880877650836953715982403023441972903691422218958189013261560118860081851499027231490883075920138422092326372890057079023616211184545457162782990775595613203854406736611568575103822407522183525162096229054653418313359987494795839/123289725465262078889386705260015886154297365000828469346874172174466366413980722427368164062500000000000000000000000000000000000000000000000000000000000000000000000000000000000000000000000000000000000000000000000000000000000000000000000000000000000000000000000000000000000000000,0.00762962865684066,0.9495243486765568
76,6,7/10,477751830485098699046028257618380632685445209617055093499321304143185623805992942338418884729919663566264670536191985437827157665205126446492865389573683362806908273703997488040774103098736317863155016628604459192347662621156237307945683703157925689840835915217701470772685141169/71014881867990957440286742229769150424875282240477198343799523172492627054452896118164062500000000000000000000000000000000000000000000000000000000000000000000000000000000000000000000000000000000000000000000000000000000000000000000000000000000000000000000000000000000000000000000000,0.006727488913847495,7/10,446020662042188145478585434958453238835635741294365914039936964078380933402695807626835211547156343447506409294221552903164204617660424502203292404872411365772215152183688200470545738408509462575679659736931524927651373558656237307945683703157925689840835915217701470772685141169/71014881867990957440286742229769150424875282240477198343799523172492627054452896118164062500000000000000000000000000000000000000000000000000000000000000000000000000000000000000000000000000000000000000000000000000000000000000000000000000000000000000000000000000000000000000000000000,0.0062806647044952165,0.9335823194843829
76,7,13/20,3994172916902466669185267885325353522211858310903124718345005179293527592128636126431495139872142199014841707707330374925382008169789536805960943671067462261894994931851201647295792808725852422268785455023509619278285244903309176691483537545623139207052495495090750723804786132447/649278919935917325168335928957889375313145437627220099143309926148504018783569335937500000000000000000000000000000000000000000000000000000000000000000000000000000000000000000000000000000000000000000000000000000000000000000000000000000000000000000000000000000000000000000000000000000,0.006151705829748307,13/20,26028024566259384769057645259816738922815827973192230709948034852214304298704706906822485862454477699047573610822038850593593738444820949454812879560537336581448901556944087446514654724100553488723568281318915154713601327606341444116938779598890302574367468465635255066633502927129/4544952439551421276178351502705225627192018063390540694003169483039528131484985351562500000000000000000000000000000000000000000000000000000000000000000000000000000000000000000000000000000000000000000000000000000000000000000000000000000000000000000000000000000000000000000000000000000,0.005726798005575676,0.9309284553045647
76,8,3/5,137102672144782576719074272051796562702463021600405059504668670822990757709245907770905022282979597262157842143153942119879942540339793881122344673981354170961790637684006470248933932290158299802154023131870653987700178785306547927242384708678007698599807582067591375964806813/23116823524736639791760007236252978653930755937655338002538907282712443702621385455131530761718750000000000000000000000000000000000000000000000000000000000000000000000000000000000000000000000000000000000000000000000000000000000000000000000000000000000000000000000000000000000000,0.005930861218803396,3/5,127136286359943520943090136583950255521385227508822016999749027715246251777698514022170132295281441820640893946796223023379872329028699119721478139402140958764603373369666856423495937174144179050579451996388090987700178785306547927242384708678007698599807582067591375964806813/23116823524736639791760007236252978653930755937655338002538907282712443702621385455131530761718750000000000000000000000000000000000000000000000000000000000000000000000000000000000000000000000000000000000000000000000000000000000000000000000000000000000000000000000000000000000000,0.00549972993581487,0.9273071368418379
76,9,3/5,140718988397241761613201411147204999696018494299833169246909385900006169935686279995936084071873038185503413755767478370943718291010988543669298815847608647076614229544611818058807092743312458823490869848851130524597711764302180302031209459867070198599807582067591375964806813/23116823524736639791760007236252978653930755937655338002538907282712443702621385455131530761718750000000000000000000000000000000000000000000000000000000000000000000000000000000000000000000000000000000000000000000000000000000000000000000000000000000000000000000000000000000000000,0.006087297774569351,11/20,2826649725181068602420726168159669627713528276956890707924817038530946723858706079349528365211253538065567175066577767880248753615797181802576976508753813663761606460195943057371758414115064166157050553931177936804044974690785482329368031341013048747630572436547105155031259627649/504994715505713475130927944745025069688002007043393410444796609226614236831665039062500000000000000000000000000000000000000000000000000000000000000000000000000000000000000000000000000000000000000000000000000000000000000000000000000000000000000000000000000000000000000000000000000000,0.005597384761443287,0.9195188027152618
77,0,1,67053116057824708076166017957575328097325815709726594784204232675541105339945759493180014954460371663128596667240915486947687503904900210423047619436713454263360510083583600982874872254239036689887589578050149603978508029022078709639994386257/4052416268657390708405304106251911757606620623157465637780169453010040148122072878322796896100044250488281250000000000000000000000000000000000000000000000000000000000000000000000000000000000000000000000000000000000000000000000000000000000000000,0.01654645318064527,1,67049074988956041465344671254361214842198811646156772957560476898530808978628165972318886508732245137318326768482185941539851340651622143487668639068151115828332702151046770693177688211355024749428490762132180853978508029022078709639994386257/4052416268657390708405304106251911757606620623157465637780169453010040148122072878322796896100044250488281250000000000000000000000000000000000000000000000000000000000000000000000000000000000000000000000000000000000000000000000000000000000000000,0.016545455980801826,0.9999397333173125
77,1,1,65781277978535129044947667406511570923565572780399749434903620108469420459173474266875675305361008939274144269677857971911531240142200134050292776679259473192383369340959598034650246384512484775799141734836504257557500338787703709639994386257/4052416268657390708405304106251911757606620623157465637780169453010040148122072878322796896100044250488281250000000000000000000000000000000000000000000000000000000000000000000000000000000000000000000000000000000000000000000000000000000000000000,0.016232606331019684,1,65719014986182599315793081085160205350575613322075023064035640280156620756951327241501678387972046922993433528793352009253598416485944246259004951638993998276415066432173940413655457948368293728453560680149004257557500338787703709639994386257/4052416268657390708405304106251911757606620623157465637780169453010040148122072878322796896100044250488281250000000000000000000000000000000000000000000000000000000000000000000000000000000000000000000000000000000000000000000000000000000000000000,0.016217241919215773,0.9990534846043452
77,2,1,62076469565938568558617501765866812216626060373539386676041161249143860693215148393660239695665990606887052300342574882065064228724868475503354299230226799566857489465631351516681379325973910450957311345105428680189154188397078709639994386257/4052416268657390708405304106251911757606620623157465637780169453010040148122072878322796896100044250488281250000000000000000000000000000000000000000000000000000000000000000000000000000000000000000000000000000000000000000000000000000000000000000,0.015318384255353208,1,61780690226263898762953483015277540582399034654565612350256460999246596659815073812314348902684126162591999276751675494649342503071220133696982930280665685999863689839497062742371581227368943273770307255749959930189154188397078709639994386257/4052416268657390708405304106251911757606620623157465637780169453010040148122072878322796896100044250488281250000000000000000000000000000000000000000000000000000000000000000000000000000000000000000000000000000000000000000000000000000000000000000,0.015245395865201308,0.9952352422464926
77,3,1,191768340381106402490211500131584295139252432221833486046794451426706679870632373050877249029901310082710859160714356704569878038655803691005571721310464772694201278953987538294915361230240874776628514734500251289233427462615831910823110080146935353927478681227/14394387505879103008968686229659848917914028923754806791655613107170842864240140057674466333992313593626022338867187500000000000000000000000000000000000000000000000000000000000000000000000000000000000000000000000000000000000000000000000000000000000000000000000000,0.013322438367230452,1,188580241504314115911294411805443991776766647561973671146389057666141110737033379853550081634552534472519130587312439750472773837031407546617544607035374657500401284836524168356334038366168396766541479188809613640390654025115831910823110080146935353927478681227/14394387505879103008968686229659848917914028923754806791655613107170842864240140057674466333992313593626022338867187500000000000000000000000000000000000000000000000000000000000000000000000000000000000000000000000000000000000000000000000000000000000000000000000000,0.013100956287809554,0.9833752595946939
77,4,19/20,45792316700342135239322583103663247421758150790120090859308640759911264634759310579328579463719941479489805879102583564942245799297476766112872682494790477961280656209321751383647077119193159095132602521012553205786978985574492886991882860922096819564707196715833439495556723/4606204001881312962869979593491151653732489255601538173329796194294669716556844818455829226877540349960327148437500000000000000000000000000000000000000000000000000000000000000000000000000000000000000000000000000000000000000000000000000000000000000000000000000000000000000000000,0.009941443470944658,19/20,43960666462487542942022504538210282741504760973366936675797610171176783325573398063924108843162733574342144904220111976749362856605585428010114752027120051692337398659655756115851780082826933981818714221185756700275221680488386825056458056234596819564707196715833439495556723/4606204001881312962869979593491151653732489255601538173329796194294669716556844818455829226877540349960327148437500000000000000000000000000000000000000000000000000000000000000000000000000000000000000000000000000000000000000000000000000000000000000000000000000000000000000000000,0.009543794943630954,0.9600009265781282
77,5,4/5,103573084242347788838940466819373892009556147187873212600067138558146061192845123725999417952646157287710986494936672373548782207649792336802839775310648574583476124727458277575599321577886798924202629812053807759710060007564412013080008152405636089447984737938038989453/13883475603664258303403439650520687613728808761337583711087589802441013565046431382787872621520364191383123397827148437500000000000000000000000000000000000000000000000000000000000000000000000000000000000000000000000000000000000000000000000000000000000000000000000000000000,0.007460169715356564,4/5,97896693793658411403692716063158256827201557527116171094115703734851755671796540194052296010328924500116040621781297806701269016259818783965063407079277895407496489688695981824790209172918624938339330293024037397778060007564412013080008152405636089447984737938038989453/13883475603664258303403439650520687613728808761337583711087589802441013565046431382787872621520364191383123397827148437500000000000000000000000000000000000000000000000000000000000000000000000000000000000000000000000000000000000000000000000000000000000000000000000000000000,0.0070513102474009165,0.9451943476414456
77,6,7/10,450419045185386784739948264615032636286217054288949421453480046758095779990396466204699241617778004252981168168152528185095169763836769754349536766239352241804494967030079350047991545636604441890564748313428214407114932867000083334550947657921228028669380208467722480734267/71971937529395515044843431148299244589570144618774033958278065535854214321200700288372331669961567968130111694335937500000000000000000000000000000000000000000000000000000000000000000000000000000000000000000000000000000000000000000000000000000000000000000000000000000000000000,0.006258259269474606,7/10,417942995337897826154525403774271556976518216311263881867760472571919382123334650880282821678988959680566181790645091224748116446679342230428269964874060944203023101050384894724197461422768006765826480040938615072260203874458770163164228907921228028669380208467722480734267/71971937529395515044843431148299244589570144618774033958278065535854214321200700288372331669961567968130111694335937500000000000000000000000000000000000000000000000000000000000000000000000000000000000000000000000000000000000000000000000000000000000000000000000000000000000000,0.005807027150925279,0.927898142419528
77,7,13/20,26718857654686021887427754824326083624028189403420506995026156875602307666352749907536951009042447779237503839753660323882934309656207426128074903556436928249050825910088418805267628307863412012930610223598663819613340101523088876325795863811989216266956481777260216787290547/4606204001881312962869979593491151653732489255601538173329796194294669716556844818455829226877540349960327148437500000000000000000000000000000000000000000000000000000000000000000000000000000000000000000000000000000000000000000000000000000000000000000000000000000000000000000000,0.005800624037444549,13/20,24197075152027241370256334052189820023950515208475391412124510168692461152291737909696216879899171485002405603971929037365899518619588529827560651833535065986874760976860310276549019180175646114972305443608400527869403262215322531336097778178895482380237731777260216787290547/4606204001881312962869979593491151653732489255601538173329796194294669716556844818455829226877540349960327148437500000000000000000000000000000000000000000000000000000000000000000000000000000000000000000000000000000000000000000000000000000000000000000000000000000000000000000000,0.00525314882756917,0.905617877259191
77,8,3/5,14564305871438849237761993150100604012830797536765616355303642730558854834032153553163625487367773135777766917503362587399001132032253939491064104929742039535527902322382010626541666983567099655959948114064048519342585598022614838733793489122611658886196280682779780801/2603151675687048431888144934472628927574151642750796945828923087957690043446205884272726116535068285884335637092590332031250000000000000000000000000000000000000000000000000000000000000000000000000000000000000000000000000000000000000000000000000000000000000000000000000000,0.00559487409337948,3/5,13426895407364682436149732775423085475736189254635290595323716178525088831965215025624338298384058868719309116105459119392821894146140622510398632315192090842338637644574343698180779113363855935607218186543483529608826808960114838733793489122611658886196280682779780801/2603151675687048431888144934472628927574151642750796945828923087957690043446205884272726116535068285884335637092590332031250000000000000000000000000000000000000000000000000000000000000000000000000000000000000000000000000000000000000000000000000000000000000000000000000000,0.005157938176545525,0.9219042449318047
77,9,11/20,109376570988604038214624235408184588876915911687014427042763120221001298846121750714244386731840914484942998494701879541067487531492239901325260981280626166377001847796373110763891870166416248591591894305566147907355642823399544793287963537486151912803434206023843973723441/18955572024202934003580162936177578821944400228812914293538255943599463854143394314633042085915803909301757812500000000000000000000000000000000000000000000000000000000000000000000000000000000000000000000000000000000000000000000000000000000000000000000000000000000000000000000,0.005770154065989113,11/20,99953794319551468923958763896777950359873119255406108819087762878317434210993743582530452505086297059624800620052611207839578048344242749478750481925872639576570050157504546590245154700827089504093979663207689026412038712414504128615111974986151912803434206023843973723441/18955572024202934003580162936177578821944400228812914293538255943599463854143394314633042085915803909301757812500000000000000000000000000000000000000000000000000000000000000000000000000000000000000000000000000000000000000000000000000000000000000000000000000000000000000000000,0.005273056080393039,0.9138501364242408
78,0,1,19660325208030501910383184374361944787986696775307987107253909614497444867340434395652676375387800418661994247871774743458723643464647189587027251304461506770061070565788879609775522265106697210641753147546118691761705301135340570137532966084117881688447211948262483361217/1242520765651529200175823560099084327428359969177114506875000000000000000000000000000000000000000000000000000000000000000000000000000000000000000000000000000000000000000000000000000000000000000000000000000000000000000000000000000000000000000000000000000000000000000000000000,0.015822934917084783,1,19659076869781127273079289821038364739750919357324876632392449235861377818869151678450622043059905408876558429880972201111699283126486318672163245185336965982505622212307524423693603227640826435982426799839329466894988697595340570137532966084117881688447211948262483361217/1242520765651529200175823560099084327428359969177114506875000000000000000000000000000000000000000000000000000000000000000000000000000000000000000000000000000000000000000000000000000000000000000000000000000000000000000000000000000000000000000000000000000000000000000000000000,0.01582193023508358,0.9999365046998885
78,1,1,2752485850505363397659669550860199673384767031245900904891957432507273647556744737344063222782440636154204649132649357063206290470917905560964087437839444866734183167634914919132966253204970524972078341408517610489574415411008105685564756162675366841206744564037497623031/177502966521647028596546222871297761061194281311016358125000000000000000000000000000000000000000000000000000000000000000000000000000000000000000000000000000000000000000000000000000000000000000000000000000000000000000000000000000000000000000000000000000000000000000000000000,0.015506703377657012,1,19248187509349920932771117115615843293422715732915258418689248061176760580092878331893580815948704003980511809247704995050287421395234311550328037296288691429019096527451443123748889178945501024255326826550995675559555251237056739798953293138727567888447211948262483361217/1242520765651529200175823560099084327428359969177114506875000000000000000000000000000000000000000000000000000000000000000000000000000000000000000000000000000000000000000000000000000000000000000000000000000000000000000000000000000000000000000000000000000000000000000000000000,0.01549124009952214,0.9990028004174536
78,2,1,18126555896413256105649487353211649315003911742730372302155083495095240691751854343607399395603535498671560063665324495936947605008225786753997394344544931182252847602369652212068376613309570551924878961711114874595334785779917022567987171563077044888447211948262483361217/1242520765651529200175823560099084327428359969177114506875000000000000000000000000000000000000000000000000000000000000000000000000000000000000000000000000000000000000000000000000000000000000000000000000000000000000000000000000000000000000000000000000000000000000000000000000,0.014588533566204345,1,18035447713335507476580393504174993670404770882867261744444962735639955734346103556448392705304923146117121499337264717065445440600848187563413629389700457544684131501447624645672139659096674348519444797461187660391289899039917022567987171563077044888447211948262483361217/1242520765651529200175823560099084327428359969177114506875000000000000000000000000000000000000000000000000000000000000000000000000000000000000000000000000000000000000000000000000000000000000000000000000000000000000000000000000000000000000000000000000000000000000000000000000,0.014515208286179769,0.9949737730874856
78,3,1,52128292943041505799382598583218782875887039872372235179075015608266552170742807429437055200434346058730764884300034965744189981984009186249756670200388792375549231624530088060929921921410560182126225623628673479341314075312380733840952993132537555901758253738632432948212399/4153619243082997474780619690879039359649772821753256248193491821289062500000000000000000000000000000000000000000000000000000000000000000000000000000000000000000000000000000000000000000000000000000000000000000000000000000000000000000000000000000000000000000000000000000000000000,0.01255008942619151,1,51200227515148177305896590533448195421570759748775647259606783261917460732624872792225486906480818216972989058406974247465610900296323549953560191202652387302797597664495498464847053827887265261028457922879023699613819725703420733840952993132537555901758253738632432948212399/4153619243082997474780619690879039359649772821753256248193491821289062500000000000000000000000000000000000000000000000000000000000000000000000000000000000000000000000000000000000000000000000000000000000000000000000000000000000000000000000000000000000000000000000000000000000000,0.012326654062095767,0.9821965121914238
78,4,19/20,6118703453704478634700665849269383938769913469563207373443775808886745653574110162986655783127178476162430798105618871080587456170311169338293286127977316103350081621688437366615437224301630350834520037210866653308197218093038715662021111293615273413258895916566181149494559870594953200999/664579078893279595964899150540646297543963651480520999710958691406250000000000000000000000000000000000000000000000000000000000000000000000000000000000000000000000000000000000000000000000000000000000000000000000000000000000000000000000000000000000000000000000000000000000000000000000000000000,0.00920688545281011,19/20,5852988550150628174694930511526836438534467054841081556455959937859930940089320824160937933017203246677091503293714980468246400478217117996635897823495875055671628160012710230388489026658262136484487033922181045509831982382054434374677361293615273413258895916566181149494559870594953200999/664579078893279595964899150540646297543963651480520999710958691406250000000000000000000000000000000000000000000000000000000000000000000000000000000000000000000000000000000000000000000000000000000000000000000000000000000000000000000000000000000000000000000000000000000000000000000000000000000,0.008807061094817463,0.9565733319870279
78,5,4/5,1119840398309439867938981550548624344412453947299005226639151726820253474677922233437923554642343814981131684985421735780473331934132497874624815015626178460686353480176330270778210971830536438728693232026350541957620270717668665515242641674864646888489043155778503110946122934449561609/162250751682929588858617956674962474986319250849736572195058274269104003906250000000000000000000000000000000000000000000000000000000000000000000000000000000000000000000000000000000000000000000000000000000000000000000000000000000000000000000000000000000000000000000000000000000000000000000,0.006901911927642911,4/5,1053147397351081508670760288949177674473979415566426851929171341167289439668575474676480571403738714028229982253413070821665222011714460721822528431984882114847996758498623412200483802216772630859605658517958961425733354184082434219242641674864646888489043155778503110946122934449561609/162250751682929588858617956674962474986319250849736572195058274269104003906250000000000000000000000000000000000000000000000000000000000000000000000000000000000000000000000000000000000000000000000000000000000000000000000000000000000000000000000000000000000000000000000000000000000000000000,0.006490862978614374,0.9404441909230628
78,6,7/10,60250952624994578955229435896191895193170733774905723482001209328022903773327057551063132836075770886274247279969268567451298679027117848997798569143538725169298596444603216539782324326447055593079195715967676194420758231405751316298585253847749383057396687880918659472093693926248249871/10384048107707493686951549227197598399124432054383140620483729553222656250000000000000000000000000000000000000000000000000000000000000000000000000000000000000000000000000000000000000000000000000000000000000000000000000000000000000000000000000000000000000000000000000000000000000000000000000,0.005802260544254768,7/10,55531382730973447769324785547989453629396724785917379222284435194137532330949538195749220135470803020889964255256122850147304213728562480186308723629235873492282777700556884472347398229349239827402376384694265491161516355522712507419585253847749383057396687880918659472093693926248249871/10384048107707493686951549227197598399124432054383140620483729553222656250000000000000000000000000000000000000000000000000000000000000000000000000000000000000000000000000000000000000000000000000000000000000000000000000000000000000000000000000000000000000000000000000000000000000000000000000,0.005347758615424329,0.921668128246934
78,7,13/20,3565139457382769853682711082580244928363599231753986053563121132020415695951640029845171378077524636328609362068584433588216351821191086254679299103752851901384651743961946048540610003435709456600947797361782384668064603026036923292640260774912767515999535424366611069057666608088215577511/664579078893279595964899150540646297543963651480520999710958691406250000000000000000000000000000000000000000000000000000000000000000000000000000000000000000000000000000000000000000000000000000000000000000000000000000000000000000000000000000000000000000000000000000000000000000000000000000000,0.005364507506495359,13/20,3186730130685341166633640848763685538302259138783084980214366031678224396392643542309570091120615740774618969873905461836170657744911669158901262079293009282861654520661502170177710404318511275707060525270199979136604588093042622406624260774912767515999535424366611069057666608088215577511/664579078893279595964899150540646297543963651480520999710958691406250000000000000000000000000000000000000000000000000000000000000000000000000000000000000000000000000000000000000000000000000000000000000000000000000000000000000000000000000000000000000000000000000000000000000000000000000000000,0.0047951105171595045,0.8938584784071181
78,8,3/5,53394163213783656686234088096816584518517057090047968105899623608812761107465387534687667641836418472381858575472522357844733106097083065731635593917117751992144357983617199901235882534593243480049181454044026832640326652741014327860047578594293616357616360978697297089493305116223801/10140671980183099303663622292185154686644953178108535762191142141819000244140625000000000000000000000000000000000000000000000000000000000000000000000000000000000000000000000000000000000000000000000000000000000000000000000000000000000000000000000000000000000000000000000000000000000000000,0.0052653476335815345,3/5,48420190172805061978169383528827957906948823849639138909459062523226426588088294179999348573394219354368545597029519361310580261430861221647640212581460282466039164190047295326301940169132089754745749237944986700041859388183727569660462101640280554038131448478697297089493305116223801/10140671980183099303663622292185154686644953178108535762191142141819000244140625000000000000000000000000000000000000000000000000000000000000000000000000000000000000000000000000000000000000000000000000000000000000000000000000000000000000000000000000000000000000000000000000000000000000000,0.004774850253260118,0.9068442552219909
78,9,11/20,3627759239307531948585928498423445393729761430283150931752286695174247974465314876619377662193438573656030093117320177594895090310662722742854408931524074287712042360070422775482079143456620082593645349982445503439947541793518744738908602559370663158716555372777608182184296741822865521719/664579078893279595964899150540646297543963651480520999710958691406250000000000000000000000000000000000000000000000000000000000000000000000000000000000000000000000000000000000000000000000000000000000000000000000000000000000000000000000000000000000000000000000000000000000000000000000000000000,0.0054587322329628886,11/20,3293195273922770248081243355559152879462963943707452249239750643545933642140483410251524212334040542926867651108109825975831552447676575595865235342775771618539117108119203997384743607047206484362433069333651926131079979739058969048648852559370663158716555372777608182184296741822865521719/664579078893279595964899150540646297543963651480520999710958691406250000000000000000000000000000000000000000000000000000000000000000000000000000000000000000000000000000000000000000000000000000000000000000000000000000000000000000000000000000000000000000000000000000000000000000000000000000000,0.004955309877354118,0.9077766898752014
79,0,1,150378138085423144770273596070002910077578678169610889549935379931424711913700807579471534208478796437832118801695513365617695510078707070327030802886205309170151/9958414135838524222786400673737078813370070836926800582350511215502103512520193362433928996324539184570312500000000000000000000000000000000000000000000000000000000,0.015100611004340493,1,150368097683847555346082050986111206349068905877218900065147270930433648547039634827082564913926639591163303424786362869790224837295025913535819865386205309170151/9958414135838524222786400673737078813370070836926800582350511215502103512520193362433928996324539184570312500000000000000000000000000000000000000000000000000000000,0.015099602771358953,0.9999332323055504
79,1,1,147230976295507338034794317367643351013857129457853336024254544560062145053223476937855916745205792804678332872484641116266226828445875403048437843211492809170151/9958414135838524222786400673737078813370070836926800582350511215502103512520193362433928996324539184570312500000000000000000000000000000000000000000000000000000000,0.014784580585542209,1,147076608443414868515751024943244097295834586390424854993844493983167912746931803329409622571716553605853708764942652093387735907656976894389062843211492809170151/9958414135838524222786400673737078813370070836926800582350511215502103512520193362433928996324539184570312500000000000000000000000000000000000000000000000000000000,0.014769079337051556,0.9989515259901378
79,2,1,6132569861650950265532085094025012421840237879559189897200879776423622831031562866672743667047712117528821507623490397445019255090459208101971148486052185842512506585453747653/442495018973030653465068866508454427730089547588244579019186144067110610933468706207349896430969238281250000000000000000000000000000000000000000000000000000000000000000000000000,0.013859070947021712,1,12196298092795215644880348155916115366520780567091261191195199531310925745424858359022538772297738753753109377601601005353002252676646461173976920331883787295932090960214135931/884990037946061306930137733016908855460179095176489158038372288134221221866937412414699792861938476562500000000000000000000000000000000000000000000000000000000000000000000000000,0.013781282918281347,0.9943872118818267
79,3,1,41758982693814884422197108252855454397905236152360969920399539250437333430542489967478179951355118484434939597392832628993592666759148984293001485566687276717115597343366309349/3539960151784245227720550932067635421840716380705956632153489152536884887467749649658799171447753906250000000000000000000000000000000000000000000000000000000000000000000000000000,0.011796455582350868,1,40963841039318805976509533556735015534092545979847352807125360346110461227507281852160605184336338518042449606122348109302685555588058506379141736602525438653150753593366309349/3539960151784245227720550932067635421840716380705956632153489152536884887467749649658799171447753906250000000000000000000000000000000000000000000000000000000000000000000000000000,0.011571836767335308,0.9809587877097914
79,4,19/20,1926140819233992808537179888123445110225978680882661305843623936816938578341833299151961147114253766795373451206503766336529902476629194944289176689533564521405213246313762190121706652949511/226557449714191694574115259652328666997805848365181224457823305762360632797935977578163146972656250000000000000000000000000000000000000000000000000000000000000000000000000000000000000000000000,0.008501776576598435,19/20,1835381102142227797259842705015831953354717209295797116165252909376146211921302876508121579273596998160588443867692659090072461669349173895937209461470778631193666576249432089108523059199511/226557449714191694574115259652328666997805848365181224457823305762360632797935977578163146972656250000000000000000000000000000000000000000000000000000000000000000000000000000000000000000000000,0.008101173033407686,0.9528800198897922
79,5,4/5,352421035722192857279074775680924548832718834896515081976140683952839393082575817189813077356719188875334306140597197653021872890123444497919353128197005138247890227177798456079480077801/55311877371628831683133608313556803466261193448530572377398268008388826366683588275918737053871154785156250000000000000000000000000000000000000000000000000000000000000000000000000000000000,0.0063715254746164246,4/5,329640049012165288111964867076416578026281175966576664855155164366194647046022350745162925347778446169204311587209950822308837714615284110247503205303654818827490227177798456079480077801/55311877371628831683133608313556803466261193448530572377398268008388826366683588275918737053871154785156250000000000000000000000000000000000000000000000000000000000000000000000000000000000,0.005959661191707224,0.9353586068909195
79,6,7/10,19014496093020156488323314851652519612007693993212218560866223620074725352446099598792902139515101411647040885839589903012031384534997289308568033865229641689836245003003139056972133955919/3539960151784245227720550932067635421840716380705956632153489152536884887467749649658799171447753906250000000000000000000000000000000000000000000000000000000000000000000000000000000000000000,0.00537138704327965,7/10,17399073141317059202999514202628476719976892727535700059040315900565726191994429317014139015462160732640701782090263219997412393744077487823513966086961807073311029847306270160487758955919/3539960151784245227720550932067635421840716380705956632153489152536884887467749649658799171447753906250000000000000000000000000000000000000000000000000000000000000000000000000000000000000000,0.0049150477393219835,0.9150425578568928
79,7,13/20,1118719708990636206507796325483414468591064680607345101674944882575579323485392876965248265091586321830962466536542445737875471083130159709637433113850484034240397852965903546153096742131879/226557449714191694574115259652328666997805848365181224457823305762360632797935977578163146972656250000000000000000000000000000000000000000000000000000000000000000000000000000000000000000000000,0.0049379074067170655,13/20,989085498383052926835327634300421534901326048042885445414251834844096212645558754430806276531482691293268846796490645565765028149538154507029446116583997000318766408532309796153096742131879/226557449714191694574115259652328666997805848365181224457823305762360632797935977578163146972656250000000000000000000000000000000000000000000000000000000000000000000000000000000000000000000000,0.0043657160672968855,0.8841227078009151
79,8,3/5,51382955328996251779619611299501662986961795255981045610897735319490939862685026811193991508273382732182218123750980628295555276486825286305980785961792336483016457753488608442031589317/10370977007180405940587551558791900649923973771599482320762175251572904943753172801734763197600841522216796875000000000000000000000000000000000000000000000000000000000000000000000000000000,0.004954495154450826,3/5,45058983139796685524926594823644404360428645461847246446485612100220619208412093321861327215129570399011637522527195140382473021355471633684555597414983648657597064491401297528945651817/10370977007180405940587551558791900649923973771599482320762175251572904943753172801734763197600841522216796875000000000000000000000000000000000000000000000000000000000000000000000000000000,0.00434471922062886,0.8769247088123239
79,9,11/20,1170254252368618013303152203879365734382835597868100631086269579134485801575268915513928452089307120250504863816373187837039537735309776940387635244867517564364489760492121374853855221861591/226557449714191694574115259652328666997805848365181224457823305762360632797935977578163146972656250000000000000000000000000000000000000000000000000000000000000000000000000000000000000000000000,0.005165375289335774,11/20,1055081135999244463098429631726834878919208739882375704608195150292826852854790169748824681007577076520908918885907460382528097783020458575874891760095648363511653955173503554114109128111591/226557449714191694574115259652328666997805848365181224457823305762360632797935977578163146972656250000000000000000000000000000000000000000000000000000000000000000000000000000000000000000000000,0.004657013650755063,0.9015828260087405
80,0,1,4172823238156709425487530499586823762559020274725068736956859736269815997988998398254147546505444700399501456056014735523519939083466502194113125322887548460484991758250710500201423531432738515442323931355148852151297089603310667020737471028587654060029225675708935743683149660048707/282030938868015571532162755180875496176021978370581245996875000000000000000000000000000000000000000000000000000000000000000000000000000000000000000000000000000000000000000000000000000000000000000000000000000000000000000000000000000000000000000000000000000000000000000000000000000000000,0.014795622263660588,1,4172570676493743752402157058540759673999034894915672313888088525193747060734053864739227681912099692779775209071868504709366492900763790938375229193828427320595013808375379869743093385487488368154480492064543364506138812200528420001987471028587654060029225675708935743683149660048707/282030938868015571532162755180875496176021978370581245996875000000000000000000000000000000000000000000000000000000000000000000000000000000000000000000000000000000000000000000000000000000000000000000000000000000000000000000000000000000000000000000000000000000000000000000000000000000000,0.01479472675317518,0.9999394746317898
80,1,1,4100117703432316005138702630469263985673711442084142732945673355403586258588372583084041415889195495099010441389008321745443947261588343069785246367217709581836491041562857454296750943246550264429065083390524535057055388131727946582575164329735656979486794748208935743683149660048707/282030938868015571532162755180875496176021978370581245996875000000000000000000000000000000000000000000000000000000000000000000000000000000000000000000000000000000000000000000000000000000000000000000000000000000000000000000000000000000000000000000000000000000000000000000000000000000000,0.014537829501574943,1,4096237567273558504735945225768187062637626072963311350747616438418598905504872109109496093906132719474697416128655757949145157739043189317440381646230169858651426408903819409855374504405554419487142054740836732734522949687211994282575164329735656979486794748208935743683149660048707/282030938868015571532162755180875496176021978370581245996875000000000000000000000000000000000000000000000000000000000000000000000000000000000000000000000000000000000000000000000000000000000000000000000000000000000000000000000000000000000000000000000000000000000000000000000000000000000,0.014524071662898338,0.9990536524950224
80,2,1,3880836551527905641817857451876172216546810305759005974182824331653753951392559203727332402461474484023648530313982804455076779264808156025056675313981686569644708201324502297714430844135036792327261487165773864335881741786131370852304653164982328511916076535708935743683149660048707/282030938868015571532162755180875496176021978370581245996875000000000000000000000000000000000000000000000000000000000000000000000000000000000000000000000000000000000000000000000000000000000000000000000000000000000000000000000000000000000000000000000000000000000000000000000000000000000,0.013760322066452623,1,3862494272917613162891447385438356973419820431696246163639447559318542699186260747734901978302201318517239790123884244246191249836139296911616478044193522049006349129552123809630418622390362769470164904626729365078061272160769362333554653164982328511916076535708935743683149660048707/282030938868015571532162755180875496176021978370581245996875000000000000000000000000000000000000000000000000000000000000000000000000000000000000000000000000000000000000000000000000000000000000000000000000000000000000000000000000000000000000000000000000000000000000000000000000000000000,0.013695285660574912,0.9952736276401357
80,3,1,64475852571767068806515638480335708305429847103419980017224336058616826734776404732551123198980981102332717670091759492204266633434005347949196261836089591888590428860899248273720566065103380190060483649567899810672417288830082382060508468653693245661581768960497721104344496838057/5350442126749525068750541920961767962961779551771593760356899500066833496093750000000000000000000000000000000000000000000000000000000000000000000000000000000000000000000000000000000000000000000000000000000000000000000000000000000000000000000000000000000000000000000000000000000000000,0.012050565363452895,1,63404888427149088817449795704344090614057709677453831792492073963884782059020309106036909978614110342285159991558146785250622674050439990163024348261518223707994262816911414609059366375696427453392425829757114814672321635990658382060508468653693245661581768960497721104344496838057/5350442126749525068750541920961767962961779551771593760356899500066833496093750000000000000000000000000000000000000000000000000000000000000000000000000000000000000000000000000000000000000000000000000000000000000000000000000000000000000000000000000000000000000000000000000000000000000,0.01185040169113436,0.9833896861863765
80,4,19/20,394821838513127137068171233517612352997654430940029528331479148633699837634304086162638991312458538062318781538539044766714094694427285444370192184452096829145882924834012469275029783337708446642714661794739253485329290554000438053280182167865700282544346104069965408688262076154342070561296313/42803537013996200550004335367694143703694236414172750082855196000534667968750000000000000000000000000000000000000000000000000000000000000000000000000000000000000000000000000000000000000000000000000000000000000000000000000000000000000000000000000000000000000000000000000000000000000000000000000000,0.00922404703106721,9/10,5960602727792958402508426288661357184266350314439312575189504100944514068484797236970498345757530631869269586975143358294177593536649840206186747299827963193932613045828104221456981516661958618686159942459098061256112679426459445499928309444389922823569739597797068320689648777249937356462193/668805265843690633593817740120220995370222443971449220044612437508354187011718750000000000000000000000000000000000000000000000000000000000000000000000000000000000000000000000000000000000000000000000000000000000000000000000000000000000000000000000000000000000000000000000000000000000000000000000,0.0089123142896815,0.9662043417237819
80,5,4/5,78639672059030676234138124646630084293587151213695714021967625712825929856937263700288672204176037328088653525387335607428356120734697721251625967493143445099260255154007673893937485929334375291090470458360407840022386890610653411898033881713552377714762502267707148832951099560092428560383/10450082278807666149903402189378453052659725687053894063197069336068034172058105468750000000000000000000000000000000000000000000000000000000000000000000000000000000000000000000000000000000000000000000000000000000000000000000000000000000000000000000000000000000000000000000000000000000000000000,0.0075252682190367695,3/4,2802891511818353969058735648086146461242768750959420119130728416004519413660891030920658442860918617683448031204479304685213829048867864011488570475291245681513343079045271859151315230692360119535108463903933897115202513640084976476553706032158987085245346480335215823673219536732282817887/391346624127965262171468209076060742433775875786722286471818934862031250000000000000000000000000000000000000000000000000000000000000000000000000000000000000000000000000000000000000000000000000000000000000000000000000000000000000000000000000000000000000000000000000000000000000000000000000000,0.007162171177697051,0.9517496213063625
80,6,7/10,155610212630259512797882295081245271157726422600455098166438772343086096841971556787711026692523946281857464261158532893138474139686786829523272736502946029089576476911750707448546756735606915433316677482145718641605703006972048927442264737334945510999052874209250152461403310104884241819013/23062250546334159779097163452421413633455946343843076553262497845115661621093750000000000000000000000000000000000000000000000000000000000000000000000000000000000000000000000000000000000000000000000000000000000000000000000000000000000000000000000000000000000000000000000000000000000000000000000,0.0067473992756094826,7/10,145971053285401481723240873697992931781837088015930909103656360490097570531538980927205665244595387185287480442158916971361319823525424477647936977146662550689660000765078881251907731907799234953441967634156261710217812355971567596722264737334945510999052874209250152461403310104884241819013/23062250546334159779097163452421413633455946343843076553262497845115661621093750000000000000000000000000000000000000000000000000000000000000000000000000000000000000000000000000000000000000000000000000000000000000000000000000000000000000000000000000000000000000000000000000000000000000000000000,0.0063294366259759585,0.938055740803071
80,7,13/20,274447365930557572309411070948572611581496950211075781225098436097489512382461998029930224461318887137132754505241932256179818762291856121204947635048619387030164481211472137413790413193452379565736340152631269482929580582680891707851688019729398554096294938252050025284219881425854226682440057/42803537013996200550004335367694143703694236414172750082855196000534667968750000000000000000000000000000000000000000000000000000000000000000000000000000000000000000000000000000000000000000000000000000000000000000000000000000000000000000000000000000000000000000000000000000000000000000000000000000,0.006411791760125264,13/20,251884527898599734771011226534681641313757223196516312547324092165373850227190667691014605258322052973688878806309121260094786089863718175475414507650744616380702118529122416422914427464742766146176227560071570841113879867882546524128168019729398554096294938252050025284219881425854226682440057/42803537013996200550004335367694143703694236414172750082855196000534667968750000000000000000000000000000000000000000000000000000000000000000000000000000000000000000000000000000000000000000000000000000000000000000000000000000000000000000000000000000000000000000000000000000000000000000000000000000,0.00588466620915549,0.9177881049961805
80,8,3/5,8491314004561894280096184546203981636858979355897865695751563758963367686914467418842162652269826229820926039058729078202153102670724676444038534239775115869859973908765635076080115810298114774703701694738714107798436993227070945255979190783383207463804115680284853299154906742016653035699/1306260284850958268737925273672306631582465710881736757899633667008504271507263183593750000000000000000000000000000000000000000000000000000000000000000000000000000000000000000000000000000000000000000000000000000000000000000000000000000000000000000000000000000000000000000000000000000000000000,0.006500476285651398,3/5,7746295654294803770328209063180004365695906612806170489309220525625877305592416848640301165598612549971750858171978893582833479080574831622133961971729231786366188682713458613549858869300387497658502604762168727352655395745105727085135068498962304011468865070284853299154906742016653035699/1306260284850958268737925273672306631582465710881736757899633667008504271507263183593750000000000000000000000000000000000000000000000000000000000000000000000000000000000000000000000000000000000000000000000000000000000000000000000000000000000000000000000000000000000000000000000000000000000000,0.0059301318000176675,0.9122611235591058
80,9,11/20,289547747535348963848969509141043466133436606549345278516360485164335337702991124473243385842560693873583927509747829933477246651134288612801849809078306845799532325159062824216940763961913223409537245119369827616507100949472727286579439292599194203640514309889704355169196199537256035134430953/42803537013996200550004335367694143703694236414172750082855196000534667968750000000000000000000000000000000000000000000000000000000000000000000000000000000000000000000000000000000000000000000000000000000000000000000000000000000000000000000000000000000000000000000000000000000000000000000000000000,0.006764575260233064,11/20,269250456997570276257873659350084861803543716385467909178315976808044859465686587399977712261488403200919251224217598008773410784166984262732707539857460680729759746973213917494583515664099629671342254827699948365659897288567301095062919292599194203640514309889704355169196199537256035134430953/42803537013996200550004335367694143703694236414172750082855196000534667968750000000000000000000000000000000000000000000000000000000000000000000000000000000000000000000000000000000000000000000000000000000000000000000000000000000000000000000000000000000000000000000000000000000000000000000000000000,0.006290378687853036,0.9299000226713878
81,0,1,436336692373126467629586418284075406935510005599592189886130710870468139274827334276714319001429201402820135538499790610175379600905431157942815063514750428897123689169709722410289496242424238254237525895472068897068099796196693148627522633188079130654873039477/30170180491096947446112373286365067312135397614111798361436408435175271502970417714095674455165863037109375000000000000000000000000000000000000000000000000000000000000000000000000000000000000000000000000000000000000000000000000000000000000000000000000000000000000,0.01446251514809091,1,436313532049549741447335768391725106771802555117519462550512943610995751066553315532787789456223065360366850683640676154664848649072190724818215229829235506859221601978503717932112157645678330977492872323854272614109115421196693148627522633188079130654873039477/30170180491096947446112373286365067312135397614111798361436408435175271502970417714095674455165863037109375000000000000000000000000000000000000000000000000000000000000000000000000000000000000000000000000000000000000000000000000000000000000000000000000000000000000,0.014461747491974847,0.9999469209810187
81,1,1,430578782214900416253944717773604362741390055881945866949126502610120693788791904157750668440054302753383640754723581681481251594831856386463979031684214968371347167354826066140348064701974295496860124789160546120414045428263910169902038414438079130654873039477/30170180491096947446112373286365067312135397614111798361436408435175271502970417714095674455165863037109375000000000000000000000000000000000000000000000000000000000000000000000000000000000000000000000000000000000000000000000000000000000000000000000000000000000000,0.014271667428107095,1,430223192754109401419799651937171995494802994967689405222003329879045306474433604359340688512607083718550092186029222900808157728059783197362940142188892383905423611475534925227838100767321029068945667643275805593070295428263910169902038414438079130654873039477/30170180491096947446112373286365067312135397614111798361436408435175271502970417714095674455165863037109375000000000000000000000000000000000000000000000000000000000000000000000000000000000000000000000000000000000000000000000000000000000000000000000000000000000000,0.014259881305021224,0.9991741593513692
81,2,1,73698570746101564549464022891542381863370129151271925370968930386610277764407004170687525877802112362280557915204372842007086263517703882820303734020946998742703402938136940551407989970685903428043004928960135146502616117679239912690325887133311707041487393/5398135711414733842567968024040985384171658188246877502493542393124936751291897962801158428192138671875000000000000000000000000000000000000000000000000000000000000000000000000000000000000000000000000000000000000000000000000000000000000000000000000000000000000,0.013652596875299152,1,73398127455570607039757667601125925076931531097276871543896248462171444733818604423869351617118190020521876179457322250815733777979679681352322394824433354186123286169462795308082922417076739996961069108412362929705741117679239912690325887133311707041487393/5398135711414733842567968024040985384171658188246877502493542393124936751291897962801158428192138671875000000000000000000000000000000000000000000000000000000000000000000000000000000000000000000000000000000000000000000000000000000000000000000000000000000000000,0.013596940014006161,0.9959233498358332
81,3,1,372359301146911425370777542416225145726939276773191480205351661058947983027580061702431797358879370946664354012441308629302197735223396207479757990295969135446933730322380516400082202839163768037546799727939906673954077956532778255000101539438079130654873039477/30170180491096947446112373286365067312135397614111798361436408435175271502970417714095674455165863037109375000000000000000000000000000000000000000000000000000000000000000000000000000000000000000000000000000000000000000000000000000000000000000000000000000000000000,0.012341964651381274,1,367553075730948990286825737063578092651498728786057924153107362984366913804992824398377588774918523987146108873224864299547356886310228830867761941498251871156661543774037829052879811134711505190915485393784058236454077956532778255000101539438079130654873039477/30170180491096947446112373286365067312135397614111798361436408435175271502970417714095674455165863037109375000000000000000000000000000000000000000000000000000000000000000000000000000000000000000000000000000000000000000000000000000000000000000000000000000000000000,0.012182660817671007,0.9870925060790514
81,4,9/10,359939907835185319438802746016922887962990673616195008840190644147636024572900007890691397866819880251305445687668913271061314108838635463055061710878174774232629832788133891218747317424608842764839407905622223484209450831979761129878833766975930712890047184351518963061923349935924019/35701878423539483623081663445413602676617943105944855822612531338509575529194250975706381723284721374511718750000000000000000000000000000000000000000000000000000000000000000000000000000000000000000000000000000000000000000000000000000000000000000000000000000000000000000000000000000000000,0.010081819885361115,9/10,350798520545149411129555603551788797576478593417530063826248230949014195853043344148126588544974749029732343852092389059295350529284375787312431816210448187443820458881976351628549469092158358705637439902336921331529717643307285410426929470100930712890047184351518963061923349935924019/35701878423539483623081663445413602676617943105944855822612531338509575529194250975706381723284721374511718750000000000000000000000000000000000000000000000000000000000000000000000000000000000000000000000000000000000000000000000000000000000000000000000000000000000000000000000000000000000,0.009825772089175448,0.9746030181954103
81,5,3/4,1281785244923730084264870222044603299659197465113574112620800597319387274294031876952149030685335748921902422162783698927535999999306716950502792010188624308572699186491386358429523429867915785599043156742511643178749328796172851865516148232446439424702175150219957748082713937298347/146234894022817724920142493472414116563427094961950129449420928362535221367579651996493339538574218750000000000000000000000000000000000000000000000000000000000000000000000000000000000000000000000000000000000000000000000000000000000000000000000000000000000000000000000000000000000000000,0.008765248906486896,3/4,1242467002935093741499148097643728219014247111119519365808020656567393917635998873755086494541561736719629615535320890240198491070424197899675093305090563086206724269994680657608503948331703558894523778361064354590122695337066726987586460732446439424702175150219957748082713937298347/146234894022817724920142493472414116563427094961950129449420928362535221367579651996493339538574218750000000000000000000000000000000000000000000000000000000000000000000000000000000000000000000000000000000000000000000000000000000000000000000000000000000000000000000000000000000000000000,0.008496378454934467,0.969325405995779
81,6,7/10,293033183016683467502700435713145548787694759034056292633666789692730452899408189798113274949221196586406470539393141277418739402518926757203896002048821563662965387030684110039596207205890793377261122255412325002696464138772447784319739749393077712730437784841192418301597000120182291/35701878423539483623081663445413602676617943105944855822612531338509575529194250975706381723284721374511718750000000000000000000000000000000000000000000000000000000000000000000000000000000000000000000000000000000000000000000000000000000000000000000000000000000000000000000000000000000000,0.008207780541414777,7/10,279717657135579196468038446484107601313876838822644365227823187734408338780530016180650588872781654360917716933195043771749128720667860410729817383624020468127581491662504291359641379829186372375723917629409258947056419766673871212817054202518077712730437784841192418301597000120182291/35701878423539483623081663445413602676617943105944855822612531338509575529194250975706381723284721374511718750000000000000000000000000000000000000000000000000000000000000000000000000000000000000000000000000000000000000000000000000000000000000000000000000000000000000000000000000000000000,0.007834816247403713,0.9545596654139127
81,7,13/20,18256160257843043168313851371226897168594603348819361542544546869705600939768680451590611872198249117535613002373795493608447844493070081327108836425816697204252110893479845396541666346856773349952788753562864283538102822942715033351351506414183357849934724215679890574264946401719462731/2284920219106526951877226460506470571303548358780470772647202005664612833868432062445208430290222167968750000000000000000000000000000000000000000000000000000000000000000000000000000000000000000000000000000000000000000000000000000000000000000000000000000000000000000000000000000000000000000,0.007989845818328727,13/20,17173564958620108699066244237126111340250990822860349523643698441570631042890674937796315879774134142216578023795675337030614223561479834274716395397520345879633739644086058671820121563098811320277029495237261097055521171582113424132601506414183357849934724215679890574264946401719462731/2284920219106526951877226460506470571303548358780470772647202005664612833868432062445208430290222167968750000000000000000000000000000000000000000000000000000000000000000000000000000000000000000000000000000000000000000000000000000000000000000000000000000000000000000000000000000000000000000,0.0075160457748216225,0.9406997263426279
81,8,3/5,283223582584944162705138607238830800172438935298831028077278917470899616785760404057181571011957392178798178467953464442673848490023182815382887756113933542197075908340607908769657674074083505906049352405150838313662277946915559836218568344115092859345503390093909724065974197278571/34865115647987776975665686958411721363884710064399273264270050135263257352728760718463263401645235717296600341796875000000000000000000000000000000000000000000000000000000000000000000000000000000000000000000000000000000000000000000000000000000000000000000000000000000000000000000000000,0.008123408665684156,3/5,266497271534661588433167070736457933993975306033245592751641855013769105196525467140439438565585990135979482064340273448222633437726439175304202834943970319077283751737641886952539071796145960626811022382341775744068961232467763416695942222318800179362412569781409724065974197278571/34865115647987776975665686958411721363884710064399273264270050135263257352728760718463263401645235717296600341796875000000000000000000000000000000000000000000000000000000000000000000000000000000000000000000000000000000000000000000000000000000000000000000000000000000000000000000000000,0.0076436652103875164,0.9409430849732789
81,9,11/20,19308249921788534724250031533968915638764726528910732996046195089414463772861030202437097081553095140891174202998129150237972886009731771185116500299845708902915705528857458220016677958690888793749725338724297749055513248701571931400184827553010294265020430970428952529967575839645171099/2284920219106526951877226460506470571303548358780470772647202005664612833868432062445208430290222167968750000000000000000000000000000000000000000000000000000000000000000000000000000000000000000000000000000000000000000000000000000000000000000000000000000000000000000000000000000000000000000,0.008450295008260134,11/20,18320066669020414110309122920750252572209148909470892948901054466861008388684292879946873148851256049246688876634482832746947985675154242243803170100426630526667421563562720208140054882908857877857961512673147558031801941599993283589096265541291544265020430970428952529967575839645171099/2284920219106526951877226460506470571303548358780470772647202005664612833868432062445208430290222167968750000000000000000000000000000000000000000000000000000000000000000000000000000000000000000000000000000000000000000000000000000000000000000000000000000000000000000000000000000000000000000,0.008017814589685812,0.9488206721597798
82,0,1,150000613234469675799393225928639188440617555764899897271593842802864806574147600958567399331122744906378608288500766211856621006880449370742948694794893363826293611158525104323177398860364467345685675337961504648930435294364122390239245943100568073168739257088730568289048365397/10699992053774347175720305347577943640595106081026871875000000000000000000000000000000000000000000000000000000000000000000000000000000000000000000000000000000000000000000000000000000000000000000000000000000000000000000000000000000000000000000000000000000000000000000000000000000000,0.014018759311279863,1,150000613234469675799393225928639188440617555764899897271593842802864806574147600958567399331122744906378608288500766211856621006880449370742948694794893363826293611158525104323177398860364467345685675337961504648930435294364122390239245943100568073168739257088730568289048365397/10699992053774347175720305347577943640595106081026871875000000000000000000000000000000000000000000000000000000000000000000000000000000000000000000000000000000000000000000000000000000000000000000000000000000000000000000000000000000000000000000000000000000000000000000000000000000000,0.014018759311279863,1.0
82,1,1,204674222347604205595352904725288515045198894437691907806465238765683106478492133699348653309279797555727858412603995830571650847164872015876803955127099402784162258160197651193588790591620650085869839864299982115065908238100251971382145505610468265082373477011181992534019599151669/14733889058047276060966860463614828393099461073574002571875000000000000000000000000000000000000000000000000000000000000000000000000000000000000000000000000000000000000000000000000000000000000000000000000000000000000000000000000000000000000000000000000000000000000000000000000000000000,0.013891391576334447,1,204527227924402142496166446524802315840093505837347953231750282506513793471564601282699557599677055799454384379470919693159069385014582067622200840833052508886756036779370111933897472895263251217538267685257710106395175656246248771382145505610468265082373477011181992534019599151669/14733889058047276060966860463614828393099461073574002571875000000000000000000000000000000000000000000000000000000000000000000000000000000000000000000000000000000000000000000000000000000000000000000000000000000000000000000000000000000000000000000000000000000000000000000000000000000000,0.013881414955591413,0.9992818127191786
82,2,1,2440992986238159580917956128417738252720989550648051311525353864213410101492372214163611635114253807140235270934008319179887453516688465747935667912304073682813786791237342596545125239053828805378726685624287162849417083545547176190253398864959269141896887370508419660913822211749/181899864914163901987245190908825041890116803377456821875000000000000000000000000000000000000000000000000000000000000000000000000000000000000000000000000000000000000000000000000000000000000000000000000000000000000000000000000000000000000000000000000000000000000000000000000000000000,0.013419432649881468,1,2432431398829700161070419580912986603363968050793790381998326400989259358516182183809941079528536868966582767230564739530863597227330202924659188098181596414322309925905593269649118353133366801388003424434145162307496297179671976190253398864959269141896887370508419660913822211749/181899864914163901987245190908825041890116803377456821875000000000000000000000000000000000000000000000000000000000000000000000000000000000000000000000000000000000000000000000000000000000000000000000000000000000000000000000000000000000000000000000000000000000000000000000000000000000,0.013372365064578425,0.9964925800865763
82,3,1,60799531599050002059622341694125994958727817062520059008483049059479736147034905840207570612151076754010638072845457038597888018057658485755890872715667892688259220279998972628603886231428032430540087884737381672445120846923872763816752343831142116689810679003727330844673199717223/4911296352682425353655620154538276131033153691191334190625000000000000000000000000000000000000000000000000000000000000000000000000000000000000000000000000000000000000000000000000000000000000000000000000000000000000000000000000000000000000000000000000000000000000000000000000000000000,0.01237952818013982,1,60138739334005455588891525681684306335158132895567588412719295003857308009455777997608195401085864976230597841560997757779952489989333645281637948516741289103577011514235670285996848127719325563449036263178597626201213743702522363816752343831142116689810679003727330844673199717223/4911296352682425353655620154538276131033153691191334190625000000000000000000000000000000000000000000000000000000000000000000000000000000000000000000000000000000000000000000000000000000000000000000000000000000000000000000000000000000000000000000000000000000000000000000000000000000000,0.012244982793831858,0.9891316224374519
82,4,9/10,1419970291174534864724002825891712060714689397190021417143172025173017698690415979902292884600238599361364838578462009264968112038242648548648320642269646446396416374142712348942029494156446470829668798580482587136050231562973785105589941500777416969871293036816774230685114381418456100714147054169/132380474258015723339401858991526130488766113790105990242567398071289062500000000000000000000000000000000000000000000000000000000000000000000000000000000000000000000000000000000000000000000000000000000000000000000000000000000000000000000000000000000000000000000000000000000000000000000000000000000000,0.010726433026723764,9/10,1390809187404370074463490557559350723755392750526226364989787221620785159128032363478497701791903423230971405705865557809850111723718279823329799201698093387085552289773242685869129050636232539679349855078506076212539227405189977529383541500777416969871293036816774230685114381418456100714147054169/132380474258015723339401858991526130488766113790105990242567398071289062500000000000000000000000000000000000000000000000000000000000000000000000000000000000000000000000000000000000000000000000000000000000000000000000000000000000000000000000000000000000000000000000000000000000000000000000000000000000,0.01050615051199785,0.9794635817725144
82,5,3/4,90073494587112512102323103063204854683383758075792988550326968255780407402912835981249066337823253924300181917417064044241362774663390975275972741631366089985565898168791979307196363023185014895205555513009130157362941445657870488395229737676960683988339455672964320785482479473951468979370180049/9217917183534150847569230245297947518193762035432660312570453062500000000000000000000000000000000000000000000000000000000000000000000000000000000000000000000000000000000000000000000000000000000000000000000000000000000000000000000000000000000000000000000000000000000000000000000000000000000000000000,0.009771566916223728,3/4,87896456244727585506772286580980262058837093265127199592302849735763565323321881126150389690683855235661094862352639589633481356905397218440152181577278681331025257814470484948099705919330939759498056691388190531289485503569327814231261737676960683988339455672964320785482479473951468979370180049/9217917183534150847569230245297947518193762035432660312570453062500000000000000000000000000000000000000000000000000000000000000000000000000000000000000000000000000000000000000000000000000000000000000000000000000000000000000000000000000000000000000000000000000000000000000000000000000000000000000000,0.009535392268628309,0.9758304221195786
82,6,7/10,1707774812558401954546761552417960688122673231516044928908338589247883605821849231131942553572594276906995572148717410548782570347651709106024363198921829313502741360348837119022706201365841487350610332877327850855163054562442828869104091883145011590841174812435969882083076106000132245816774796557657/182287913053287651038356359831331481683030938688975948564015307144165039062500000000000000000000000000000000000000000000000000000000000000000000000000000000000000000000000000000000000000000000000000000000000000000000000000000000000000000000000000000000000000000000000000000000000000000000000000000000000,0.009368557596351293,7/10,1647605237273611654218586029579489924712980689231196438568918521103119398438864142262358900757428698741903028275886608503804929402557766037544650344356261240098779898047648704843708734351255388539865755200050699099375443501525982466653179440265011590841174812435969882083076106000132245816774796557657/182287913053287651038356359831331481683030938688975948564015307144165039062500000000000000000000000000000000000000000000000000000000000000000000000000000000000000000000000000000000000000000000000000000000000000000000000000000000000000000000000000000000000000000000000000000000000000000000000000000000000,0.009038477700888333,0.9647672662447511
82,7,13/20,108104346538333154870930035372045662904842911944486218686076891313911464893383378084998992979343431608884611126355495160049059899017284043834212118139629835578183894712406835876326230577780231998146768784523665617628972997176408503985276902560641041870006181687324078170098650923400909823010704624001537/11666426435410409666454807029205214827713980076094460708096979657226562500000000000000000000000000000000000000000000000000000000000000000000000000000000000000000000000000000000000000000000000000000000000000000000000000000000000000000000000000000000000000000000000000000000000000000000000000000000000000000,0.00926627765038748,13/20,103174364502295159562502907697382487143138289831161561040874401237674213337549465410364154025982660394531254652774286567992600130565626774696267464495296289935715334647569149156728256174116773497165154415800018292709876046479776787311777909429121041870006181687324078170098650923400909823010704624001537/11666426435410409666454807029205214827713980076094460708096979657226562500000000000000000000000000000000000000000000000000000000000000000000000000000000000000000000000000000000000000000000000000000000000000000000000000000000000000000000000000000000000000000000000000000000000000000000000000000000000000000,0.0088436990601626,0.9543960794001021
82,8,3/5,20717982217255413423196071479141597141578225283710783933330561363575435068839787640997133784164246067236159452705826794920094482133734779319556435994189544226336763448793263369329256013148892247143350908453420881301677238381009082590560043005687943767488316758575872299347145587737599969854378657/2197722717174089157001788674664008025692406185968556478636372819542884826660156250000000000000000000000000000000000000000000000000000000000000000000000000000000000000000000000000000000000000000000000000000000000000000000000000000000000000000000000000000000000000000000000000000000000000000000000000,0.009427022824742576,3/5,19896190158609896864443110599966394258013946962783842467845069723160043531026163377552977267134787549082027920451101685204172335993566106916043052747010370680138449776063030312784557989317181845463792432733363517526869811879949460145495588666304260798987981657121492299347145587737599969854378657/2197722717174089157001788674664008025692406185968556478636372819542884826660156250000000000000000000000000000000000000000000000000000000000000000000000000000000000000000000000000000000000000000000000000000000000000000000000000000000000000000000000000000000000000000000000000000000000000000000000000,0.009053093915411281,0.9603343583352886
82,9,11/20,471296985292020456935180577149151474186578751480785919100600341947979909220031380761559921241154387313571749448262266315203871316748398062975482611374997676176616244704520120936660868094154707872223619479222837977769832079717841333062488208733829732279961893456083698091750492986033295423670027862411/48009985330907035664423074194260143323925843934545105794637776367187500000000000000000000000000000000000000000000000000000000000000000000000000000000000000000000000000000000000000000000000000000000000000000000000000000000000000000000000000000000000000000000000000000000000000000000000000000000000000000,0.009816645059223066,11/20,452495258724074638689756304875092214044628004769815385257363846985892810592746507846940560104268054843787846064410590363634734443828261292652283035701059533426142440618861823554281102347227307307929525875549668349151885170778532582501420400093829732279961893456083698091750492986033295423670027862411/48009985330907035664423074194260143323925843934545105794637776367187500000000000000000000000000000000000000000000000000000000000000000000000000000000000000000000000000000000000000000000000000000000000000000000000000000000000000000000000000000000000000000000000000000000000000000000000000000000000000000,0.009425023890452536,0.9601064145226899
83,0,1,361110039535655251843391080239794047472885271287552004898467983467722497108983218033146244055737878392753584377355863086585726833760119424917745210284942065066280164054649100093883770066005862640530696194165233551/26806844542146903749983390597088203628221077064069589336366627354208070460842210840624336297239640179264403102435430738413313760478857021153716545989554497667701950941454569488087145145982503890991210937500000000000,0.013470814849838149,1,361110039535655251843391080239794047472885271287552004898467983467722497108983218033146244055737878392753584377355863086585726833760119424917745210284942065066280164054649100093883770066005862640530696194165233551/26806844542146903749983390597088203628221077064069589336366627354208070460842210840624336297239640179264403102435430738413313760478857021153716545989554497667701950941454569488087145145982503890991210937500000000000,0.013470814849838149,1.0
83,1,1,184096103536436385135963946666528062683922068053177891049996004976337836794667514718062670302492968243819516777436157732700178648351906622031394624659805335697732697631297791617840508681963028974971180467373292937487/13725104405579214719991495985709160257649191456803629740219713205354532075951211950399660184186695771783374388446940538067616645365174794830702871546651902805863398882024739577900618314743041992187500000000000000000000,0.013413093124566823,1,183981713219198647511169738716294651864108017771872677812325255983902395251249348586440641078982970080483896131835946027660717930211335748630664223402739424362377806342094171555875525403150304809352760820156496062487/13725104405579214719991495985709160257649191456803629740219713205354532075951211950399660184186695771783374388446940538067616645365174794830702871546651902805863398882024739577900618314743041992187500000000000000000000,0.013404758738622827,0.9993786380317653
83,2,1,11485656976680636867049384025585198134413920839428758105803796424083296003441534255870934452481108669604029966374745286038728502538192169518440743566735924516501150498218830053420650053835878737847040931133661988233543/878406681957069742079455743085386256489548253235432303374061645142690052860877564825578251787948529394135960860604194436327465303371186869164983778985721779575257528449583332985639572143554687500000000000000000000000000,0.013075557384298192,1,11451145750588043273948710295422460322250296365761633217447005560821019742900305287126235914434072003362390530990143594387725772252718930880472705957865229675134397313712017882414631778870124493370484153179560425733543/878406681957069742079455743085386256489548253235432303374061645142690052860877564825578251787948529394135960860604194436327465303371186869164983778985721779575257528449583332985639572143554687500000000000000000000000000,0.013036268946719708,0.9969952762682481
83,3,1,329256067891321122759247061455275578405323703627536910771845412210708331168058982955712233908863555545541611473146496670875792582259248755205826863498779785983607821265479433463114797756437153178245654385083202301/26806844542146903749983390597088203628221077064069589336366627354208070460842210840624336297239640179264403102435430738413313760478857021153716545989554497667701950941454569488087145145982503890991210937500000000000,0.01228253729653448,1,1304994611705910842261371817601837944568472225787559818245592765481603859791643856166527488555861745773870434247300630153282608106766239564471875360144234063244075140450781080963631621484940286148253403825733199829/107227378168587614999933562388352814512884308256278357345466509416832281843368843362497345188958560717057612409741722953653255041915428084614866183958217990670807803765818277952348580583930015563964843750000000000000,0.012170348972387824,0.9908660302478128
83,4,9/10,3221726650822533408350449528752498137878864694367231956733587198870764263474880428420699923401587568476518307899052477740629231774712207067982994719591584371013117254148090458317518839831671057182248092195236149944085550998886622361458613482723/288685460081673928584931900446839652431237400191770720525112709238206591488552063994489419370984647891496761655532368932673496729901837698950735344727291931121726520359516143798828125000000000000000000000000000000000000000000000000000000000000000,0.01115998931817021,17/20,2014667793474904777474960130205781554345309060842129707502320870951088341729887393081264429760081673911773992942191403325337769522612240925226524629932325589245741551802250065241883198727539644381621035029557904587840023905212485282287934919793706477/183576238807776777882872535221747122339633587731547768264801272255412524353936211702351799735686621532794356723799655533762807264531498200113568408653463848168030381202697753906250000000000000000000000000000000000000000000000000000000000000000000000000,0.010974556438017391,0.9833841346200123
83,5,3/4,5955180208792081407449214336352964837982009849614683643054287295923281115120529013790058192216117001587899447901030176341907033974340785956106002440996892295788282747151602931306584442824503738861880176100067982074156601333908339204518815649/566593329653632030502693009943663957838375270776382000817287877331520136894864850933184567085452535595044310875924862758527182915220673457140643236584764963481575250625610351562500000000000000000000000000000000000000000000000000000000000000000,0.010510501795763431,3/4,5838755117888290168813123780269247842589719837359969796007872085970300177749444043948560374831953391820218592262412152417129953140306212757147827732199736930037937938877155467255850071653988476260421028948573249121741822341374655427663346899/566593329653632030502693009943663957838375270776382000817287877331520136894864850933184567085452535595044310875924862758527182915220673457140643236584764963481575250625610351562500000000000000000000000000000000000000000000000000000000000000000,0.010305019159787177,0.980449778709987
83,6,7/10,1838238848060196128504205690708759554745084566112956241320226932729842607415490027158802090962425431718577113619007705368409398177166963159066915794474887565573635998543758329604778751753548879832761783793395990810111655406869896274548891943294687/179273670710719509651242710177487424159798425519089617446094992436926293314390831740577929429381466340619488988085601107190241469269041211048406649075648289226592169143259525299072265625000000000000000000000000000000000000000000000000000000000000000,0.0102538138521547,7/10,1786335721973816696644289533153704983736105014163650420307838313481563135630949494332624570208448671986444454571677836176898463854134184176093079113008586731189287605394303587613157560616781357950550425451999134534915540968283959251386050146419687/179273670710719509651242710177487424159798425519089617446094992436926293314390831740577929429381466340619488988085601107190241469269041211048406649075648289226592169143259525299072265625000000000000000000000000000000000000000000000000000000000000000,0.009964294895575005,0.9717647539974741
83,7,13/20,525682168118101404232127839514906537437300679058531179549928883121438467552961817276537617161202307255575796827742215818621754378996006040001918962649672698799047301631733478617061227177878272850290125767811392242139801771457898932964668813218033/51221048774491288471783631479282121188513835862597033556027140696264655232683094783022265551251847525891282568024457459197211848362583203156687614021613796921883476898074150085449218750000000000000000000000000000000000000000000000000000000000000000,0.010263010631283629,13/20,506539621308677079711588692027225527404284068388886948458717137353239992976319652332446683487302209458163729712418547076819228943653539231477737838576312444143511934510236690327796610623343709664801831748546138177618515134866941291363106313218033/51221048774491288471783631479282121188513835862597033556027140696264655232683094783022265551251847525891282568024457459197211848362583203156687614021613796921883476898074150085449218750000000000000000000000000000000000000000000000000000000000000000,0.009889286405258848,0.9635853221387496
83,8,3/5,2114717173769619483652300355942000568464957693078199066464153746897482146058807353419873610550724718875111242741307266994011943745975305665498069714703178772712298452317098043814877801339965129494124650138663546813313362219606040268716536373/202629564876663218916425589302896484555617071667807817751391366957969714484762496089882099778217984054700485781165908369491284936149361177852383817405020581536856383308986551128327846527099609375000000000000000000000000000000000000000000000000,0.010436370304880276,3/5,2054066558243759684362807171615936216059599500762076344685053284770387177637820191453553728568328644914928268813636993991973741031992899499500090838159341831455152838020429765796289240793016784259199124223603994751010534384523032456216536373/202629564876663218916425589302896484555617071667807817751391366957969714484762496089882099778217984054700485781165908369491284936149361177852383817405020581536856383308986551128327846527099609375000000000000000000000000000000000000000000000000,0.010137052603819344,0.9713197508025406
83,9,11/20,8224382549766537865313150611741636515187630740860294073856611909953854388712596109232724718870011554092451566790370780135239571127008873070818504147966627765836195082274733713155951210810438785435558457237380267634665782954079563342663535165979491/755457772871509374003590679924885277117833694368509334423050503108693515859819801244246089447270047460059081167899817011369577220294231276187524315446353284642100334167480468750000000000000000000000000000000000000000000000000000000000000000000000000,0.010886621125765248,11/20,7958566461675916245177974702874871118246148110169507886059696836790597417033857136968007642805654749141327172274431112002036178408402838307270738981215188787700956331240763279416245383702457071068459190773468379098534482456279451572033652353479491/755457772871509374003590679924885277117833694368509334423050503108693515859819801244246089447270047460059081167899817011369577220294231276187524315446353284642100334167480468750000000000000000000000000000000000000000000000000000000000000000000000000,0.010534760177826027,0.9676795082813643
84,0,1,7825221083733033349282130718987402437311863982535172536378203344511514219502832057618164333099489116065606585477519658034420115558761195426270719176672077827722451269449502789147869972130689587497577940574864465229224079309196231/609143150451907091813612222733379919730937971658447127095067882165370880000000000000000000000000000000000000000000000000000000000000000000000000000000000000000000000000000000000000000000000000000000000000000000000000000000000000000,0.012846276081291746,1,7825221083733033349282130718987402437311863982535172536378203344511514219502832057618164333099489116065606585477519658034420115558761195426270719176672077827722451269449502789147869972130689587497577940574864465229224079309196231/609143150451907091813612222733379919730937971658447127095067882165370880000000000000000000000000000000000000000000000000000000000000000000000000000000000000000000000000000000000000000000000000000000000000000000000000000000000000000,0.012846276081291746,1.0
84,1,1,13315490082047365460961802956306775931316359889292610538481267235911549453527945674041941393284902361840127899902468530538573797019144814544975190044876464271382785659071386621581232532529040289295070165961084673053418958904942788931/1036152498918693963174954390869479243462325489791018563188710467563295866880000000000000000000000000000000000000000000000000000000000000000000000000000000000000000000000000000000000000000000000000000000000000000000000000000000000000000,0.012850898005788838,1,13308379745672715115671712221865489092443678820206863206703937657742952073136183478429773596124054710188910828806266562521507860450458197198725835793624025303542063863036596952660335905067247032606749653961084673053418958904942788931/1036152498918693963174954390869479243462325489791018563188710467563295866880000000000000000000000000000000000000000000000000000000000000000000000000000000000000000000000000000000000000000000000000000000000000000000000000000000000000000,0.012844035756861126,0.9994660101632882
84,2,1,7695948749120812747364962591859451975502793590949865750810063740368266477971966653953984860614264678578387076464598045273304987645870448521503930825377188848958095184163339111406373688353361295590395518674388562714024079309196231/609143150451907091813612222733379919730937971658447127095067882165370880000000000000000000000000000000000000000000000000000000000000000000000000000000000000000000000000000000000000000000000000000000000000000000000000000000000000000,0.012634056121966393,1,53733791847305050551169312260864612338979053708223922157091897370950847283809659363470044795147829661310254551230851264340633752464294662426264096555333009413063026986635810981535002746352836221459424630720719938998168555164373617/4264002053163349642695285559133659438116565801609129889665475175157596160000000000000000000000000000000000000000000000000000000000000000000000000000000000000000000000000000000000000000000000000000000000000000000000000000000000000000,0.012601727479807704,0.9974411509774378
84,3,1,1785540781002117800854882514582251977166576257522865036733283214515933648266951706483454270521935820319001834076373135914717664605127515478461927135885015385820222143608998843892654543166358107943192633298686475164135051272134684133/148021785559813423310707770124211320494617927113002651884101495366185123840000000000000000000000000000000000000000000000000000000000000000000000000000000000000000000000000000000000000000000000000000000000000000000000000000000000000000,0.012062689111938911,1,12403209213287409122630392105184293891642262533206142874034087240424940857602252873674724293848357960136206947828579511986077560723669218404162856515337355444083858794060340741232387442775814648589220241090805326148945358904942788931/1036152498918693963174954390869479243462325489791018563188710467563295866880000000000000000000000000000000000000000000000000000000000000000000000000000000000000000000000000000000000000000000000000000000000000000000000000000000000000000,0.011970447618696211,0.9923531567143345
84,4,17/20,65718679797253559378921224569618779896866413927690428562537752750150916498293971061790824541924454734553631326058823051345414966468826631028565677232357494462658538057643311787262482444720643464746844753693071681156262549027673979568426216243978459/5762612513324016973827134914413079916605822419526326884995877044224000000000000000000000000000000000000000000000000000000000000000000000000000000000000000000000000000000000000000000000000000000000000000000000000000000000000000000000000000000000000000,0.011404320461475104,17/20,64954110367241559576666012565127526822773933190549825081530159294883493099301397874051036225927958099297876105155398346223092681305800621003526562135770349045762706288573305802001810893567040045932387551502249281156262549027673979568426216243978459/5762612513324016973827134914413079916605822419526326884995877044224000000000000000000000000000000000000000000000000000000000000000000000000000000000000000000000000000000000000000000000000000000000000000000000000000000000000000000000000000000000000000,0.011271642890626083,0.9883660257270727
84,5,3/4,4059119383618889938867772497627512243712561713035709390992823641463756035318836611781945569438461766908738739204352651255899113984807389070014020188390802537682238207349024547259334967754786312908420365792069422644773050325794898221175872639363/368807200852737086324936634522437114662772634849684920639736130830336000000000000000000000000000000000000000000000000000000000000000000000000000000000000000000000000000000000000000000000000000000000000000000000000000000000000000000000000000000000,0.011006074106561917,3/4,3993867438546715958902603823666501674985276482948938350020850266438254677585485435517133222029719964081521244982181798370435691192601314345289685562016207610247371849110789382877156613295211993937229617361733422644773050325794898221175872639363/368807200852737086324936634522437114662772634849684920639736130830336000000000000000000000000000000000000000000000000000000000000000000000000000000000000000000000000000000000000000000000000000000000000000000000000000000000000000000000000000000000,0.010829147124330274,0.9839246055842785
84,6,7/10,980174109348073251289955506711081284563394072547635399526666609010243121956322975217466038632391755408650540344843293346433375629200001934985801940211309899801643958044701509483904054535763991370798796857488136047170583520758964364958155648023339/90040820520687765216048983037704373696965975305098857578060578816000000000000000000000000000000000000000000000000000000000000000000000000000000000000000000000000000000000000000000000000000000000000000000000000000000000000000000000000000000000000000,0.010885886020139816,7/10,957531431364646282762912451444439289323034817427400365601392605194626502970440118695554739958709003302602856641284769443032821108554472925717767271206746382587573991209023848627667999626541880856260814391355103087170583520758964364958155648023339/90040820520687765216048983037704373696965975305098857578060578816000000000000000000000000000000000000000000000000000000000000000000000000000000000000000000000000000000000000000000000000000000000000000000000000000000000000000000000000000000000000000,0.010634414766851709,0.9768993306724997
84,7,13/20,62995737184402356790619902581290455380603051105056169630090642000286761049612976639430449961890180444474746031696081603248988235943857325957241052089124598967134583262677008348796494154757080870971215604599494277734410586317761994161753216566552099/5762612513324016973827134914413079916605822419526326884995877044224000000000000000000000000000000000000000000000000000000000000000000000000000000000000000000000000000000000000000000000000000000000000000000000000000000000000000000000000000000000000000,0.01093180168521601,13/20,61504105480071774425741954163691292900169146800460151135171984362906221625552416302718161999330823105856853733804947047609569338016695227550296402578837540956440726566832673525821351342176219186239113752064230669802316624856622794161753216566552099/5762612513324016973827134914413079916605822419526326884995877044224000000000000000000000000000000000000000000000000000000000000000000000000000000000000000000000000000000000000000000000000000000000000000000000000000000000000000000000000000000000000000,0.010672955250394701,0.9763217041184191
84,8,3/5,982606090281995779979784457320688981153429654587209942722523336774409614328935924736474995688658595566886197788011321314323894110097664718002934789212165612656401692132523123924204070978392601935583535880388641201837613841750360589913435561209/87930488789734145718797834997758177438443335258885603103574784000000000000000000000000000000000000000000000000000000000000000000000000000000000000000000000000000000000000000000000000000000000000000000000000000000000000000000000000000000000000000,0.011174805278652274,3/5,959358714115813929993593025676637845532855202791030153442115282197970075787626136102080547779264991384643614870290999934826405995978064721917630700803601084848067778605431555361922016986196642598978680770183201201837613841750360589913435561209/87930488789734145718797834997758177438443335258885603103574784000000000000000000000000000000000000000000000000000000000000000000000000000000000000000000000000000000000000000000000000000000000000000000000000000000000000000000000000000000000000000,0.010910421712881672,0.9763411031174148
84,9,11/20,67317713751210807101994253692210096144890116339676730501933955875469263504904311465375134596899219371597250909900133405376627321241325900029537732976313883295816457393140618774248952309415743293006349178751809860401194367285828385609091028806025971/5762612513324016973827134914413079916605822419526326884995877044224000000000000000000000000000000000000000000000000000000000000000000000000000000000000000000000000000000000000000000000000000000000000000000000000000000000000000000000000000000000000000,0.01168180466681774,11/20,65511458498111409212926688494514223448243313533308010852487582580987169682638368276602990558463702887305988251196820201538729615409050486872626192873020177339533122186344117843225772857293364403010499793841953952561194367285828385609091028806025971/5762612513324016973827134914413079916605822419526326884995877044224000000000000000000000000000000000000000000000000000000000000000000000000000000000000000000000000000000000000000000000000000000000000000000000000000000000000000000000000000000000000000,0.011368360851374125,0.9731682026550269
85,0,1,66959238294109363349950634600029312443040448895406457643494063631798044758094853119411409841320673767063715627875995915577496372359292143107200895187139481504579942133411615201256866642967384248931967903273190214836095271349747893539937717643224926503075499/5507326369548472389759666446422821689016974561945249614980163119226652668203314533457159996032714843750000000000000000000000000000000000000000000000000000000000000000000000000000000000000000000000000000000000000000000000000000000000000000000000000000000000000,0.012158211408051914,1,66959238294109363349950634600029312443040448895406457643494063631798044758094853119411409841320673767063715627875995915577496372359292143107200895187139481504579942133411615201256866642967384248931967903273190214836095271349747893539937717643224926503075499/5507326369548472389759666446422821689016974561945249614980163119226652668203314533457159996032714843750000000000000000000000000000000000000000000000000000000000000000000000000000000000000000000000000000000000000000000000000000000000000000000000000000000000000,0.012158211408051914,1.0
85,1,1,114219283297252857118778106176367012879407546097773542253858641185129866243728175223909912342989043968615303276330195373598889426524237119959674200741374492541485956108454344615538192370359721322037786337097275036792741146673523865955849624117375599981731423799/9367962154601951534981192625365219693017873729868869595081257465804536188613838021410629153251647949218750000000000000000000000000000000000000000000000000000000000000000000000000000000000000000000000000000000000000000000000000000000000000000000000000000000000000,0.012192543203341547,1,114215885098005504701741157591815775684648141995279589991944338492592757254905291938248683514287907406521239353633810950783451326655656340820834775986777454862532035113392871093290622328683453491061446396061882906274781551946961365955849624117375599981731423799/9367962154601951534981192625365219693017873729868869595081257465804536188613838021410629153251647949218750000000000000000000000000000000000000000000000000000000000000000000000000000000000000000000000000000000000000000000000000000000000000000000000000000000000000,0.01219218045643979,0.9999702484628755
85,2,1,466728151437708230620830250222468941459756017396235879998072061647371679580654730717075698681825468985528225267489239758210939800296048268099745245513704767205395268986290276445330860765119787699964787400057317609415460746026112997165325742252574485521528493/38551284586839306728317665124959751823118821933616747304861141834586568677423201734200119972229003906250000000000000000000000000000000000000000000000000000000000000000000000000000000000000000000000000000000000000000000000000000000000000000000000000000000000000,0.012106682214087377,1,465718784096951270847867759370434674547814267765049095185936397225191588504889233970680904068498811181069690788230926638991603415518656404172861419886234282906146435200917751873703863486354993943528557054926607436762262503838612997165325742252574485521528493/38551284586839306728317665124959751823118821933616747304861141834586568677423201734200119972229003906250000000000000000000000000000000000000000000000000000000000000000000000000000000000000000000000000000000000000000000000000000000000000000000000000000000000000,0.012080499757352807,0.9978373549192443
85,3,1,109894534857646550943476629542160806629184188170002135570483533480222677943737084776475261904829503946610174214160602205573500908634646332002219950808325542961722313198655593863633441405163446626680232699400069765075457810787564351622083120211125599981731423799/9367962154601951534981192625365219693017873729868869595081257465804536188613838021410629153251647949218750000000000000000000000000000000000000000000000000000000000000000000000000000000000000000000000000000000000000000000000000000000000000000000000000000000000000,0.01173089013854113,1,109195012873238862132544354441031360760287055781929384358174935604097463043127892771627024623082603949671512930849466941593866120842212386156070335420255727334854320931296356370196254659226137756112207794339684352477801560787564351622083120211125599981731423799/9367962154601951534981192625365219693017873729868869595081257465804536188613838021410629153251647949218750000000000000000000000000000000000000000000000000000000000000000000000000000000000000000000000000000000000000000000000000000000000000000000000000000000000000,0.011656218403871061,0.9936346062585021
85,4,17/20,1219173634667968255255297121642814114151219499572303543150884521766809635777315620359613048717373720446074577392634601904858897090953740726780723060253202315986244625394598122916854825322541907126361976528979349806319948739384885072645455778990520209774260822140631076753091/107062424624022303256927915718459653634489985484215652515214371037766127869872434530407190322875976562500000000000000000000000000000000000000000000000000000000000000000000000000000000000000000000000000000000000000000000000000000000000000000000000000000000000000000000000000000,0.011387502561700945,17/20,8458027937393809267588788000122017861445637866316278476086001816288340833454255546386196262066811862335287534402401727394499890439356753868692821315721547652623223002019257317296153109471352941362114069640179575107130603966392008542575807640433641468419825754984417537271637/749436972368156122798495410029217575441429898389509567606500597264362895089107041712850332260131835937500000000000000000000000000000000000000000000000000000000000000000000000000000000000000000000000000000000000000000000000000000000000000000000000000000000000000000000000000000,0.011285842905064012,0.9910726995593538
85,5,3/4,257751500493284243455259191484742914356865075079893425626682903369465337774081560622321493559562752776677519247075938475704570349101888188098952868210525750260342214653313691361396366274657932243145866980508310017072226943153264273887386549392934495811635776611942359211/22937007131576538948150555395469314914555396288211493774376776855206117033958435058593750000000000000000000000000000000000000000000000000000000000000000000000000000000000000000000000000000000000000000000000000000000000000000000000000000000000000000000000000000000000000000,0.011237364099627766,3/4,85096470677983424680311435699983902027376895432523813441804713056820441892288055278738451403301550999694304373144795415947857766831614972319548507383153248139358035615317238387958657772122378944811123363306130173098069813884440359605814782964148738187211925537314119737/7645669043858846316050185131823104971518465429403831258125592285068705677986145019531250000000000000000000000000000000000000000000000000000000000000000000000000000000000000000000000000000000000000000000000000000000000000000000000000000000000000000000000000000000000000000,0.011130022786735009,0.9904478210422751
85,6,7/10,649132072238871673722973659523401458587763435576195230443335974215803991264586308258716247365793823296104625533324085417514030769016750598775578932662389481513960573807281475392191175895968739918820907303048197189388336316692240114515353920753464896459304131629678983047791/57865170986236385692762631612919007352800885818241886963352871298127411137102171778678894042968750000000000000000000000000000000000000000000000000000000000000000000000000000000000000000000000000000000000000000000000000000000000000000000000000000000000000000000000000000000000,0.011218010094418834,7/10,155651285973115422996519583522003580521264164269009812093845967783998917469901611744522843934994354497112712521033461894024914103801301903159366841643004948752878065458837835723760930643692852835641811359102443513575026163030644772369261510269839367300548403986011992880613213/14061236549655441723341319481939318786730615253832778532094747725444960906315827742218971252441406250000000000000000000000000000000000000000000000000000000000000000000000000000000000000000000000000000000000000000000000000000000000000000000000000000000000000000000000000000000000,0.011069530437344753,0.9867641715576675
85,7,13/20,47046911442346641910881904323431640186405318547243008958620745085549548362645889447726780801250074726745229286825456462622550540927915613746051248955382743899324366781827637466181778212523314982568195421661559752623748047913758268968616797405567021645252893706122297442053549/4147092807271651015179006667484407384104881918181095972599372601052891695871949195861816406250000000000000000000000000000000000000000000000000000000000000000000000000000000000000000000000000000000000000000000000000000000000000000000000000000000000000000000000000000000000000000,0.011344552347575395,13/20,46307053814928473462928580972662652894426184869208449369258028180874182961064008622994800348548386146538988247282703573834839636594523226968039974095767508686173499060727560746723553754105433125927474498688721782468551095990834942476307227093067021645252893706122297442053549/4147092807271651015179006667484407384104881918181095972599372601052891695871949195861816406250000000000000000000000000000000000000000000000000000000000000000000000000000000000000000000000000000000000000000000000000000000000000000000000000000000000000000000000000000000000000000,0.011166148424200235,0.9842740446771979
85,8,3/5,1977368186412909963316467428879405873778925375453162880206223753322810476697107011387077378490296314167918725171299804711762392268850287426263548813544191915352562495867940884497744363811652382163084346414904867036921863016038679247207219878798673468647819241113616870963/169526868123739411209265522303473654353908845170630528212947865131232649815729018882848322391510009765625000000000000000000000000000000000000000000000000000000000000000000000000000000000000000000000000000000000000000000000000000000000000000000000000000000000000000000000000,0.011664040091683925,3/5,1938171098014945219046188674335297989451301545609638387655832389973572507519270940420457842363104019017050039706232589713396503137420077467109929669982658734211799483738440990374567359509875874553997576642669333895200061258226179247207219878798673468647819241113616870963/169526868123739411209265522303473654353908845170630528212947865131232649815729018882848322391510009765625000000000000000000000000000000000000000000000000000000000000000000000000000000000000000000000000000000000000000000000000000000000000000000000000000000000000000000000000,0.0114328254834523,0.980177142189654
85,9,11/20,3481822289905208495923416561236561733007574633492309565542229538192147764330598232257456008695437922801771463252504784523492052212129820627292687381716492342193074767154063643670418599662629141146754459933543522137234003514660697471582686170254176714491082258069964087523123/284874687932240668025908340248216651583019745566729289665737212544627254828810691833496093750000000000000000000000000000000000000000000000000000000000000000000000000000000000000000000000000000000000000000000000000000000000000000000000000000000000000000000000000000000000000000,0.012222294353977082,11/20,3403032053181667594460124316489508731586632042443371133207325735378642158631245591009258431638985339499311388939184843744168594380898362063561370144357716455352507976553422523731030117910233747957266111030665258695740740305347543251001631482754176714491082258069964087523123/284874687932240668025908340248216651583019745566729289665737212544627254828810691833496093750000000000000000000000000000000000000000000000000000000000000000000000000000000000000000000000000000000000000000000000000000000000000000000000000000000000000000000000000000000000000000,0.011945715773775947,0.9773709769875458
86,0,1,23250746233243006522125730042523557280728116928151404987229130892563166038692845652639173691036440072420994896921409457944609391122929251018015203482608805209341714422968298963148436810204437141297670194804034449560865316412957615237485116256816417644718599056473175591443/2036329720461177525570772467359157890766985825000000000000000000000000000000000000000000000000000000000000000000000000000000000000000000000000000000000000000000000000000000000000000000000000000000000000000000000000000000000000000000000000000000000000000000000000000000000000,0.01141796733584839,1,23250746233243006522125730042523557280728116928151404987229130892563166038692845652639173691036440072420994896921409457944609391122929251018015203482608805209341714422968298963148436810204437141297670194804034449560865316412957615237485116256816417644718599056473175591443/2036329720461177525570772467359157890766985825000000000000000000000000000000000000000000000000000000000000000000000000000000000000000000000000000000000000000000000000000000000000000000000000000000000000000000000000000000000000000000000000000000000000000000000000000000000000,0.01141796733584839,1.0
86,1,1,23336945210878181727463928909361032884184542799745289937341797207247235238693523112489202011108533892170686237793241124435432353907773179300155699656969647713624147434344106181501194271917418026930293564707836232674123797184321129796373781440417057644718599056473175591443/2036329720461177525570772467359157890766985825000000000000000000000000000000000000000000000000000000000000000000000000000000000000000000000000000000000000000000000000000000000000000000000000000000000000000000000000000000000000000000000000000000000000000000000000000000000000,0.0114602978959581,1,23336357221339632464181741594941203803759672926399155045202014434154250267163119110173868064656497494466953983077677125535943114559575659162168224141874443159299298157857589520913832642785732147873858468811195412694245397184321129796373781440417057644718599056473175591443/2036329720461177525570772467359157890766985825000000000000000000000000000000000000000000000000000000000000000000000000000000000000000000000000000000000000000000000000000000000000000000000000000000000000000000000000000000000000000000000000000000000000000000000000000000000000,0.011460009146286258,0.9999748043485025
86,2,1,23425834668469681209896959356413833353996369859335788316826629445382367954986707541216541171651736873128527748984407476978846153759638226185691162922967447719181314899212297931330313169587228842214878087613119444933791643355229246267483102909222177644718599056473175591443/2036329720461177525570772467359157890766985825000000000000000000000000000000000000000000000000000000000000000000000000000000000000000000000000000000000000000000000000000000000000000000000000000000000000000000000000000000000000000000000000000000000000000000000000000000000000,0.01150394969590893,1,23383404347557215673924238883270294878848350444503809318013567235026790952853162978347061912399129789045554400180401099962001879047256830797082492900925809646843374314064981843967261280064672638643635319985213026563641243355229246267483102909222177644718599056473175591443/2036329720461177525570772467359157890766985825000000000000000000000000000000000000000000000000000000000000000000000000000000000000000000000000000000000000000000000000000000000000000000000000000000000000000000000000000000000000000000000000000000000000000000000000000000000000,0.011483113030566318,0.9981887381383436
86,3,1,23004856295632328119796985037423331912342593385607253005859998452991528503394831624531478257888035886497121187207615855067568855093080804212257267913531984257156713064556838653520115315364594372182052990908772803885001008754773848179703759194426657644718599056473175591443/2036329720461177525570772467359157890766985825000000000000000000000000000000000000000000000000000000000000000000000000000000000000000000000000000000000000000000000000000000000000000000000000000000000000000000000000000000000000000000000000000000000000000000000000000000000000,0.011297215801781996,1,22883848184347590510352321900556815730638017757975696770883683889713167949982367501546663006906124397578441755197986777913757976820610672108674228997945382166142562344811734551826590525173009333734668441368722889036130608754773848179703759194426657644718599056473175591443/2036329720461177525570772467359157890766985825000000000000000000000000000000000000000000000000000000000000000000000000000000000000000000000000000000000000000000000000000000000000000000000000000000000000000000000000000000000000000000000000000000000000000000000000000000000000,0.011237791185979928,0.9947398884074876
86,4,17/20,106803373540518082976193199103539528057095925365555746798670653484834638908444470929580460842771177508799244340065489417621865055151591160297967043448309547323203338338539724101889978382417802329091509239381146272376621868044212251736431858255366648004302357521139041483829756167865051/9582728096287894237980105728748978309491698000000000000000000000000000000000000000000000000000000000000000000000000000000000000000000000000000000000000000000000000000000000000000000000000000000000000000000000000000000000000000000000000000000000000000000000000000000000000000000000000000,0.011145403737573542,17/20,106213036612853979262478541225871899282093153346304245792263535197132757255437992703016204841014589699594082374343418753156056804698104192441098880982268249164760169835613994500263272587247483007291739008318222175935292965775004714757347436491322229003982357521139041483829756167865051/9582728096287894237980105728748978309491698000000000000000000000000000000000000000000000000000000000000000000000000000000000000000000000000000000000000000000000000000000000000000000000000000000000000000000000000000000000000000000000000000000000000000000000000000000000000000000000000000,0.01108379947188507,0.9944726752714403
86,5,4/5,444149728743427139549479114790009804942573011923029464524247945979877454599158907224993058460121068869345045954016417955257039198492346794682205205169675764816826571023470677584881713384159420949967080733322630340622612219318894206901430221121239332150147919967398227454979155927853/39772064852757373546304149753108552554042691894531250000000000000000000000000000000000000000000000000000000000000000000000000000000000000000000000000000000000000000000000000000000000000000000000000000000000000000000000000000000000000000000000000000000000000000000000000000000000000000,0.011167379173994144,3/4,115246034458141210004327212140585630715536905176021100593720483051328703275770729310061730650364969833135268570864272640741220512019385472852593335844066032510144688954126054326071342009124472315829119060099089172380012049024565049691298265642017277028136442234146171186838116228019/10426008168761228930922355032878888400726967424000000000000000000000000000000000000000000000000000000000000000000000000000000000000000000000000000000000000000000000000000000000000000000000000000000000000000000000000000000000000000000000000000000000000000000000000000000000000000000000,0.011053706518612313,0.9898210087066315
86,6,7/10,28798176732754270535132150445557708934308143847512052257431535925976601322572706447586939943965605307727626639257047729595976582593787900616082126868613450237392172835552247923827794994367522405834180881745730271641287640282592089154720895480289519081769369369988830331803585915577307/2545412150576471906963465584198947363458732281250000000000000000000000000000000000000000000000000000000000000000000000000000000000000000000000000000000000000000000000000000000000000000000000000000000000000000000000000000000000000000000000000000000000000000000000000000000000000000000000,0.011313757862840485,7/10,28543810733309463244922997955759929236497551821889860849470883887463894777685935218698196639198142513974184922129415428294338071625747270113662377669040322501400136785951743264049769695903729645173440106132905761935955361068512089154720895480289519081769369369988830331803585915577307/2545412150576471906963465584198947363458732281250000000000000000000000000000000000000000000000000000000000000000000000000000000000000000000000000000000000000000000000000000000000000000000000000000000000000000000000000000000000000000000000000000000000000000000000000000000000000000000000,0.011213826698692,0.9911672880611397
86,7,13/20,50989158554926398261117057673227482374802892503338501189441431154067760129646549242692868606219758219464379497642873857083795128008512309222106545047293302158589872440875105105164732871820029461281674869019149759815418609771259866488740475428778569938429595064175573955547767768905210012886280643/4420001745471885164539111767510205575186368146696905722493164062500000000000000000000000000000000000000000000000000000000000000000000000000000000000000000000000000000000000000000000000000000000000000000000000000000000000000000000000000000000000000000000000000000000000000000000000000000000000000000,0.011536004167229741,13/20,50313659631165002175586433799561912767507952704394143093924721988063193223221666441737275169091082259525411177219484101698252699153521134271231896520476497753954584382665106011472815930814744250698550343923285584411472432501780830889155195428778569938429595064175573955547767768905210012886280643/4420001745471885164539111767510205575186368146696905722493164062500000000000000000000000000000000000000000000000000000000000000000000000000000000000000000000000000000000000000000000000000000000000000000000000000000000000000000000000000000000000000000000000000000000000000000000000000000000000000000,0.011383176416776155,0.9867521068614274
86,8,3/5,1168096442305156056015471361413354400325527217844506359210459669830714094108223088497056774346690060498019252024499891252968472478092451593122778840124926018889034190507659071052044626580355178097060412351973039516464713026695518765446864058159166799865901875700016645244480658035780641913/97957696862799288670915630343572647331561765687606594830751419067382812500000000000000000000000000000000000000000000000000000000000000000000000000000000000000000000000000000000000000000000000000000000000000000000000000000000000000000000000000000000000000000000000000000000000000000000000000,0.011924498836892887,3/5,1148504230035481973349365619894389232298284581389716883518254292724486736398289848040085807242468354577120085166170075274122317308897846941183386568369486802851083061603813279957531005208425143769197073833534799736036587264649648685446864058159166799865901875700016645244480658035780641913/97957696862799288670915630343572647331561765687606594830751419067382812500000000000000000000000000000000000000000000000000000000000000000000000000000000000000000000000000000000000000000000000000000000000000000000000000000000000000000000000000000000000000000000000000000000000000000000000000,0.011724491967630585,0.983227230594924
86,9,11/20,227861732716040292172984665159332069553049537335486112886551306717320049208040608711411424464065013297337659929792367935886788760689848228654896187167345943819372957707845400776484644865061935775414347263967342498696196817005083438698658463341098200173874286036225975002134938347419709262876129/18189307594534506849955192458889734877310156982291793096679687500000000000000000000000000000000000000000000000000000000000000000000000000000000000000000000000000000000000000000000000000000000000000000000000000000000000000000000000000000000000000000000000000000000000000000000000000000000000000000,0.012527235109516088,11/20,223468892440665782927005955532311386915519258263936440459846627540109800734778843231790726714864466377979655105778857252937303636983849967862010684322695553196660754931733053988285320432890294794774839299453620082598442969033475989262498463341098200173874286036225975002134938347419709262876129/18189307594534506849955192458889734877310156982291793096679687500000000000000000000000000000000000000000000000000000000000000000000000000000000000000000000000000000000000000000000000000000000000000000000000000000000000000000000000000000000000000000000000000000000000000000000000000000000000000000,0.01228572837526885,0.9807214655000941
87,0,1,410951653488047750968878373064122609427241905798232442029763581498219885601012897715738845461362970155813080620547422075285348486161970274157276064682777102579714589886029587831530887785620396504556122033613997515489306822207432855556493/38640097528058800057345097332786507223231374058911151611306375642285700922288982514844705281144269728243669122496467549510157368786167353391647338867187500000000000000000000000000000000000000000000000000000000000000000000000000000000000000,0.01063536791514649,1,410951653488047750968878373064122609427241905798232442029763581498219885601012897715738845461362970155813080620547422075285348486161970274157276064682777102579714589886029587831530887785620396504556122033613997515489306822207432855556493/38640097528058800057345097332786507223231374058911151611306375642285700922288982514844705281144269728243669122496467549510157368786167353391647338867187500000000000000000000000000000000000000000000000000000000000000000000000000000000000000,0.01063536791514649,1.0
87,1,1,702225587305789893405271533283367133491583623238049640673415987779831310360297952864046100108943247733888794467774628491162501525291097303719795547083081411849602962678444052655814164472283038313295260310303014894125602883410902857614094593/65726805895228018897544010563069848786716567274207868890832144967527977268813559257750843683226402807742481177366491301716777684305270668119192123413085937500000000000000000000000000000000000000000000000000000000000000000000000000000000000000,0.010684005981139177,1,702210782427757179456420125583471095570807778813303367032610230960718452404700631402921332831265864405161232278080301909362890288147909727137524263766289414770587185099266679386528320614763425401124255928413653937277935189319105982614094593/65726805895228018897544010563069848786716567274207868890832144967527977268813559257750843683226402807742481177366491301716777684305270668119192123413085937500000000000000000000000000000000000000000000000000000000000000000000000000000000000000,0.010683780732432336,0.9999789172050971
87,2,1,708412559169630467980121153017135852811800451100000470211492959370958454524562489093314996751771612908014686072882840197536847697622795872859046159204005020488417663677191717846833280192029223301853482059193495335030974425387831568551594593/65726805895228018897544010563069848786716567274207868890832144967527977268813559257750843683226402807742481177366491301716777684305270668119192123413085937500000000000000000000000000000000000000000000000000000000000000000000000000000000000000,0.010778137618597765,1,708185648638167674622556213299417960216583217843306491598513225517560583354468407606688214751371424889767701120783248824387664256436519357090886327154917152892638509691663823415476402858562304935436997272297460259843291319919081568551594593/65726805895228018897544010563069848786716567274207868890832144967527977268813559257750843683226402807742481177366491301716777684305270668119192123413085937500000000000000000000000000000000000000000000000000000000000000000000000000000000000000,0.010774685290002571,0.9996796915462245
87,3,1,707964250575895384406324692036625637670129966184401630858894558716406044673151139340216586837882797609909520493459634704408251461387892703139393062853977837888871905091199382373989235230476225759809564605020207752834894675326796412301594593/65726805895228018897544010563069848786716567274207868890832144967527977268813559257750843683226402807742481177366491301716777684305270668119192123413085937500000000000000000000000000000000000000000000000000000000000000000000000000000000000000,0.010771316830828926,1,704914827475679346619527542068378982156148045500000873816498104006795743890902196058626148686713879372456176912764813860705619941402919684703360050242881317974856487241031834863663898193664104034501612458043021549831964987826796412301594593/65726805895228018897544010563069848786716567274207868890832144967527977268813559257750843683226402807742481177366491301716777684305270668119192123413085937500000000000000000000000000000000000000000000000000000000000000000000000000000000000000,0.010724921405725247,0.9956926877342529
87,4,9/10,5448754995712251721712775668665269270044405933542827544296995737910806209231261499031016389009298845884704163143096733359079398487561057202972557204229656625039219474859257862670322248553504546322014166004970881931839187111198723244617552958449221051/507151280055771750752654402492822907304911784523208864898396180304999824605042895507336756815018540183198157232766136587320815465318446513265371322631835937500000000000000000000000000000000000000000000000000000000000000000000000000000000000000000000000,0.010743845495397445,9/10,5411888411968009885440625262092725281186483551525642802476839774875204811190093004059370288918213427092432446350010111582226779012396613483285799433486366072783951984009640846385536450169329058955565442746735231339549508790658533501575560770949221051/507151280055771750752654402492822907304911784523208864898396180304999824605042895507336756815018540183198157232766136587320815465318446513265371322631835937500000000000000000000000000000000000000000000000000000000000000000000000000000000000000000000000,0.010671152030559523,0.9932339435755043
87,5,4/5,992741318956792294531838855869805296828277588645580203767563260541929925145755975310596244307405899222160131563139155130723747517191531255281536223249823424509011876589413026650598568560816272775250413355262968303340133320799827171266420690791377123/91694762688655160292332604022139856008254139612455174233861809385502200430822487803781868977715405702765738249674234516903986724756236981193069368600845336914062500000000000000000000000000000000000000000000000000000000000000000000000000000000000000000,0.010826586926535754,4/5,987390487282683604372230768168591220786325985228373863899166428784889659057428113188322154172896474587615945135195080009917196023435844285397643700806185726315992358409252097838926212104725761432664162379534933330195602070799827171266420690791377123/91694762688655160292332604022139856008254139612455174233861809385502200430822487803781868977715405702765738249674234516903986724756236981193069368600845336914062500000000000000000000000000000000000000000000000000000000000000000000000000000000000000000,0.010768232103237097,0.994610044357042
87,6,7/10,1871377287194645773976026688180148328318711402476498431777185356781070914041098505655820457203902068690005669944728031911151461650724350726596717462409988382515253870402944113257377723847504156172272238107111478360394493450415862430758439973843122313/169050426685257250250884800830940969101637261507736288299465393434999941535014298502445585605006180061066052410922045529106938488439482171088457107543945312500000000000000000000000000000000000000000000000000000000000000000000000000000000000000000000000,0.011069935307994386,7/10,1857317140186404946884845681986333021290957373442614063580401936677096078916278548861285229832349648322300871782168509134480450396552884816600446905658135167433371434321341506439950062718321523369232107245024779889291629900229705204195939973843122313/169050426685257250250884800830940969101637261507736288299465393434999941535014298502445585605006180061066052410922045529106938488439482171088457107543945312500000000000000000000000000000000000000000000000000000000000000000000000000000000000000000000000,0.010986763988738161,0.9924867384549065
87,7,13/20,4306758662881170213145584008569360879593656790088953321434501209336922690473316328999163934097498341536586235726861214883673913143306056200346462738572143453268362488259677060381856603955031830297033112299036263682162410271544893732044229500704521956517/375581747972731536557394346074684850209808955852616393661897971243017012964648910044290535332722301758528463870665664581238729624601546674966812133789062500000000000000000000000000000000000000000000000000000000000000000000000000000000000000000000000000000,0.011466900844164171,13/20,4260907610221436448550815715703825555816585655238709611641705676119106798743864752650620154163478044656650370745311591214371662538057723112463736967457976373353174976291000925244780630025590135552869667098190362598054474086225917091342935555392021956517/375581747972731536557394346074684850209808955852616393661897971243017012964648910044290535332722301758528463870665664581238729624601546674966812133789062500000000000000000000000000000000000000000000000000000000000000000000000000000000000000000000000000000,0.011344820756654,0.9893536981640249
87,8,3/5,3373735712070296390327277116173976387413928993584388522482569575549566589949461640248646907467115596796303035245359112855871270072485347757632132210822797601920176682694584563576950977058167287338622272034789341078696104084414376845527889660581045299529101/281730612059739091103344084519328948485398142429058211192767413081708124128344676733186848063525739580814362221505842143187692272476851940155029296875000000000000000000000000000000000000000000000000000000000000000000000000000000000000000000000000000000000000,0.01197504128999272,3/5,23279151491500345947869753218040434629685223788565911507537870087688673202974241767413388786421939716314180138493090617639759996797793863675885123216731570039471948878024223050596774660931977946165814440717628965353325220187241771036371008874067317096703707/1972114284418173637723408591635302639397786997003407478349371891571956868898412737132307936444680177065700535550540895002313845907337963581085205078125000000000000000000000000000000000000000000000000000000000000000000000000000000000000000000000000000000000000,0.011804159462476748,0.9857301679904208
87,9,11/20,1630315117436046118305605219221479177841146585764258009086155679827341897021018335297840042720443199954180383920842429884417317788925651847341057384481021779845282467141143628488435179548513724217696401601945748085300583702834359278389753266964210585648129050683/129244481743629427521841305461411193775573368635615312501104436286059765360126377140702932922838560084177750297840248094871640205383300781250000000000000000000000000000000000000000000000000000000000000000000000000000000000000000000000000000000000000000000000000000,0.012614195170591149,11/20,1603381866067892249969390648360981966633572748463592153948640809695101697927855432134937874082376440968369081656666209128700810370296780255933716119321225333683812422280594071226021497772769310530562947345511553681589335635843923532851773738656295851761410300683/129244481743629427521841305461411193775573368635615312501104436286059765360126377140702932922838560084177750297840248094871640205383300781250000000000000000000000000000000000000000000000000000000000000000000000000000000000000000000000000000000000000000000000000000,0.01240580521842608,0.9834797266613641
88,0,1,14440863081628940049923516950948700223883628637544787102328237571236407872389703045623760537269185767040293023420278674430040808848183563267555104601866827280353014626112554780037974561013317861781322717199268447070971362180812177980411422362100556998185045110384206995323293/1470724925815340973972169171075972013632347864150000000000000000000000000000000000000000000000000000000000000000000000000000000000000000000000000000000000000000000000000000000000000000000000000000000000000000000000000000000000000000000000000000000000000000000000000000000000000,0.009818874235522464,1,14440863081628940049923516950948700223883628637544787102328237571236407872389703045623760537269185767040293023420278674430040808848183563267555104601866827280353014626112554780037974561013317861781322717199268447070971362180812177980411422362100556998185045110384206995323293/1470724925815340973972169171075972013632347864150000000000000000000000000000000000000000000000000000000000000000000000000000000000000000000000000000000000000000000000000000000000000000000000000000000000000000000000000000000000000000000000000000000000000000000000000000000000000,0.009818874235522464,1.0
88,1,1,14519147862155625141073626724472869149309830336743510695361910526534431243779388843488013966564218757743728531395132078173193988393315894817842120246924939279728255579614001667750525260184519293099760236811001735668377788775280271612188201373778997958185045110384206995323293/1470724925815340973972169171075972013632347864150000000000000000000000000000000000000000000000000000000000000000000000000000000000000000000000000000000000000000000000000000000000000000000000000000000000000000000000000000000000000000000000000000000000000000000000000000000000000,0.009872102938696368,1,14518895269999839358255009757789045139561346997684575789556191210758408987084920821171249948863348870573184217484872119292671420996851848760502427806348955430998574068667858848793905543780002971746427707336586605351643734375280271612188201373778997958185045110384206995323293/1470724925815340973972169171075972013632347864150000000000000000000000000000000000000000000000000000000000000000000000000000000000000000000000000000000000000000000000000000000000000000000000000000000000000000000000000000000000000000000000000000000000000000000000000000000000000,0.009871931191994213,0.9999826028250292
88,2,1,14693555521003943547891772227450095276553499878996666212152380575427674398897736870350258262377727654619599417531987917755663069307276711524806335817868930209322142328499486800139557484195987920522394562271336027624206668558684552507518538408814320838185045110384206995323293/1470724925815340973972169171075972013632347864150000000000000000000000000000000000000000000000000000000000000000000000000000000000000000000000000000000000000000000000000000000000000000000000000000000000000000000000000000000000000000000000000000000000000000000000000000000000000,0.009990689124180122,1,14689682767757150157586666444199796787536754127617269647072152757310475764468199354711511182211119560210263920298194772553703585770460421179291797349724929737214815775205793986419931518017102778869074090680693942556461798158684552507518538408814320838185045110384206995323293/1470724925815340973972169171075972013632347864150000000000000000000000000000000000000000000000000000000000000000000000000000000000000000000000000000000000000000000000000000000000000000000000000000000000000000000000000000000000000000000000000000000000000000000000000000000000000,0.00998805589672962,0.9997364318499183
88,3,1,14868385441709615291876846482309043822866768960775655910214951366896474116208807057372971773138066695380622252826025650714711292886435162780259552639729665665760593221098061173005732217246708939840685959122736361429286801531025020666402433467206525638185045110384206995323293/1470724925815340973972169171075972013632347864150000000000000000000000000000000000000000000000000000000000000000000000000000000000000000000000000000000000000000000000000000000000000000000000000000000000000000000000000000000000000000000000000000000000000000000000000000000000000,0.010109562421040002,1,14850133293102301590476179264592835993209062151587152629877047511487627232851745424180534916665670676274071435555306021982014812197537095139701015142853370004258688729362488746934443388441462910220751071695110805773828395131025020666402433467206525638185045110384206995323293/1470724925815340973972169171075972013632347864150000000000000000000000000000000000000000000000000000000000000000000000000000000000000000000000000000000000000000000000000000000000000000000000000000000000000000000000000000000000000000000000000000000000000000000000000000000000000,0.010097152113519582,0.9987724189234353
88,4,19/20,598220234033370933217611583959695451366802887652120379813476053308552785726020082343901199811113770260433938973756154178615409108928446114259987646846804718260875920556899283698649692595412970327603034983492384604411282436061538711050767637290737368915808246924808842929036200798075667199/58828997032613638958886766843038880545293914566000000000000000000000000000000000000000000000000000000000000000000000000000000000000000000000000000000000000000000000000000000000000000000000000000000000000000000000000000000000000000000000000000000000000000000000000000000000000000000000000000,0.010168798793250366,9/10,9311974578184361509844948293146809719497558721945238989701542248560279463950354662556463726480349494554509530940590763880240233006106936210572725812759614799929901972890238928117544855122786328767947841359794357686552182223757184828707822482307068139806551348352556627254327991884002439/919203078634588108732605731922482508520217415093750000000000000000000000000000000000000000000000000000000000000000000000000000000000000000000000000000000000000000000000000000000000000000000000000000000000000000000000000000000000000000000000000000000000000000000000000000000000000000000000,0.010130486716838078,0.9962323891748435
88,5,4/5,148629578816501817000412573327573378630726396987463577072626435395764723817185486377431175469879626538097660063126433323876437502964620273703969391836856825402972824734101939270857185025243493737278514420917140221038981954082180304354075376114326946900409372026390491687250628819270809/14362548103665439198946964561288789195628397110839843750000000000000000000000000000000000000000000000000000000000000000000000000000000000000000000000000000000000000000000000000000000000000000000000000000000000000000000000000000000000000000000000000000000000000000000000000000000000000000,0.01034841295177771,4/5,147958943618660286518993736674647250129994084713804729155719439489876840234226439082001932810896700229334625602630482638810430399812752717570997079264727408711113022843710225110578871257933852671466004239116046776703310248482180304354075376114326946900409372026390491687250628819270809/14362548103665439198946964561288789195628397110839843750000000000000000000000000000000000000000000000000000000000000000000000000000000000000000000000000000000000000000000000000000000000000000000000000000000000000000000000000000000000000000000000000000000000000000000000000000000000000000,0.010301719621805825,0.9954878752723272
88,6,7/10,9813199858980632782386618957166022556530852079809245734838194008342318085955977448586105568402408046201081224664325850166057531854846645455769458216344161786072405967798302841756044565031688577697174967564484385404511860858866940668570234365009498236619778797723793758062428685196189671/919203078634588108732605731922482508520217415093750000000000000000000000000000000000000000000000000000000000000000000000000000000000000000000000000000000000000000000000000000000000000000000000000000000000000000000000000000000000000000000000000000000000000000000000000000000000000000000000,0.01067576913858628,7/10,9750561552988671618793556207823809331777387098685919041119135988102989917466401490631373151523343838207604954046272941944698424142797910517386164551378232014394190416320561077747841337756445484305911941666718062317697633191554300668570234365009498236619778797723793758062428685196189671/919203078634588108732605731922482508520217415093750000000000000000000000000000000000000000000000000000000000000000000000000000000000000000000000000000000000000000000000000000000000000000000000000000000000000000000000000000000000000000000000000000000000000000000000000000000000000000000000,0.01060762499563475,0.9936169336310177
88,7,13/20,654808566473854173585486654572467548371542014203591185291565361544416320036143532154281575554034855886953819335438874185858134000324188532370571224053642681075484049013622922500977400405220883430564034371012904312397982668435898520759336236523739750988740399564059034219976144910569749311/58828997032613638958886766843038880545293914566000000000000000000000000000000000000000000000000000000000000000000000000000000000000000000000000000000000000000000000000000000000000000000000000000000000000000000000000000000000000000000000000000000000000000000000000000000000000000000000000000,0.01113071103542427,13/20,648852110606102939661802990530907094729759745408794712079431282505853764790459750161136464851863875449263377050416462116195681483333831267716895128427944322333716496142421447277509092788475939900472817980036199404437346770189806360759336236523739750988740399564059034219976144910569749311/58828997032613638958886766843038880545293914566000000000000000000000000000000000000000000000000000000000000000000000000000000000000000000000000000000000000000000000000000000000000000000000000000000000000000000000000000000000000000000000000000000000000000000000000000000000000000000000000000,0.011029460696846355,0.9909035156643922
88,8,3/5,21056444861304381640506454621194545930287814115460070373388725606344710128834442359888008789389103507244826649255466486231561993376077659688449649640773494012051422243076415219747970388358939656249854627959470164295682380516811199287796600017455600596944625370831580164575948554698327/1795318512958179899868370570161098649453549638854980468750000000000000000000000000000000000000000000000000000000000000000000000000000000000000000000000000000000000000000000000000000000000000000000000000000000000000000000000000000000000000000000000000000000000000000000000000000000000000,0.011728528787133869,3/5,20810759035276351100636703563307049338145635095347076513224074059474648822035833090992031677462909088818719881192792041932154436648297399708911312255436118698549424576488397314972305790471445670979906136674507988192103104761291199287796600017455600596944625370831580164575948554698327/1795318512958179899868370570161098649453549638854980468750000000000000000000000000000000000000000000000000000000000000000000000000000000000000000000000000000000000000000000000000000000000000000000000000000000000000000000000000000000000000000000000000000000000000000000000000000000000000,0.01159168074359467,0.9883320366925031
88,9,11/20,14010887123938507957419951182173848564780274950958264967962582175835289329222716150777038109719388990321862595439168198457294592677134252429577866570893415927557126748857306432806797637870372679575279080880324407013953662935026515148979857347788003070696637988616185375246956278056535191293107267/1120902188268244487741886784682426350705404767971490833410053014755249023437500000000000000000000000000000000000000000000000000000000000000000000000000000000000000000000000000000000000000000000000000000000000000000000000000000000000000000000000000000000000000000000000000000000000000000000000000000,0.012499651861314366,11/20,13812054071604599253271783002511641157792837967319464984113697355778416853406248420722210070922540933356754017254770279209480716649382058287931188648844287065593666474007364308386271676865779970161388258178769839046781370794856760688543377347788003070696637988616185375246956278056535191293107267/1120902188268244487741886784682426350705404767971490833410053014755249023437500000000000000000000000000000000000000000000000000000000000000000000000000000000000000000000000000000000000000000000000000000000000000000000000000000000000000000000000000000000000000000000000000000000000000000000000000000,0.012322265239702805,0.9858086750271373
89,0,1,538946023591788447787945313102975417429280877299323155816540780390861774215313928241632939880093517780294086523220113555244961269735390341131241235889302948008402850955941685169054776128182475652223224733799/60044910437033329759444178740343285097084109460664687500000000000000000000000000000000000000000000000000000000000000000000000000000000000000000000000000000000000000000000000000000000000000000000000000000000000,0.008975715338221037,1,538946023591788447787945313102975417429280877299323155816540780390861774215313928241632939880093517780294086523220113555244961269735390341131241235889302948008402850955941685169054776128182475652223224733799/60044910437033329759444178740343285097084109460664687500000000000000000000000000000000000000000000000000000000000000000000000000000000000000000000000000000000000000000000000000000000000000000000000000000000000,0.008975715338221037,1.0
89,1,1,22462768336165355926695031060813940884652399805480055101330836767597412784863772407881747951101940294165400874995555197219086354021162797182795281288333198829528031597069147849371184468690543079234098065897/2487067296208481114296504444866289915263838853400312500000000000000000000000000000000000000000000000000000000000000000000000000000000000000000000000000000000000000000000000000000000000000000000000000000000000,0.00903182972588225,1,22462450957267854127056546469603461574600133858505851728700426479132569457073550342339401686645369696696580239756454303163717186827418140126697868457930659546300666144030554424808684468690543079234098065897/2487067296208481114296504444866289915263838853400312500000000000000000000000000000000000000000000000000000000000000000000000000000000000000000000000000000000000000000000000000000000000000000000000000000000000,0.009031702114177498,0.9999858708912119
89,2,1,3853507427097482486267573833954614195481609129284754422585234352856004680798313306626017741761779762503770051698446381290998974818906555957388408440426141958148875641387411206249770402142975132865562573136593/420314373059233308316109251182402995679588766224652812500000000000000000000000000000000000000000000000000000000000000000000000000000000000000000000000000000000000000000000000000000000000000000000000000000000000,0.009168155252579056,1,3852684509373958237140594930883577331715250010940480849201503577073639537292906871483501177597021237684418694102696206185226381782757342018561680808512929333222079456371054586232770402142975132865562573136593/420314373059233308316109251182402995679588766224652812500000000000000000000000000000000000000000000000000000000000000000000000000000000000000000000000000000000000000000000000000000000000000000000000000000000000,0.009166197390140199,0.99978644968536
89,3,1,3923319320684740642232517312797360411567898841747832102553839489312779849079067398424785686962464545458276870342844316165168428323025137941651062549560641202556347831535095401176504113700097386990562573136593/420314373059233308316109251182402995679588766224652812500000000000000000000000000000000000000000000000000000000000000000000000000000000000000000000000000000000000000000000000000000000000000000000000000000000000,0.009334249723912825,1,3919436069596287829251111641276911671249954431892046156309660724992465884554564937516305273735060294159511622280419499985463290095074713617802713244366204512876942144889790012340441613700097386990562573136593/420314373059233308316109251182402995679588766224652812500000000000000000000000000000000000000000000000000000000000000000000000000000000000000000000000000000000000000000000000000000000000000000000000000000000000,0.009325010803387246,0.999010212839934
89,4,19/20,255245781331867639569985852681605996634132447055431056663489090821428075101158476611362287713864276463135391061197738003753558573689709480299100697088742216707364925718406172683817427791739475647320165771892229563496021977/26900119875790931732230992075673791723493681038377780000000000000000000000000000000000000000000000000000000000000000000000000000000000000000000000000000000000000000000000000000000000000000000000000000000000000000000000000000,0.009488648471101386,19/20,254618557747094794288508463497075031821822809463409381678351803717707837762249217070521971817020278623150777792573382463451322402995584264570701196452270790088319984418582481795961348123859475647320165771892229563496021977/26900119875790931732230992075673791723493681038377780000000000000000000000000000000000000000000000000000000000000000000000000000000000000000000000000000000000000000000000000000000000000000000000000000000000000000000000000000,0.009465331713121533,0.9975426681628193
89,5,4/5,64085583937412806684360487324606695936092728099751915787190518656691600319995128602039451927134412261389690215830482771250981494672283405066335175465463014170903616673196558687476706531400563523035757272403925281426007/6567412079050520442439207049725046807493574472260200195312500000000000000000000000000000000000000000000000000000000000000000000000000000000000000000000000000000000000000000000000000000000000000000000000000000000000000000,0.009758118291654076,4/5,63844958113323344914717131937469520195520484674600343487570518221720917975653752290123430775900541203831973727180618623807413365531364740459104306786957872442975687327521640797735906531400563523035757272403925281426007/6567412079050520442439207049725046807493574472260200195312500000000000000000000000000000000000000000000000000000000000000000000000000000000000000000000000000000000000000000000000000000000000000000000000000000000000000000,0.009721478924245255,0.9962452425443379
89,6,7/10,4265548897665370960215157733899779592141350929816857853678564076968758223667702298648137463168342422674098897905989124764590554994424485897230759537888072242559302226493324263536911969682489108108659382516604934470218033/420314373059233308316109251182402995679588766224652812500000000000000000000000000000000000000000000000000000000000000000000000000000000000000000000000000000000000000000000000000000000000000000000000000000000000000000000000,0.010148472598304991,7/10,4242497719486862757011794475760078685776958135537089765835332339976677839357226663182014398388309658935734280545671909436534964946490624833547210068824980421086246325488757359398108459912489108108659382516604934470218033/420314373059233308316109251182402995679588766224652812500000000000000000000000000000000000000000000000000000000000000000000000000000000000000000000000000000000000000000000000000000000000000000000000000000000000000000000000,0.010093629890903073,0.99459596438078
89,7,13/20,40918594981915330108490047412295808321833335447564061276656546865014724871204069324756220532065324147037826756940304043579374915355364859351947042690763003911734518283408883308227576158121238960673289336165783615078627679/3842874267970133104604427439381970246213383005482540000000000000000000000000000000000000000000000000000000000000000000000000000000000000000000000000000000000000000000000000000000000000000000000000000000000000000000000000000,0.010647914068635187,13/20,40601339735222899850426873900302393379858492286986787268586340656090198528136325270841898511265417467855058384518159779561355121274818541634702741985391970322035293428062227061855775893410145210673289336165783615078627679/3842874267970133104604427439381970246213383005482540000000000000000000000000000000000000000000000000000000000000000000000000000000000000000000000000000000000000000000000000000000000000000000000000000000000000000000000000000,0.010565357309144848,0.9922466730142459
89,8,3/5,4628315661703411689760964049336361351379283271881725031445153813103717273399962714169473217392358646531326956240624072440322381645765550068715746456495670171212046164033631912585543052154741503958619609211666903204673/410463254940657527652450440607815425468348404516262512207031250000000000000000000000000000000000000000000000000000000000000000000000000000000000000000000000000000000000000000000000000000000000000000000000000000000000000,0.011275834331071969,3/5,4581945378481309496321708812826464078040845027436405930222063577858642629043154624860604103285968657082591077454208007656921616187213895080125748033776647306711736551302549810869359372154741503958619609211666903204673/410463254940657527652450440607815425468348404516262512207031250000000000000000000000000000000000000000000000000000000000000000000000000000000000000000000000000000000000000000000000000000000000000000000000000000000000000,0.01116286372368153,0.9899811753105371
89,9,11/20,324448701238892193295992556725759021527389085690222780322117438099291305731723412069761255201543866689151987502690264686521774829565702299419919946735023089232794006685163621774327147281910706041393235516511564074392118537/26900119875790931732230992075673791723493681038377780000000000000000000000000000000000000000000000000000000000000000000000000000000000000000000000000000000000000000000000000000000000000000000000000000000000000000000000000000,0.012061236259801336,11/20,320618362219304771465434293619493110276632723302174588334969320909945259519715012408827449674445305236619750647961531272973775612568360373449676706295642627081303235490210137095858076667833049791393235516511564074392118537/26900119875790931732230992075673791723493681038377780000000000000000000000000000000000000000000000000000000000000000000000000000000000000000000000000000000000000000000000000000000000000000000000000000000000000000000000000000,0.011918845109231238,0.9881943154496798
